CustID,Churn,AccountWeeks,ContractRenewal,DataPlan,DataUsage,CustServCalls,DayMins,DayCalls,MonthlyCharge,OverageFee,RoamMins
08f130561ce3477687f5a2604e5859b2,0,128,1,1,2.7,1,265.1,110,89.0,9.87,10.0
cabd806722c94ac9972e0b5bf5709a99,0,107,1,1,3.7,1,161.6,123,82.0,9.78,13.7
4b5c40f6ba764a81ae0858026d72f5d9,0,137,1,0,0.0,0,243.4,114,52.0,6.06,12.2
1f8deb90ee6f47ca8ce6dbd206db63ce,0,84,0,0,0.0,2,299.4,71,57.0,3.1,6.6
cb074de5b4cc49519660cc4109988bee,0,75,0,0,0.0,3,166.7,113,41.0,7.42,10.1
fee25c1cb98e4c0a8e179b13898ebdd8,0,118,0,0,0.0,0,223.4,98,57.0,11.03,6.3
831953077e994e238413156101554544,0,121,1,1,2.03,3,218.2,88,87.3,17.43,7.5
e5711cafad78489e882966cdbbac54bc,0,147,0,0,0.0,0,157.0,79,36.0,5.16,7.1
b02566f68fdf46c2b148906f83457340,0,117,1,0,0.19,1,184.5,97,63.9,17.58,8.7
127501b1e09646688276fd3ec9ee03f7,0,141,0,1,3.02,0,258.6,84,93.2,11.1,11.2
3248d7314e2148059e3a60968a37bdb4,1,65,1,0,0.29,4,129.1,137,44.9,11.43,12.7
ceeb6f775d5244d38d7f62e7d9cec2b9,0,74,1,0,0.34,0,187.7,127,49.4,8.17,9.1
3df609e674b44e69b451ce31069e3288,0,168,1,0,0.0,1,128.8,96,31.0,5.25,11.2
a27f7faa99654e8ca4887d167c31e18e,0,95,1,0,0.44,3,156.6,88,52.4,12.38,12.3
28df5cfaa7354610bd8aae70bedbff56,0,62,1,0,0.0,4,120.7,70,47.0,15.36,13.1
d5d49d60ed154359b7b3b1b1cf06ff45,1,161,1,0,0.0,4,332.9,67,84.0,15.89,5.4
da316e8e5cb44f83b136bc723ec443ac,0,85,1,1,3.73,1,196.4,139,95.3,14.05,13.8
8adbc01a746e427eb9d5b52a92535b20,0,93,1,0,0.0,3,190.7,114,51.0,10.91,8.1
20d11e5763514533a3a9c4372768cebc,0,76,1,1,2.7,1,189.7,66,78.0,10.64,10.0
0aa807ba95bf400dadb0df48f77c5237,0,73,1,0,0.0,1,224.4,90,52.0,7.98,13.0
f99d27ad24e34c82bc1dd8095ef5691c,0,147,1,0,0.31,0,155.1,117,50.1,11.99,10.6
ca34ae1717ca492280287c2178c3d82f,1,77,1,0,0.0,5,62.4,89,26.0,8.5,5.7
5ee3d005a253467ba2124329a3800d8a,0,130,1,0,0.0,0,183.0,112,38.0,3.65,9.5
8bfdca8ad4e943f28cfed901d34f010c,0,111,1,0,0.39,2,110.4,103,34.9,6.87,7.7
1d65ce8dfe9f4c1487f0bd3983d338d0,0,132,1,0,0.0,0,81.1,86,35.0,12.26,10.3
1e242012b6e94262b115b9228ba841ec,0,174,1,0,0.0,3,124.3,76,45.0,13.86,15.5
0751234721934a6a8d01ec064644dcbd,0,57,1,1,2.57,0,213.0,115,78.7,9.56,9.5
7f86334988484a6081ef0d3eb67a3591,0,54,1,0,0.0,3,134.3,73,37.0,7.78,14.7
92ed24129616453d8fd5da0c2e59f5c3,0,20,1,0,0.32,0,190.0,109,58.2,12.91,6.3
b0f53e4a8767497f854cd6f195eae61e,0,49,1,0,0.21,1,119.3,117,41.1,10.76,11.1
1c2149fc8da5484e9c52ebf45c96ebfc,0,142,1,0,0.0,2,84.8,95,27.0,6.84,14.2
acf4603a65a14f43b5df9545422e8a49,0,75,1,0,0.0,1,226.1,105,56.0,10.08,10.3
abb94e1506d6463dbaee46272c7418b0,0,172,1,0,0.0,3,212.0,121,39.0,1.56,12.6
804f332396744b919a259c2a6ead7248,1,12,1,0,0.0,1,249.6,118,64.0,12.62,11.8
2137a3772e284145985ec1ce9d4f30db,0,57,1,1,2.24,0,176.8,94,69.4,9.75,8.3
1c21160a8b6344c6873a238bc3017efb,0,72,1,1,3.97,3,220.0,80,95.7,10.87,14.7
578d8ce7bdf94c398c245be334354321,0,36,1,1,3.92,0,146.3,128,78.2,8.13,14.5
2996b7619f444e4fbeee4b93edbe54b5,0,78,1,0,0.0,1,130.8,64,42.0,11.19,10.0
d2ba9a10d875445e82ce527607d6d4fb,0,136,0,1,2.84,3,203.9,106,79.4,9.38,10.5
e7ae9efcdad84087a99783841816d655,0,149,1,0,0.0,1,140.4,94,47.0,13.59,11.1
bc1e79d71e204b35b3dd2da4cc99f971,0,98,1,0,0.3,3,126.3,102,39.0,8.34,9.4
c00b0dfbd19f4345aa3caae7eae871a1,1,135,0,1,3.94,0,173.1,85,86.4,10.2,14.6
aad089d4712346568b2d874ce9f449fc,0,34,1,0,0.0,2,124.8,82,46.0,14.11,10.0
9de4c1567cd64b8db74619d3f0476875,0,160,1,0,0.38,3,85.8,77,32.8,8.27,9.2
5204fa1ee23b4302ad8536166361291e,0,64,1,0,0.24,1,154.0,67,48.4,11.29,3.5
ff2c6e978c85462ba83a681d78ee54d9,0,59,1,1,2.3,2,120.9,97,62.0,10.65,8.5
51a9cbdc3ea04758adf7280f706e28b3,0,65,1,0,0.0,3,211.3,120,50.0,8.13,13.2
800a6eb47ba744dcb7faad642fb85b38,0,142,1,0,0.35,2,187.0,133,47.5,6.73,7.4
47e4a0814fe446419f301387567b7304,1,119,1,0,0.0,5,159.1,114,47.0,11.57,8.8
22f4b16849f24a848fe3c03e2f748d6c,0,97,1,1,2.97,1,133.2,135,71.7,10.86,11.0
d3165fc6f95646c4a6de371f89498412,0,52,1,0,0.32,3,191.9,108,59.2,13.49,7.8
a606ae5bdf7b4bd2ba271005906d02a8,0,60,1,0,0.0,1,220.6,57,56.0,10.56,6.8
1761dd817e6f4a518c1d2f17c594ff50,0,10,1,0,0.0,2,186.1,112,48.0,9.51,11.4
c3f71fd1ee574869b0d16c50551291a5,0,96,1,0,0.21,2,160.2,117,52.1,13.38,9.3
2f2507ce51b34b52951d2c00f7239b87,1,87,1,0,0.0,5,151.0,83,45.0,10.99,9.7
aadc762e73e248cb862229bd80ae9d2d,0,81,1,0,0.11,1,175.5,67,53.1,12.47,10.2
6c6eacd749434995a2c4f531843070d9,0,141,1,0,0.0,1,126.9,98,37.0,9.0,8.0
a962e8f806cd4fd78145c9cb78865d86,1,121,1,1,1.57,3,198.4,129,56.7,3.77,5.8
418b28518b3b4f67a13ee2fcdd84157b,0,68,1,0,0.0,3,148.8,70,47.0,12.33,12.1
48ffd7f361c241aea906cc51e8ecf7ca,0,125,1,0,0.0,1,229.3,103,55.0,8.87,12.0
e932d9caced74137bb5da47cc796212b,0,174,1,0,0.0,1,192.1,97,48.0,8.5,11.4
5e6bd07196a341efa82a9e7846900689,0,116,1,1,3.13,2,268.6,83,92.3,8.91,11.6
6aeb40528be4475cb99d2826319fba47,0,74,1,1,3.94,2,193.7,91,93.4,12.31,14.6
487bd33c52fa4cc08d009c71103eeab9,0,149,1,1,3.4,3,180.7,92,81.0,9.39,12.6
a5535e7b08a34926b866885937342371,0,38,1,0,0.0,2,131.2,98,37.0,8.15,8.2
b505198000cd447787987c945f84b74c,0,40,1,1,1.67,2,148.1,74,56.7,8.48,6.2
32b07ab50b104bfb9daa6215aa0ff686,0,43,0,0,0.0,0,251.5,105,61.0,10.64,9.3
3f801fb014a043ceb09bf649cfa6a3c5,0,113,0,0,0.0,0,125.2,93,39.0,10.32,8.3
7d4aba4834b341c0ad74309737abc58a,0,126,1,0,0.0,1,211.6,70,55.0,10.85,7.8
aa50bd61e4914d53a0496f259859139e,1,150,1,0,0.0,4,178.9,101,45.0,8.46,13.8
b533a2515d9f41d8b99ce2ee6048e0a1,0,138,1,0,0.0,3,241.8,93,56.0,8.53,11.8
4fd033eb65c34d47a52abcc800b335b7,0,162,1,1,3.27,0,224.9,97,87.7,9.41,12.1
9e95a74f9d804d8885c50c385e379da0,0,147,1,0,0.0,3,248.6,83,55.0,7.45,8.0
63bce804c4704cdcb9a2440aedbbd5fd,0,90,1,0,0.0,1,203.4,146,54.0,11.34,7.3
142317446a4d4757a53c588512d2be25,0,85,1,0,0.0,0,235.8,109,54.0,7.86,12.0
139d15e0eac4418387f27f9d1f1ea248,0,50,1,0,0.0,1,157.1,90,46.0,11.17,6.1
20b7a3bd402540d19c5fcf1c045461b4,1,82,1,0,0.21,0,300.3,109,69.1,9.05,11.7
e33810c0a9524b17b57e589a25e2aff4,1,144,1,0,0.21,4,61.6,117,20.1,3.86,8.2
016a44531b5b4c7789f4d9d53c8e31ee,0,46,1,0,0.26,2,214.1,72,53.6,8.22,8.2
47789d354fb44715ada72f767249d877,0,70,1,0,0.3,1,170.2,98,46.0,7.76,15.0
eff2638d64814962ac48f1d4416cd444,0,144,1,0,0.0,1,201.1,99,60.0,15.18,13.2
d0529ab4996f42bca9f10f4d329e3e21,0,116,0,0,0.3,3,215.4,104,58.0,10.24,12.6
d55e556e9bb44812810d5ea39429b4c5,0,55,1,1,2.97,3,165.6,123,69.7,6.81,11.0
0b69ce4995d64aa8bfe8e2c63393b1f2,0,70,1,1,2.65,1,249.5,101,91.5,12.99,9.8
195f41515bea4472a5fb87414d418f57,1,106,1,0,0.0,2,210.6,96,57.0,12.46,12.4
9e23bcf12fa74af5a16d5ea3f40e1bf6,0,128,1,1,2.32,0,179.3,104,73.2,11.3,8.6
a399ffbe861c4b8b8f7cfdd8e110d7bc,1,94,1,0,0.0,4,157.9,105,41.0,7.75,8.0
782e407395874e889febc2a4668aa17d,0,111,1,0,0.0,1,214.3,118,55.0,10.43,12.0
f4f095551abf45358ad6eff2a357db34,0,74,1,1,2.94,2,154.1,104,66.4,6.17,10.9
b37c683d0cb2497597e63f7950de18df,1,128,1,0,0.0,1,237.9,125,62.0,12.38,13.9
49ce7a8fbf5947c685aeb464f1d75c24,0,82,1,0,0.17,1,143.9,61,43.7,9.75,11.1
4ccd003131484207a389d433fcc6ab35,1,155,1,0,0.0,0,203.4,100,51.0,9.55,8.9
35428d7875be4fd78c8096426cf14185,0,80,1,0,0.0,1,124.3,100,36.0,8.65,7.9
58ab8638784646dc8aff1b13a0679c19,0,78,1,0,0.0,3,252.9,93,59.0,8.92,9.5
a7378a3103f84535b33896889f80a47c,0,90,1,0,0.0,3,179.1,71,47.0,9.53,10.6
8a08d8cc1e0d4d268c239425f6795a18,0,104,1,0,0.3,1,278.4,106,58.0,4.05,9.8
f12ce1a0045f4e81b776a1f1043d019d,0,73,1,0,0.0,0,160.1,110,46.0,10.67,13.0
dc2f3a9f627c4039be2fc9b0635fcabc,0,99,1,0,0.0,4,198.2,87,52.0,10.37,8.7
748c35366cc14a8ea91fd79756fc49a4,1,120,1,0,0.0,1,212.1,131,54.0,10.47,5.3
bce2d47233454726ae51d0c8206a237b,1,77,1,0,0.0,2,251.8,72,61.0,10.29,9.8
a32ca226352449708d337002f9af1239,0,98,1,1,1.19,4,161.2,114,60.9,12.61,4.4
ab1a4a14210c47c1adeaaf6893e72f30,0,108,1,0,0.34,0,178.3,137,50.4,9.45,14.6
cd6efb6803ec4756b8b524ec01f8913d,0,135,1,0,0.0,0,151.7,82,36.0,5.95,10.5
690b7c4d3b8f4263a5ea6686ce5a09e5,0,95,1,0,0.0,1,135.0,99,39.0,9.18,12.5
347f59f33e4b489d802643c95e8da780,0,122,1,0,0.39,1,170.5,94,47.9,8.69,11.3
6089d3625da04c7fb83f181a4a0ea83f,0,95,1,0,0.0,4,238.1,65,57.0,9.36,11.8
24e6b36eda1b465f905961f6e044d3e3,0,36,1,1,2.43,2,281.4,102,90.3,10.11,9.0
0d507846f07c4050aec068d490d9ccb6,0,93,1,1,2.65,1,117.9,131,61.5,8.23,9.8
7d49aa6ca0b44de1b41929e622665ccb,0,141,1,1,2.73,1,148.6,91,64.3,6.56,10.1
aa3b30be069244af8e4fea68dcb2d186,0,157,1,0,0.0,3,229.8,90,52.0,7.4,9.6
aed0eb1665384b0c8b1043fb5f3cabb3,0,120,1,0,0.0,1,165.0,100,56.0,15.86,8.3
df6e97fc15c64d05b866539603b2e4f2,0,103,1,0,0.0,2,185.0,117,51.0,11.17,12.6
7f45e912ed0341f1b2e12c86603e875b,0,98,1,0,0.0,4,161.0,117,44.0,9.55,12.1
4733f8adcc1944bca96f5153f77503d3,0,125,1,0,0.0,1,126.7,108,40.0,10.3,13.3
a86789077fc442c79ec610152bb9e7e7,0,63,1,0,0.0,1,58.9,125,25.0,8.48,9.4
1657eafce4294565940929a73bdb154a,1,36,0,1,5.4,0,196.8,89,110.0,12.75,20.0
0858665d68c64700a26ebdf8f76d4336,0,64,1,0,0.29,1,162.6,83,43.9,7.62,14.2
996d6a4d42a94b7fb6db064f247a668b,1,74,1,0,0.21,1,282.5,114,69.1,11.0,9.4
ae53018ab6354ca38c0370127524fae5,0,112,1,1,2.7,2,113.7,117,60.0,7.88,10.0
349a40063d3746a59f2cd4839b88d073,0,97,1,0,0.0,2,239.8,125,60.0,10.74,8.7
ce121e2f0372454490e8b0a6fd6e173c,0,46,1,0,0.21,1,210.2,92,58.1,11.37,13.1
68fa380474fa4a0e9980d03ae279856d,0,41,1,1,1.94,0,213.8,102,68.4,7.09,7.2
ac4260a2240a4a4097028f3be43d3e45,0,121,1,0,0.0,3,190.7,103,49.0,9.18,9.8
c0495e472c28481cab50c8b0932f8980,0,193,1,0,0.0,1,170.9,124,41.0,6.62,11.6
235e32114f564618b0dd98f80293dfad,0,130,1,0,0.0,2,154.2,119,36.0,5.51,9.2
d5f992fc92044944ba0d138419117f58,0,85,1,0,0.4,1,201.4,52,58.0,11.47,12.0
56825007abd94efbb9778dadf6ff2ec9,1,162,1,0,0.0,4,70.7,108,26.0,7.88,9.1
bde2f22482d047bebabdcdb40419571b,1,61,1,1,1.73,4,187.5,124,62.3,7.33,6.4
61825512de1746a28c7afd8ceda8c662,0,92,1,0,0.0,2,91.7,90,33.0,9.69,9.2
560d723ce5b140f59a73c0438ec70869,0,131,1,1,2.57,3,214.2,115,76.7,8.09,9.5
dea13526f0ad4f2990e413430ac6bca4,0,90,1,0,0.0,3,145.5,92,44.0,10.89,10.9
468a412916ec4ea8a22e51d27009df9c,0,75,1,0,0.0,1,166.3,125,42.0,7.91,6.1
b6af2ccddf724723ae8ec1a2570bb351,0,78,1,0,0.0,1,231.0,115,59.0,11.52,9.5
2201971df59f402589f4eb103b700635,0,82,1,0,0.0,4,200.3,96,52.0,10.06,7.1
85e527bf23f24a91998659f83b4684cb,0,163,1,0,0.0,1,197.0,109,51.0,10.13,9.1
b967c30b2bc1411d8ff5d11131b94cad,0,91,0,0,0.31,3,129.9,112,40.1,8.67,11.2
93f9db8ade1640289f07f82a354d1677,0,75,1,1,1.43,5,175.8,97,63.3,10.88,5.3
e50ec33de668498cb396e0ac048a4b81,0,91,1,0,0.0,3,203.1,106,53.0,10.51,12.0
d34da265df4a4fc4accbb283241df2c5,0,127,1,1,3.02,1,183.2,117,72.2,6.34,11.2
45443591ca2141adbcfe89c1435ea715,0,113,1,1,2.75,2,205.0,101,75.5,7.6,10.2
5dfccf9b977c4772ad0eca03dce9625a,0,110,1,0,0.0,1,148.5,115,49.0,13.82,12.4
dd43011306c34021bbeff49a0801d483,0,120,1,1,2.84,0,200.3,68,81.4,11.02,10.5
1d87effa5725456db784ee8b82582397,0,157,1,1,1.84,3,192.6,107,68.4,9.78,6.8
e2a283189e7941189055f8eb5566adf7,0,103,1,0,0.0,1,246.5,47,59.0,9.78,11.7
90b3b9dfda5c4e66a2f4ec59baf8c731,1,117,0,0,0.0,2,167.1,86,44.0,8.88,14.1
83ff2aeaaf5640cbaa8693ce1afd5770,0,140,1,0,0.0,3,231.9,101,54.0,8.01,14.3
6b0d435498574f41840c89af46d5cc9b,0,127,1,0,0.0,1,146.7,91,43.0,10.18,13.7
277e2c2422c64275ae611180a95035cf,0,83,0,0,0.26,1,271.5,87,67.6,10.82,11.7
0cc39ae946bc46a890456e07162982f1,0,121,1,0,0.0,1,181.5,121,50.0,10.92,8.5
6ec7095ba9e1416f965183e2ace407fc,0,145,1,1,3.0,2,257.7,97,88.0,8.11,11.1
37f028da8d804243b98c7e472855bb84,0,113,1,0,0.0,1,193.8,99,52.0,11.07,10.6
b733d546cfe04135b23fabcd0d9bca95,0,117,1,0,0.0,1,102.8,119,36.0,10.34,10.1
c342af9d9d264edd9870943ed5b66274,0,65,1,0,0.0,1,187.9,116,46.0,7.88,7.5
be962cfdf43545188b9398df67030018,0,56,1,0,0.0,1,226.0,112,60.0,12.43,6.9
603805f6472645cab150d014ab5c1ede,0,96,1,0,0.0,5,260.4,115,57.0,7.3,11.5
47e6062532ec40bcab507300308a2f62,0,151,1,0,0.0,0,178.7,116,56.0,14.61,9.8
761c2cce927240c0a3068780106c0135,1,83,1,0,0.0,0,337.4,120,77.0,11.37,15.8
b9c4efc699f2402bba9737377129eafb,0,139,1,1,3.7,0,157.6,129,85.0,12.35,13.7
6f33430cd44244b1a169d623bd0aa019,0,6,1,0,0.0,1,183.6,117,54.0,12.84,10.2
c1d9ac9d003248688af49fe2c9c17251,0,115,1,1,2.59,1,142.1,124,65.9,9.17,9.6
adb2374340184bdcb9ab351aaf66b559,0,87,1,0,0.31,0,136.3,97,41.1,8.61,7.1
0e3dda37489a4cb2a4bf396ff8d92750,0,141,1,0,0.0,0,217.1,110,58.0,12.08,12.0
f951decd7db346f6bb6e835058f9ab98,0,141,1,1,2.84,3,187.5,99,81.4,12.07,10.5
958bc1af47ab4308ae8d385c39f32ab1,0,62,1,0,0.0,1,98.9,103,29.0,6.77,12.2
2375cfc888b1416286ebef11ba657dfe,0,146,1,0,0.0,1,206.3,151,48.0,7.43,6.1
d71c6dae67fc4cf7ae8b6a000b1e83a3,0,92,1,1,3.27,2,243.1,92,92.7,10.69,12.1
9efc4e9a1e234ecaab7c686d4bce59b6,0,185,1,1,2.03,1,189.8,126,67.3,8.17,7.5
8f3f0d9728ac4cf0ad0f146209a686f9,0,148,1,0,0.39,1,202.0,102,59.9,12.16,10.9
b25ca792a08d483e9fbd97f8f8120201,0,94,1,1,3.46,1,170.1,124,80.6,9.67,12.8
59a31e046bf74adca9c9ef4368570066,0,32,1,0,0.0,0,230.9,87,56.0,9.37,6.3
f67b39f804f84944a5a879705e644430,0,68,1,0,0.0,1,237.1,105,60.0,11.18,13.2
106054b58c5e475b91bf032c9e5571aa,0,64,1,1,2.86,2,182.1,91,74.6,8.49,10.6
5de781b9b7d147eba34928c7f8d8f84c,0,25,1,0,0.14,3,119.3,87,40.4,10.58,10.5
70899c46aab145a19f785cd3f465b59f,0,65,1,0,0.0,1,116.8,87,36.0,8.95,14.1
4d37bdee83414e2a910ccabfa562f89a,0,179,1,0,0.0,0,219.2,92,50.0,7.47,6.1
fe1023fb7a9a4168b6f4b7ddca16c144,0,94,1,0,0.0,2,252.6,104,58.0,8.45,11.1
8483547f86ba4dfda4bce43379bb7894,0,62,1,0,0.0,0,147.1,91,42.0,9.52,12.2
03044aaf274a4123906a1b5a59b48403,0,127,1,0,0.0,2,202.1,103,54.0,11.47,11.5
d9b6b7598e664066abf8dd92ef68076b,0,116,1,0,0.23,3,173.5,93,48.3,9.71,16.2
9ac36e67eef54f8eb59dc42cfe1f497a,0,70,1,0,0.0,3,232.1,122,65.0,14.62,0.0
88535b216b0a4c8fb73fbefbc1a13452,0,94,0,1,2.57,4,197.1,125,77.7,10.73,9.5
f9ab3b01d5984d80bb2796d50944549c,1,126,1,0,0.0,5,58.2,94,22.0,6.94,11.9
12755986692a4f6b823cb0955e5114f5,0,67,1,1,2.67,2,115.6,111,66.7,11.89,9.9
14b302c39def4a4d9c3ba5e47e96b0d1,0,19,1,0,0.14,2,186.1,98,55.4,12.72,14.6
daeb735bb2e64371b1bce2d462d106c2,0,170,0,0,0.0,3,259.9,68,66.0,12.25,8.4
25064f19ed204b65a06efc0ef711f916,0,73,1,0,0.0,1,214.3,145,60.0,13.43,10.8
1af9806c6afa4958a2790cc0ecfb0856,0,106,1,0,0.0,1,158.7,74,33.0,3.22,10.2
afb61d835fbc4da8a48703da0a19f1dd,0,93,1,0,0.19,2,271.6,71,67.9,11.47,10.9
00d8dadf0ede4d58b7d57ade9e2cbc4e,0,164,1,0,0.27,1,160.6,111,44.7,8.16,9.0
6422454c52c04fb1aada3b3c06bfba28,0,51,1,0,0.0,1,232.4,109,56.0,9.37,9.1
3965c11c04c04eb4b222350de59c5bcf,0,107,1,0,0.0,0,133.8,85,39.0,9.03,8.9
8abf8fd5c11742fca96c27ced5a7dfb0,0,130,1,0,0.35,1,176.9,109,41.5,4.54,9.5
06128c0a8e884df7957458cf49b6e662,0,80,1,0,0.0,2,209.9,74,53.0,9.76,8.8
3ee3b4aa9ea54c49bdc9d2dd07e67f7f,0,94,1,0,0.22,0,137.5,118,43.2,10.16,13.4
63a5eb2536a44a17b4e573d4d3b606a8,0,118,1,1,2.57,1,289.5,52,89.7,8.33,9.5
17f78629c9db4d71afc25e82b82796cb,0,117,1,1,1.84,1,198.1,86,67.4,8.85,6.8
77585e640b954e7a87f6ebf4804777b9,0,78,1,0,0.0,0,149.7,119,41.0,9.11,9.7
36eb64d6a55b426eb505bc6c154f46b5,1,208,1,0,0.33,2,326.5,67,74.3,8.82,10.7
bd7f0aa9c5804628aab33d7395a1fa2d,1,131,0,1,3.73,4,292.9,101,104.3,9.99,13.8
edc6b5a8e2b340aa8e37a759b9ea5176,0,63,1,0,0.0,0,83.0,64,30.0,8.85,13.0
10caca9f6f7d4196ad94913716abcd2a,0,53,1,1,3.54,3,145.7,146,79.4,11.03,13.1
e8e03e5ee7fa4428bb912abdb4418676,0,62,1,0,0.0,2,182.3,101,59.0,16.41,11.2
235d9f0aad264ac0a9e69e33e70baf39,0,97,1,0,0.0,3,218.0,86,53.0,9.2,6.4
5f308c95131945899eaf039e52529164,0,105,1,0,0.0,2,140.6,109,40.0,8.93,6.8
9035237be01545fb9044736c8c291375,0,157,1,0,0.0,1,152.7,105,48.0,12.88,9.4
da2a45c8f6a14b9e8bbe5785e63e9470,0,66,1,1,3.27,1,106.7,76,68.7,10.49,12.1
04f765210ac742018d99a28282cf944c,0,122,1,0,0.0,2,243.8,98,49.0,4.2,13.7
6c5a0a2fd6324b6da6880f6f1de4f897,0,38,1,0,0.0,3,194.4,94,49.0,9.34,10.8
8086368cce284b13a19e95841f22531b,0,106,1,0,0.0,3,213.9,95,50.0,7.6,12.2
15274939e32c484abaab650eb73a4dee,0,99,1,0,0.0,3,217.2,112,58.0,12.34,15.8
374ee2081b1045f8818477a24a3d5ee1,0,99,1,0,0.0,1,241.1,72,55.0,7.78,11.6
5166e118f68c49f99cc722909d223598,0,144,0,0,0.0,0,203.5,100,56.0,12.38,11.9
152d778ef5f1493f9e0e0c4214b2100e,0,82,1,1,2.89,1,155.2,131,76.9,12.23,10.7
e26ae3c5faff455d8205b9ef8014dc38,0,86,1,1,3.29,1,167.6,139,71.9,5.65,12.2
43c86c1388a44d34a7ea44f48ddf023e,1,70,0,0,0.0,2,226.7,98,58.0,11.41,17.6
ed4676fe0fb94909a4ef6d62a1c93bf3,0,93,1,0,0.0,3,179.3,93,46.0,8.93,11.5
ddc775bee937476abf236b230fab9be5,0,93,1,0,0.31,0,151.4,89,45.1,9.32,10.9
457d55a4190945e3a346589531440d70,0,120,1,0,0.0,3,180.0,80,50.0,11.21,4.7
857f1f2dd26348ef9516c9937dbe95cb,1,136,1,0,0.0,1,250.2,121,66.0,13.36,13.0
cac7bdb70da341d7b3ee2f169612e9f4,0,106,1,0,0.4,0,223.0,121,52.0,5.51,7.1
4b5c952b13b2410da5011d3f0cccb69e,0,81,1,0,0.0,3,183.6,116,45.0,7.63,12.2
8c27d277086243b2896c9fa71d074b8d,0,127,1,1,2.75,1,166.0,114,71.5,8.73,10.2
05d36ab7288d4915acc8bd0eb3988548,0,65,1,0,0.0,1,136.1,112,47.0,13.65,4.4
aa4d7f77315e423190d8e0bbd2ea0b56,0,35,1,0,0.32,2,149.3,113,49.2,12.11,8.9
65f25dd480244cd6a6fb1f350bbaed75,0,88,1,0,0.0,2,65.4,97,26.0,8.41,13.8
e070b97f95e5453984b7da9e11c1fb4b,0,65,1,0,0.0,1,213.4,111,57.0,11.73,2.7
9ecd5dc62763412798a5a48788c9f9d6,0,123,1,0,0.0,3,206.9,85,56.0,12.24,7.7
b026e7fa317e40ad886bc349929fa234,0,126,1,1,2.59,2,186.2,78,73.9,9.48,9.6
886e1330f2734922bf2b2bf08ece1b00,0,104,1,1,3.59,4,280.2,136,102.9,11.03,13.3
ed15acf1f6284b6fb7b3992e2b168b39,0,45,1,1,3.21,0,196.6,84,93.1,15.66,11.9
684f1efa09d646a890c2f85891ad19df,1,93,0,0,0.0,0,312.0,109,65.0,6.47,10.5
c047aa5e5fa0415f8f8e9c8620aefeb3,0,63,0,1,2.97,1,199.0,110,88.7,14.57,11.0
051e85a1e7204d02994f33429fed0510,0,100,1,0,0.25,3,203.1,96,55.5,10.85,13.5
757bc73bd58f4f54ba8fbc23bd4eb600,0,53,1,0,0.0,0,168.8,97,48.0,11.02,10.9
cc203c795ca748f9b25d0dcfa4ec8dfc,0,92,0,0,0.0,1,173.1,140,50.0,12.02,9.0
becb6aadd363404a9b0301dc335f8f21,1,139,1,0,0.0,5,134.4,106,41.0,10.57,10.2
b4b43d16fa224f8faf41e88b25f87546,0,110,1,1,2.43,2,202.6,103,69.3,5.94,9.0
4a940bed92004691b5be605d09f512b7,0,110,1,0,0.31,3,74.5,117,33.1,10.04,9.8
9839531782e1430d93829a816a041ba8,0,215,1,0,0.31,0,83.6,148,28.1,6.05,10.7
9a27a4eba5054cd782f987aab9101f03,0,73,1,0,0.0,1,192.2,86,47.0,8.43,9.4
5a9d0933ad354eb4b92bf84b65d6db12,0,138,1,0,0.0,0,220.2,89,45.0,4.42,12.9
95135ebf122941e0ab76366a74575c52,1,137,0,0,0.0,2,135.1,95,35.0,6.71,12.3
03ad8ea9db16443aaaca60cd15435904,0,36,1,0,0.25,1,253.4,77,61.5,9.12,8.4
5433e82807504e38a025cb642b8acfb1,0,85,1,0,0.0,3,225.0,81,54.0,8.85,7.1
e7803714c9e04f07ba4427e7eb6f9dd6,1,108,1,0,0.0,0,198.5,99,57.0,13.39,9.4
c4832b45c90647e193489a6edb9f872b,0,22,1,0,0.0,0,110.3,107,33.0,8.33,9.5
68038e22c48a4a419c7c1529a8e5308f,0,107,1,1,3.0,0,60.0,102,49.0,5.11,11.1
1e53bd5f6e644703b7871d7671c3b170,0,51,1,0,0.0,0,214.8,94,50.0,7.49,10.2
9f32cfd9f320459691a994a3bf43dc15,0,94,1,0,0.0,4,181.8,85,49.0,10.12,9.2
f4ce542345c742da8c49a1f486ee5080,0,119,1,1,3.19,2,154.0,114,81.9,13.9,11.8
8d098041f5f34895b2a55c454e3d47ec,1,33,1,1,3.75,4,157.4,99,74.5,5.9,13.9
40f772ce6826482ba4a103ce2d7b64a7,0,106,1,0,0.0,4,207.9,91,50.0,8.6,14.4
22a0f49852d440108f1d303b4186a7cf,0,82,1,0,0.0,3,207.0,90,55.0,11.65,9.1
b959fd987f04499d92414e3c2b0b227e,0,86,1,1,2.57,0,119.0,101,65.7,11.5,9.5
283f4932e34b4f3997a7d1a58954ea7c,0,97,0,0,0.28,0,143.7,117,50.8,13.65,10.9
ea490835696c46c08c33357d6236ecf4,0,106,1,1,3.81,4,165.9,126,85.1,10.83,14.1
bb4fd4feb86145b1808d2647b91af0a0,0,108,1,0,0.0,1,138.6,122,39.0,8.62,9.8
8176902ce92343b893e87d13a6e4f805,0,114,1,0,0.29,1,84.7,118,38.9,12.5,14.5
24eedbf098e74080a54bce369f97049a,1,92,0,0,0.0,1,62.6,111,26.0,9.03,10.4
6b6e0225b8524051bc1e6835252a1472,0,59,1,0,0.0,1,155.2,79,47.0,11.77,8.7
f3439e69eea847718e0c51b6b860818e,0,24,1,1,1.81,1,164.9,110,64.1,10.47,6.7
7c7c53e120cf47229287c32a9e054ebf,0,151,1,0,0.0,1,134.5,88,36.0,7.16,15.4
b0548e7fdee9468f8800fa64da0f6b49,0,117,1,0,0.0,1,143.3,103,43.0,10.57,11.5
5136615b954c4280a737623d3998c6d3,0,78,1,0,0.51,1,168.3,110,53.1,11.06,12.5
9adf396377e44f13b9e217c02b4db32b,0,155,1,0,0.0,2,262.4,55,62.0,9.73,8.3
bdbf0dbf9169450b9bcaefe76a4da1c7,0,114,1,1,3.08,1,206.2,79,88.8,13.0,11.4
1adf523cc67f4001b10c46dfb185e3ca,0,114,1,1,2.27,4,225.8,94,77.7,9.65,8.4
7280dfdb744a407aa57de03f874fa3ab,0,119,1,0,0.0,3,138.3,89,38.0,8.53,13.5
ff5d909e3eee4c3ab070078c2b12324b,0,64,1,1,1.22,0,94.4,104,40.2,6.81,4.5
039fc9233ade423fba3192530e3a18a1,0,118,0,0,0.0,2,160.0,123,43.0,8.77,9.9
b890fc698ad0493faece28c1f5d4e0e7,0,101,1,0,0.0,0,206.6,105,55.0,11.25,14.6
38593a6e69d5410b9bfd910c27ebc6bf,0,117,1,0,0.0,1,134.7,121,39.0,9.0,7.7
c0bf23dfb9b441c38c11634ae818a652,0,49,1,1,2.16,3,214.4,78,78.6,11.76,8.0
7be6690ae9084104b81158128c2bf172,0,139,1,0,0.0,3,192.8,104,53.0,11.72,13.0
ab73a5d59eb141c3963bc1637cfa8d9a,0,92,1,1,2.7,1,151.1,90,70.0,9.74,10.0
d245cb55fab943ba8052ffe9ac020df4,0,83,1,0,0.0,3,221.4,103,58.0,11.59,9.8
0fb2e0d2724f437392825abd3419e06d,0,148,0,0,0.0,0,218.9,88,55.0,10.4,11.1
094a398556de4074bcd28bc9aeb81fdb,1,144,1,1,1.76,2,189.8,96,60.6,6.17,6.5
c0c8a23d662142079f0e6d3dc004eb78,0,131,1,1,2.94,2,192.7,85,81.4,11.3,10.9
c0e11df2395345f5a2b8c230c6e2b92c,0,146,0,0,0.0,3,204.4,135,54.0,10.96,10.5
2be9f3f1c0bb4df5ad160b708eb332fb,0,143,1,0,0.42,2,172.3,97,49.2,8.7,13.0
3a47e4f3d69d460db4e470f7a915e435,0,81,1,0,0.13,2,198.4,93,53.3,10.55,10.4
48136ebccd4246a684e2060c8d03151d,0,48,1,1,3.29,1,211.7,115,82.9,8.0,12.2
ce02ab83f5b84045a143f17bc99075b6,0,86,1,1,2.43,1,221.6,74,87.3,14.42,9.0
657883e4f2e844ef9e5bf1752b80b8c4,0,71,1,0,0.0,3,197.9,108,50.0,9.08,6.7
692101c8fb9042d0b641597a6739435f,0,145,1,1,4.21,2,147.5,90,83.1,8.79,15.6
2e79c18434d04be88b89b2db4efc6443,0,137,1,0,0.0,2,206.4,122,46.0,6.4,8.8
209249f3ba93441fadca30d78e9d5286,0,137,1,0,0.27,2,205.9,88,55.7,10.47,14.5
2cee27ecfaaf4229887db00cf612b48b,0,167,1,0,0.0,0,207.6,88,47.0,6.62,14.1
62aa1438e6544e159e85c200ef0a1d77,1,89,1,0,0.0,1,303.9,95,74.0,13.05,5.3
ba02d480508e43b29cb6c1b9e0476f44,0,199,1,1,2.16,0,230.6,121,79.6,10.97,8.0
71fc521b23e14156b8538529a4ecf8c1,0,132,1,0,0.0,0,99.5,110,28.0,6.46,9.7
2f1d23b53b75428db77817258619ebfe,0,94,1,0,0.0,1,177.1,112,47.0,9.7,5.9
e31be56ecacf418ea879bf4de54bdc9f,1,96,1,1,2.78,5,172.7,93,67.8,6.01,10.3
79fe38c551ce4efaac7db1fe829d8442,0,96,1,1,2.65,1,172.7,86,67.5,6.67,9.8
82f51657214f43c0a1c93e10ad6d3669,0,166,1,0,0.29,1,204.2,115,52.9,9.0,9.5
d163f0692ff74666b70242d7c6387214,0,74,1,0,0.2,2,85.7,83,38.0,12.39,10.1
08da7d84691f45c58fab227adcc18638,0,36,1,0,0.34,0,157.6,117,46.4,9.22,11.9
f969b675f9fb44aa9cfb42b8db7338b5,0,113,1,0,0.0,4,215.5,129,56.0,10.94,6.6
24637a1d9af54660b0df32b109092a83,0,94,1,0,0.0,1,181.5,98,48.0,10.0,6.6
1a010978d10e4616a19e47b3449d4137,0,67,1,0,0.0,2,171.7,80,39.0,5.52,11.9
b21abf80e9f24aaaa74c91197d4f5b52,1,127,1,0,0.26,1,266.6,106,70.6,13.24,5.9
263f6f4b828e486da9e7f5ec2fe3458b,1,121,1,0,0.0,0,170.4,108,59.0,17.53,11.2
c376668a240a49e5b8fe411c763b83a7,0,158,1,0,0.0,1,158.0,106,52.0,14.63,9.1
0d600026fe9e4b91b5f812b47bab8cd3,0,136,1,0,0.34,1,92.0,117,41.4,12.68,10.3
055f1c5e859247248159e2ad9be90ce2,0,196,1,0,0.0,2,234.0,109,61.0,12.48,9.1
b0ef22d4a73348e690d30381813b425b,1,113,1,0,0.0,1,272.1,111,70.0,13.43,8.5
8eee3c88bd8347e59378121bb9b68c32,1,122,1,0,0.0,4,296.4,99,69.0,10.74,11.4
05c43d429bc04c3a980c8d37f7fc5ec1,0,112,1,0,0.29,0,194.4,101,52.9,9.52,11.4
cd16dbcee15345c2ad0db7a52e97bb1f,0,209,1,0,0.0,3,227.2,128,61.0,12.92,8.9
48f0c297d2314e01982af901cffcab4e,1,62,1,0,0.0,1,248.7,109,61.0,11.0,13.2
9c271b85f8904e568600514881c66dcb,0,110,1,1,2.62,1,236.3,102,83.2,9.8,9.7
96837e5484294befa64fda7bb3017f94,0,16,1,0,0.0,0,205.6,69,50.0,8.48,10.9
f22a51c8d14847b3ac10a6de83261a7a,0,73,1,0,0.0,0,94.1,136,40.0,14.02,9.8
74c6e8d9724b4b84b2db432e082d234d,0,128,1,0,0.0,0,125.2,99,39.0,10.27,18.9
5ddfa714e9a34dadb30c681ef6d49ddb,0,39,1,0,0.23,1,60.4,158,39.3,15.31,12.4
c3cb833b54cf4288ac2a8918c9ffc708,0,103,1,1,2.08,2,121.0,105,64.8,13.52,7.7
4e54125978fb4504aabc78eb0e2eaf14,0,119,1,1,2.05,3,117.8,66,62.5,12.84,7.6
1a4fec923d0647258a637bd93c623908,0,173,1,1,1.35,3,232.4,96,71.5,10.6,5.0
d59a76831b0e4614a7277f54bc20d9c3,1,128,0,1,2.54,2,223.5,81,80.4,9.44,9.4
32c08a875ff342169275b7721c11fcfd,0,86,1,0,0.0,0,176.3,79,52.0,12.96,6.2
0cdf6fa5a9f245028796ee74d34749e2,0,114,1,1,3.48,1,125.2,79,71.8,8.89,12.9
f6796ee7aa19445aafe465c2698c57e1,0,104,1,0,0.0,0,138.7,107,46.0,12.85,10.0
2cff5a2314e94619a8620fb7d874a7fd,0,148,1,0,0.0,1,86.3,134,36.0,12.33,11.3
6cea9a05f05f48ceb455373812ee6f3d,0,129,1,0,0.0,3,207.0,91,49.0,7.75,13.4
4a2c23d98e74423483084803fea327fa,0,100,1,1,1.92,0,58.8,104,48.2,10.98,7.1
c8a6ef26810848b5bf36e7c30832c59f,0,121,1,1,3.08,1,68.7,95,60.8,10.46,11.4
02934f24ec714c5eb517e9039956be6d,0,143,1,1,2.57,1,239.2,109,86.7,11.78,9.5
0a290a290e3749e6b760dd67b5a4da39,0,76,1,0,0.0,0,198.3,130,53.0,10.86,12.5
4a69ff45eb9943d5ace8b534e09a6a6d,0,158,1,0,0.14,0,205.2,97,57.4,12.03,14.4
ba594fbfb31940f38a3ffec7f03b6f39,0,116,1,0,0.24,3,192.1,98,62.4,15.65,7.9
410780931ee1464e80fd1216774e71de,1,54,1,0,0.0,1,272.6,83,68.0,12.44,9.5
d9f29b21b2624b0c9893c2bf60376dd1,1,86,1,0,0.3,7,128.3,121,42.0,9.86,12.2
c17270e27f05448287c61aeba4792637,0,108,1,0,0.0,0,169.6,99,52.0,13.21,9.3
ff86ebc66897478ea087219a8647f74f,0,66,1,0,0.0,1,201.3,95,48.0,7.64,7.5
b75ed4045591471eb2c163e649aad82c,0,151,1,1,2.32,1,214.7,97,72.2,6.93,8.6
f14ec645d6eb4295a6b6f0bccdba9b85,0,99,1,0,0.0,0,169.2,70,52.0,13.58,10.6
f8d5d53b56e54f07a5d1ebbcde2a7b35,0,55,1,0,0.0,2,194.1,121,49.0,8.83,7.0
3bd3e495116f4390a8921c8e013b0fe3,0,77,1,0,0.0,2,233.8,104,63.0,13.33,7.6
48d875c314cc449abc69602731797a51,0,78,1,0,0.0,0,225.1,67,56.0,9.96,14.6
32cf5e4ee8c14e7aae91f1bfb1bac392,1,89,1,0,0.0,1,213.0,63,52.0,8.83,9.1
8f1f6ca29414466ca1afcb34e7d39629,0,101,1,0,0.0,1,183.9,115,54.0,12.8,10.8
06bfa395e25c4d03964ffec8f9cf3c6a,0,44,1,1,3.78,0,221.8,105,89.8,8.09,14.0
b4cd1459164044df9807a3a881befde1,0,98,1,1,0.0,2,64.6,98,26.0,8.81,0.0
aa86ff9fb38044e8a66fb4c65f373d78,0,64,1,1,3.59,1,154.6,92,69.9,4.17,13.3
86863ff40bb843129f427e7612899ab8,0,141,1,0,0.0,3,260.2,131,60.0,8.96,7.2
5005b6a25f6947f7b6ba5548d8a9d27d,0,81,1,1,3.29,1,161.6,117,70.9,6.15,12.2
7025ac46511c4ca882601781d535b5c3,0,162,1,0,0.0,1,220.6,117,51.0,7.76,10.5
928262ded3b14a66babf4d5f798e11ac,0,83,1,1,3.54,3,155.9,122,76.4,8.12,13.1
107714fa46a14e89b0c5d90195ce09a6,1,100,1,0,0.34,4,107.0,63,31.4,5.29,12.8
e43869f61e264dc0bc966239acf18437,0,59,1,0,0.51,4,182.5,104,54.1,10.24,11.3
f6f8066c67a54cd28657d03637e32f03,0,179,0,1,2.73,4,220.1,78,85.3,11.72,10.1
5dbe3cd4f363469e86e5a6789f5a5728,0,79,1,0,0.0,1,152.2,112,41.0,8.86,5.3
5d3e6b2e44e1470bbe20f815326ee9ae,0,117,1,0,0.0,2,181.5,95,49.0,10.26,14.7
28c05fba22c9435ca6414a2343e5560e,1,64,0,0,0.18,2,236.2,77,60.8,10.93,13.2
38dbd8230fcc4b5ca5b9a06ec9ec400a,0,31,1,0,0.28,1,166.1,105,37.8,3.97,12.7
33f8f5d292864ed3bcce08dc5f3485c1,0,124,0,0,0.0,1,244.6,89,58.0,9.44,11.3
16bd37a136bb49378fd93f881153663b,0,122,1,1,2.3,2,134.2,85,66.0,11.37,8.5
8878cb1af0274a73bdd72ea831828287,0,37,0,1,2.48,1,149.7,122,68.8,10.56,9.2
3f2cfdc95e4c4a83a413940bd80d2950,0,90,1,1,1.57,1,150.1,109,64.7,13.24,5.8
fed5dcf061564684945204de2428e6be,1,159,0,0,0.44,1,257.1,53,75.4,15.61,8.8
cc4b0607c41740e6879f4479f7c1bbcb,0,148,1,0,0.0,0,124.4,83,37.0,8.99,11.3
229718ae42d2421ba988407170956028,0,39,1,1,3.24,1,141.7,121,76.4,11.62,12.0
2a11b1b5cc314e899eab21b01506700b,0,77,1,0,0.14,2,230.0,87,49.4,5.16,11.3
7df1306836634c29aff4b08ac3dd524a,0,194,1,0,0.0,0,162.3,88,46.0,10.69,10.9
38346f0ab0dd4cb78865e366ac5acf52,1,154,1,0,0.0,1,350.8,75,79.0,10.83,10.1
1163720264814a74ad25aecdd0645c01,0,112,1,0,0.0,4,193.3,96,56.0,13.21,9.1
a27abfe62e5a431abd83616bddc663f9,0,45,1,0,0.0,1,78.2,127,35.0,12.67,18.0
2348772b0765416ba3616b196183ca70,0,132,1,0,0.22,1,83.4,110,36.2,11.61,7.6
594e03eb063a4e45b3ab78d5db90b5c3,0,128,1,0,0.28,0,195.6,99,59.8,13.39,16.0
f69ac919f0c6453e84f1bfbeeec83ee6,0,135,1,0,0.42,1,201.8,81,58.2,11.25,10.3
25013cbf06ff4c98b012f5ef9039ff18,0,56,1,0,0.0,2,197.0,110,53.0,11.14,10.6
9c7a15b27f6b4466b870edfff81f8ab1,1,151,0,0,0.29,0,218.0,57,49.9,5.72,12.4
5e3e8fa8650e488dae36e8ac07d313ce,0,32,1,0,0.0,2,164.8,98,48.0,11.5,14.8
e4b54f7a758e4051a2152cbcff78a7c6,0,90,1,0,0.0,2,179.2,77,49.0,10.54,9.2
311e73b5e51b40229e7f383563365a87,0,87,1,1,2.86,0,214.0,113,80.6,9.0,10.6
b68d606cd9914b07ac980dc851e80613,0,138,1,0,0.43,2,170.5,87,44.3,5.91,11.2
478e9e8d4b72433781202c55f7c2c66f,0,79,1,0,0.0,1,205.7,123,54.0,10.73,6.7
fb8da30eb7714da9b3b0ea8f80a1dd56,1,95,0,0,0.0,1,165.5,84,53.0,14.31,11.5
bdb8c1f4b69d4e3787239a222a2c4250,0,127,1,0,0.33,2,221.0,100,55.3,8.04,6.8
898a38ed476d4dc4ac1ab3fd05cae594,0,137,1,0,0.0,3,242.1,118,58.0,9.55,14.7
60f540733d9f4ad3880c8befdfec4b58,0,97,1,0,0.0,1,151.6,107,39.0,7.77,14.7
0ec950d991514d898b1293fcf9d24b46,0,149,0,0,0.18,0,176.2,87,44.8,7.25,5.7
bd128333e806471c9b5876e79fddce53,0,117,0,1,1.0,1,196.0,82,71.0,16.14,3.7
9e5a96d696544874a022189af9a4f30f,0,84,1,0,0.0,2,159.5,125,49.0,12.36,7.2
71150f135009458db662566ce3944833,0,137,1,0,0.45,4,230.2,113,62.5,11.02,10.7
6475d9ad8de147ab89ae9e4e0ea9e5d4,0,99,1,0,0.0,3,146.7,64,49.0,13.7,8.9
b2a373b1582542639354d393981b0fb7,0,54,1,0,0.0,1,210.5,102,54.0,10.23,8.5
5438fe8d52fc4af69a3e743dd6fdd5c0,0,85,1,0,0.0,1,102.0,95,41.0,13.51,10.7
de73589dd644404aaf69f6162be81fae,0,150,1,0,0.36,3,126.0,99,45.6,11.93,10.2
b5e10b6f036245f49a31e3f1f313447e,0,43,1,0,0.0,1,168.4,125,50.0,12.19,11.1
04230968e48b487d9e03086c4ba36d1f,0,35,1,0,0.0,0,105.6,129,40.0,12.91,8.7
c536829327ab4e9a903c13cc88e11505,0,98,1,0,0.0,5,206.5,92,51.0,8.81,12.4
1f5b65bcc9ff43e5942c9eb703f2fc21,0,112,1,0,0.27,2,217.1,76,57.7,10.26,9.4
e63e60ef4d55449f8fd961368399963d,1,16,1,0,0.0,0,229.6,78,57.0,10.29,10.8
59257ca854ef46b4804241c78b3702a4,0,98,1,1,2.62,0,278.3,89,82.2,4.67,9.7
1244123d0bf8493dacba5d4ae5135991,0,84,1,0,0.0,0,138.6,102,41.0,9.95,7.8
441fb7ee5d4746c6b137115737057425,1,94,1,0,0.18,1,234.4,103,65.8,13.97,2.0
8f6897b14db74f78923d6a0fce6112b4,0,84,1,0,0.0,1,181.5,129,42.0,6.54,8.5
25d2e3cb95c34269b45d623f10cbcaa2,1,66,1,0,0.0,1,167.3,91,48.0,11.5,10.6
5ec1e98116f14b209a4f05233efcecf4,0,98,1,1,3.24,1,121.0,105,72.4,10.95,12.0
3315ab2e7e52439098ede20429e165ed,0,74,1,0,0.0,0,221.1,124,48.0,5.54,10.6
021c1723f3ab40868981ceb781135d49,0,96,1,1,2.67,1,145.8,108,68.7,9.61,9.9
3c197d81ed244ca4a9c4225c8395871e,0,119,1,0,0.34,1,222.8,122,55.4,8.16,11.2
2b7bc88afffd4d969c927416b968eb7e,0,73,1,0,0.0,4,183.4,80,52.0,12.1,7.5
6ab8f1b568f34a218c0ee3df6f47e3dd,0,92,0,0,0.0,0,264.3,91,59.0,8.05,9.3
8b6defecb7de42aa8fd69832b03371b2,0,21,1,0,0.0,0,146.0,78,35.0,5.49,6.8
97c48ae243d147dba074dca700367030,1,122,1,0,0.29,4,157.1,134,45.9,9.25,8.5
e98e3ef9441c44e39e1d5d3fcfd6134a,0,133,0,0,0.0,1,127.3,108,43.0,12.57,10.3
0981512707054c66b24873b0fe746258,0,145,1,0,0.0,2,187.9,110,49.0,9.85,4.8
0a1168ce4ca340f6ab8828dd67116b20,0,25,1,0,0.26,2,178.8,90,45.6,7.06,8.4
02c9668bcfbd4778a80a837de697cccc,0,64,1,0,0.28,2,97.2,80,35.8,9.31,10.4
7a77ecb9d08e4e83971b254c8f9c8804,0,85,1,0,0.2,0,259.8,85,67.0,12.12,5.4
5c1767ef34d34fd0a5bedb58078bdfdc,0,126,1,0,0.0,3,256.5,112,61.0,9.98,7.0
28306b2cc13841f1b67af78aae90e637,0,76,1,0,0.0,0,169.5,77,40.0,6.2,10.0
29e77ffdc3eb45feac0ec17893b4b7e3,1,113,1,0,0.0,2,239.7,47,65.0,14.15,8.7
b14401b463b94f0aacd678b404194920,1,224,0,0,0.26,1,171.5,99,45.6,8.0,5.0
00bd14da76e0403cb25aa2b0697f47f3,0,117,1,0,0.0,0,239.9,84,56.0,8.74,9.8
4e56db2dc4dc4d47b1a54f1c24a99ea5,0,128,1,1,4.32,1,142.3,73,84.2,9.74,16.0
d83e0250d60744a3bfab251c58d7f7f8,0,115,1,0,0.0,2,184.1,98,60.0,16.35,7.5
98e7fce0d34143559776f749be772719,0,141,1,1,2.51,2,206.9,126,83.1,13.22,9.3
0b0eae8d8bd343a0a73e3e9dc1e351cd,0,51,1,0,0.0,1,259.9,114,60.0,8.81,15.3
b7fcacba3fef461cab6a1b23367ec8da,0,100,1,0,0.0,0,203.8,122,59.0,14.16,12.5
1cb4554c945441248d6dc48f290d9fa0,0,96,1,1,2.78,3,248.8,124,82.8,7.02,10.3
477a1777764741cd9d6082be99dcaf2f,0,112,1,1,3.05,1,221.6,110,79.5,6.51,11.3
322110a0ea534351834e7730e5b519e5,0,129,0,0,0.39,1,192.9,131,52.9,9.28,10.9
5bcda0dbc5a04805810b8f48cec1176b,0,163,1,0,0.0,1,122.4,129,31.0,5.67,12.5
db4582e244ae4e679b9ea513aa786438,0,67,1,1,2.59,1,104.9,65,62.9,10.82,9.6
c0493d9d528e41d495e7be3c4b22d94c,0,140,1,0,0.0,3,173.2,91,47.0,9.84,11.2
a5e41352537d4629843e402fd7cdb562,0,49,1,0,0.0,2,119.4,69,44.0,13.67,12.4
a7c7e233cf714fa19326dd0f8a8ae763,1,46,1,0,0.0,2,250.3,100,65.0,13.03,13.3
76bc37d26b294488843b4555315a580b,0,148,1,0,0.39,1,178.3,98,58.9,14.13,11.4
735e4887afee47099036402c20a00980,0,112,1,0,0.0,1,243.4,77,57.0,9.11,12.8
4791b849ce024f0099ceda2de85dc0ba,0,78,1,0,0.0,2,155.0,106,42.0,8.77,11.8
ad87b3ab5f844a2c9a751190834dc2af,0,61,1,1,2.32,0,288.7,101,90.2,10.19,8.6
ad4512fef4fc4440941ba7909237bd7a,0,58,1,1,3.02,1,240.4,80,81.2,5.95,11.2
9f7a411e9a44435fb2450dd6774af547,0,155,1,0,0.0,1,190.3,123,58.0,15.07,8.0
86bbc39a568640ccb3e0163fea6fbd8a,1,100,1,0,0.32,0,278.0,76,66.2,8.84,8.3
11c294f3d15e49258c3aa01713e4ea24,0,113,1,0,0.0,1,155.0,93,55.0,16.53,13.5
ab66bb283cce42939427a12639910a72,0,81,1,0,0.0,2,153.5,99,43.0,9.88,6.3
41804d89002e48078da5cc0c0e6adc77,0,135,1,1,3.32,1,273.4,141,93.2,7.7,12.3
24697ed1cddf482a85c488c3ab78ff25,0,99,1,0,0.0,0,155.3,93,49.0,13.29,12.4
3b5341cc8a784f599d0e106db7681008,0,59,1,1,1.84,1,133.1,114,60.4,11.06,6.8
2abbccef806e46c98c2462f98c59905b,0,135,1,0,0.0,1,246.8,129,58.0,9.39,12.6
4fa309352c0046ad84d013ab0f1a5232,0,85,0,0,0.0,2,165.4,107,45.0,9.8,9.6
917a3215ba60401a92c9c16773728876,0,70,1,0,0.31,0,59.5,103,35.1,12.86,11.1
5c3439b3ba214215853f44df2094391c,0,88,1,0,0.0,3,138.3,116,44.0,11.8,9.6
2cde5eab98c346789b10073a07d51ce5,0,55,1,0,0.0,2,286.7,100,61.0,6.72,6.9
346049518e3d41448ec69ed7bf831955,0,75,1,0,0.34,1,117.3,114,41.4,10.06,12.2
e71cb4ecb9f748ba82b95c5b107b1215,0,79,1,1,1.7,4,264.3,79,80.0,10.14,6.3
e239dd048caa4b55812fb6f824f31997,0,85,1,0,0.25,0,127.9,107,47.5,13.56,12.5
1bf83e44a7a04ebdb5cd0473239c8110,0,86,1,1,2.65,0,225.5,107,86.5,12.32,9.8
f8f68e6b84ff4c88b9710d0b221eadf0,0,91,1,0,0.0,0,149.0,115,47.0,12.27,8.3
ddd2261f153643fca0285f3f837a65c6,0,149,1,1,3.86,1,198.9,77,96.6,13.7,14.3
7784f2c80cac48d9bf60ec19370ffeda,1,97,1,0,0.0,1,256.4,125,67.0,13.7,11.1
08393be3e90a4d3783ce305530c0ac0c,1,88,1,0,0.0,1,264.8,124,66.0,12.27,14.8
b0f89fa01f6945d89706ceaa5268520b,0,60,1,0,0.0,2,98.2,88,33.0,9.03,9.3
3605b0d9a6874eceb0d82fa7ff35df9a,0,54,1,0,0.16,2,159.8,99,51.6,13.2,9.7
189a9e1593fc406f920c1d30ed1275ad,0,11,1,1,1.62,3,190.6,86,68.2,11.01,6.0
e3d43241960641958419b27c80d4df76,0,109,1,0,0.0,0,184.0,120,42.0,6.02,11.0
cc42f8030c5b45bb9fd17c3bca7e60c3,0,90,1,0,0.0,1,261.8,128,64.0,11.03,9.6
8d1175cca3a348fe8bb960a25e16aabc,0,115,1,0,0.0,3,147.9,109,45.0,11.42,9.6
d7016bbbe9a543d580617538be88c2b2,0,144,1,1,2.73,1,106.4,109,55.3,5.41,10.1
05b9237957564aab9350d4e0414df66d,0,91,1,0,0.0,0,133.7,75,40.0,9.77,5.9
c3efda35ee1c48e489a37dd7e92aa454,0,105,1,1,2.3,0,193.5,85,75.0,11.01,8.5
863166b241b242a2a2b78d9d92d36851,1,71,0,0,0.0,3,178.2,113,45.0,8.39,13.6
594dbd3b0d6e4a7aa5f182f29fb0c1ab,1,132,1,1,2.84,3,226.2,103,82.4,9.08,10.5
66296a3aa39d4ada8afaf8eca6f3356f,0,112,1,0,0.38,1,170.4,103,49.8,10.01,11.6
a6b92347ccbb4feda912d268f130feac,0,86,1,1,3.0,3,70.9,163,57.0,8.34,11.1
9de534dde3b34e988e1204bee163ee09,0,41,1,1,4.64,2,194.4,63,101.4,12.75,17.2
808c4f6f0da743e99218e6c1f8ca4719,0,44,1,0,0.0,1,240.3,146,55.0,8.23,10.6
25f55e7a18584ec1b8a48739e9b71c4d,0,78,1,0,0.0,3,75.0,116,34.0,12.44,9.5
97f19fe50c1a441d9847a82714c4bbf4,0,149,1,0,0.0,1,69.1,117,24.0,6.82,6.3
2a71bddf48aa4fd2b526a49ed51dccea,1,72,1,1,1.67,4,96.6,59,60.7,15.77,6.2
eb33006dc1e3493fbfce18ced8ac00f5,0,139,1,1,4.0,0,214.6,101,97.0,11.76,14.8
20b4f81f4489420f9c14b3e0b6d64bc7,0,74,1,0,0.0,3,148.5,111,38.0,7.33,9.9
2fe3cdc33f6245e8b864a75b4fc7e457,0,50,1,0,0.29,1,258.1,106,60.9,8.07,11.7
b6c7fac185e24fa3bf9b9b053e9b382a,0,141,1,1,2.05,3,149.7,112,60.5,8.13,7.6
8de18ee3a88e4edeaf42c5f8f3411c4f,0,140,1,0,0.0,1,149.8,134,40.0,8.22,8.1
fbc7e7106b8644478ac8001fd0b93728,0,99,1,0,0.0,2,190.4,102,46.0,7.91,11.2
9cf61e32acab46299dbfb489894260dd,0,166,1,0,0.21,1,181.4,108,55.1,12.69,11.6
499d57c1c3554220a9eeeaf8d384e74b,0,124,1,0,0.0,1,151.1,123,42.0,9.37,5.3
172b510a44df4bb094f9793ead4b7246,0,74,1,0,0.0,0,155.7,116,42.0,8.69,8.1
207faf9525064066bac517ddf2b3e746,0,117,1,0,0.0,2,149.9,95,48.0,12.81,13.3
b5d0cddc36394c6eaeee6ce2d128cb04,0,85,1,0,0.0,3,222.3,132,58.0,11.58,11.0
28a4dd1c220b4c61888b0cf64431d33b,0,36,1,1,1.81,0,149.4,111,55.1,6.59,6.7
e215d0f71c2a4893865518cfb638b652,0,102,0,0,0.0,0,233.8,103,59.0,11.08,12.8
8d9b385e311d4ac08d0006854f87899b,0,76,1,0,0.0,0,204.2,100,60.0,14.63,10.5
abbd835ff2b847609c2d84c0b3b97697,0,165,1,0,0.0,1,242.9,126,60.0,10.49,0.0
0bac5c7c365a4047857b61a2ce360b5c,0,130,1,0,0.0,1,150.4,119,46.0,11.53,12.3
38b65b2367304dc7ab614346cabfd92f,0,78,1,0,0.0,0,208.9,119,57.0,12.62,12.8
98dad6ba5d7349ee8a4033fe25f01979,1,55,0,0,0.32,1,191.9,91,58.2,12.81,14.3
d3ff1e53d8f548e783df5372c19cfe88,1,92,0,0,0.21,2,130.7,113,47.1,13.03,9.4
2c9ff0636dde41b8884053b6cefea932,0,129,1,1,1.59,2,119.6,104,60.9,13.94,5.9
9cbb48cdef464fefa164b07d138de4ee,0,18,1,0,0.0,1,273.6,93,57.0,5.73,8.2
a24cba56ee1341c2b42bf51917919aaf,0,161,0,0,0.0,2,156.1,114,42.0,9.02,11.1
619af08554534783ba070af215b9f213,0,93,1,1,2.16,2,178.7,134,67.6,8.93,8.0
a3d275a07cf94e93808ff30c5c6adb62,0,144,1,0,0.0,2,177.5,93,55.0,14.37,11.9
ef2df567b7204139afcfd6b3259a888d,1,75,0,0,0.0,4,211.3,61,45.0,5.28,9.7
48849d5578f641f9a50943867977c166,0,95,1,0,0.0,1,175.2,91,51.0,12.22,7.5
881f484e7e5f49d185a2460c97636803,0,126,1,1,3.4,3,114.3,102,70.0,9.52,12.6
e33cfce2d8ed4afd9082d2fb7809dbbd,0,124,1,1,2.03,1,251.4,104,82.3,11.26,7.5
b5b4b292d2de472390bb4395938e02cc,1,93,0,0,0.0,1,216.9,61,55.0,10.37,17.5
50991b803b874090af69a5b5c6723b74,0,109,0,1,2.51,0,217.2,138,75.1,7.28,9.3
8645ace0e4c2461bbb3814b026da8cb3,0,80,1,0,0.0,0,206.3,97,49.0,7.75,12.4
cff855163ba9439cbe7d668da5024ab7,0,41,1,0,0.19,1,159.3,66,39.9,6.3,11.1
9ff5d49c2cc04f758d89f6c79af7cb6d,0,136,1,1,3.08,2,143.1,88,75.8,11.83,11.4
a4be3f6358bc47d8b844ed958b05d6fa,1,92,1,0,0.0,3,154.0,122,55.0,16.49,5.6
ea8a5053483b47f3a5493127190ad75a,0,143,1,1,3.13,1,186.6,69,82.3,11.1,11.6
a49f481d624942baa75654d1f5bd1cb2,1,118,1,1,2.59,5,170.8,114,71.9,9.98,9.6
07fd1cf8b414438ca644ed46ff59b241,0,193,1,1,3.32,1,124.0,102,72.2,10.15,12.3
8bd34f1b727b4640bf36aedd89302a5a,0,73,1,0,0.0,3,198.3,94,58.0,13.97,14.8
b0894e51df0c481a839725981f9f1ad2,0,62,1,0,0.0,2,172.8,101,47.0,10.24,9.1
3e8155e630a14d60a059a980eb351f9f,0,30,1,1,1.78,0,217.4,74,73.8,10.69,6.6
c7dcf39cd3584948b1a5d5cc7f182cae,1,60,0,1,3.78,0,265.9,113,101.8,10.79,14.0
b0b6f49796dc4665a653176545607e90,0,148,1,1,4.73,1,93.6,137,80.3,9.69,17.5
cb84ded431294cfaa9d3abf87707db9f,0,96,1,0,0.0,2,98.2,100,43.0,15.36,7.6
21802cd8ae9f4874b71b0394690fc8e0,0,52,1,0,0.35,2,214.7,68,53.5,7.93,9.4
7ab338b22ad2495ca0e66337a3441e1d,0,87,1,0,0.0,1,168.2,92,48.0,11.24,12.9
f62af90e10bc4d1b9c2103204e271bec,0,41,1,0,0.21,3,202.9,97,50.1,7.69,9.0
5ce6176cc98b4b099455aeb21904283b,0,112,1,0,0.0,1,261.4,108,58.0,7.73,11.6
bffd03bb782748c783058036e151dc93,1,88,1,0,0.0,4,73.3,86,27.0,8.07,8.2
901972d11d864172953d0fb67ef251ad,0,122,1,1,2.48,7,253.7,84,87.8,11.46,9.2
01df539a7f3542aba50d5451a1470ca8,0,61,1,0,0.0,2,45.0,108,21.0,7.57,9.8
6024d644d375464996c7c23c52309354,0,87,1,0,0.38,1,231.3,105,57.8,8.59,13.0
f299a2a9d781460786b6d1073f6c2614,0,176,1,0,0.25,2,47.4,125,25.5,8.39,10.5
bab60c32b50b45d4831ca9da421e0833,0,30,1,0,0.0,0,227.4,88,55.0,9.13,12.5
5bfeec2a8e3d43a49882c35d746d5df9,0,95,1,1,3.21,0,40.9,126,51.1,6.67,11.9
b96dd190747c4d0aa23394e0f6217523,0,46,1,0,0.0,2,124.8,133,35.0,7.87,8.6
5d44ebf97deb4a519f1c86a1af48aae1,0,100,0,0,0.19,0,68.5,110,42.9,16.86,12.1
da27fbb2c72646c69f9be47aec83c3aa,0,47,1,1,2.11,2,163.5,77,67.1,10.16,7.8
299f62fefbea4329b60f1a3c868d1816,0,77,1,0,0.0,2,163.0,112,47.0,10.96,6.7
e1f736f641f5461c83954b6202ecea26,0,98,1,1,2.89,2,213.7,61,86.9,12.65,10.7
0057174342eb404cb75bf9b8886c1ce2,0,125,1,1,1.46,1,201.3,117,52.6,2.11,5.4
38f8b484225b41d4a839c753f7a466f2,0,67,1,0,0.22,4,310.4,97,61.2,3.33,9.2
400d77e3dc014367b5aefef41fc9524f,0,194,1,0,0.0,1,48.4,101,33.0,14.06,18.2
557153b963234556b095f3dd59135adb,0,128,1,1,3.78,1,171.2,88,79.8,7.29,14.0
435836deb75c4f6d82a40b014cf3aa03,0,190,1,1,2.3,0,166.5,93,67.0,9.15,8.5
0373214bfe3a40868993174e2b02f80f,0,165,1,0,0.0,0,216.6,126,54.0,9.54,12.4
d8dc88c073104d43868973332776fd44,0,59,1,0,0.0,2,107.8,113,37.0,10.83,9.9
3d6aef89717048b6b94b236ffd8dd6ee,0,47,1,1,2.11,1,141.3,94,60.1,8.4,7.8
7023f26adce74b39a924b51c0eb048e3,0,150,1,1,1.78,0,209.9,77,67.8,7.9,6.6
f49bdbd6c68e4d5d8a7371dff23a9186,1,152,0,1,3.83,9,237.5,120,100.3,12.67,14.2
62cc0c05c5e84031a7f082827e565693,0,26,1,0,0.0,3,234.5,109,59.0,10.83,3.5
08d75c39a2534e6a9f92fe22a3e4855d,0,79,1,1,3.29,3,103.1,90,71.9,12.15,12.2
5b97ca6c9ee147b1bac6e5c90c1ac74a,0,95,1,1,3.21,1,129.5,106,76.1,12.45,11.9
355b002f23f84a81aa6ee55157aa3ea7,1,69,0,0,0.0,2,279.8,90,69.0,12.44,8.4
a43f7b5b91e74609a5b535d44d98ce3c,1,95,0,1,2.78,5,136.8,91,68.8,10.04,10.3
df405db2327c4b3eb2660f8eae378de4,0,31,1,1,1.59,0,100.1,54,53.9,12.32,5.9
80a4836b35ad41c1987f3a3000b86426,0,121,1,1,2.73,4,237.1,63,85.3,10.28,10.1
c358fc4ae3614cea9cd1e9c5b932cb1c,1,111,1,0,0.0,4,172.8,58,45.0,9.16,7.9
86a54561b8324536b9cfb5fdac7717cc,0,157,1,0,0.0,2,224.5,111,56.0,10.04,11.5
0b28ae75b144425fabfb130bc3b97788,1,44,1,0,0.21,3,288.1,112,73.1,12.9,10.2
6489fe29da10485481b81731a733bbbf,0,61,0,0,0.0,2,78.2,103,30.0,9.8,10.1
a8eecba15e0e441b895d2fabfa6a0508,0,65,1,0,0.0,2,148.7,80,48.0,12.95,12.7
23125c96190a48adbff6d27bb8ba06e2,0,74,1,1,3.54,2,194.6,84,79.4,6.0,13.1
4862fa2f82064216ba74b80854a701fd,0,123,1,0,0.0,0,159.5,77,53.0,15.19,12.0
542405da9aa44caa9e3735286e6f8731,0,58,1,1,2.57,1,194.5,110,77.7,10.69,9.5
52dc111b9e504b3f8d1e81c8893cb0a6,1,74,1,0,0.0,2,174.1,96,51.0,12.56,8.3
70a2b7e387384148b679a95655a27c9e,0,125,1,0,0.39,2,131.8,97,38.9,6.84,7.7
eb166dd9187346ef8988d946343af399,0,80,1,0,0.0,1,160.6,103,48.0,11.85,10.7
cbd056c54d28426bbb5cbc4ac284bf44,0,53,1,1,1.94,0,146.8,107,71.4,15.5,7.2
925eec745e0747878f80391241a7a877,0,99,1,1,2.46,1,200.7,88,81.6,13.21,9.1
e1fe82ff1ace46768ba61748f8c6441f,0,99,1,0,0.33,1,145.6,106,37.3,4.92,10.9
6713ad00a3d142f8bf1facbb8daa6191,0,66,1,1,2.16,2,229.4,104,82.6,12.87,8.0
32c87fc7361f4ebd9fafb79c5608fc21,0,97,1,0,0.0,3,211.0,76,52.0,9.45,4.7
454b69f7c4ab43c499db51002dc36a8e,0,75,1,1,3.05,2,121.5,97,74.5,13.57,11.3
0f463eceaf254f559e13453bd0371b6b,0,85,0,0,0.0,2,216.0,73,53.0,9.41,3.6
34fd1c57b2a3480087de775104d08008,0,108,1,0,0.0,2,293.0,88,64.0,8.03,10.0
7ded1d9279874d67807d65ee2f655edc,1,133,0,1,4.16,2,221.1,137,102.6,13.25,15.4
5b139ae06b304acd9411d4138d974d0b,0,51,1,0,0.0,1,181.5,108,48.0,9.85,10.3
9a50011882f542dd945b3e35faa696d1,0,186,1,1,3.92,2,74.3,107,67.2,8.87,14.5
20929cde054a456c93fd8d4cca5de45a,0,44,0,0,0.0,1,62.3,92,34.0,13.75,10.8
0972899f1dcd4bf184a9072450dce13a,0,64,1,1,2.43,3,228.6,88,84.3,12.43,9.0
d574422fd4bd42519e8d0f1d78f699c5,1,44,1,0,0.33,2,228.1,121,66.3,13.83,9.9
c2fd410b655e4a709fe16bfd25bcc9b4,0,114,1,1,3.83,1,309.9,90,108.3,10.02,14.2
cd577a08abd7429ca07c8d00084e6554,0,92,1,0,0.16,3,201.9,74,55.6,11.34,13.7
3d4b70c9350845cda6419354d33f3c91,0,110,1,0,0.29,2,149.8,112,43.9,9.0,11.7
10931a213afd489e9c375e3af6ccd86d,0,90,1,1,2.08,1,183.8,76,71.8,11.49,7.7
e829be84532943aa8f6f552e3094dcfd,0,72,1,1,4.46,1,186.7,108,105.6,16.75,16.5
973923c747d1436c8a2639bf33e45f56,1,113,1,0,0.0,1,209.4,151,66.0,17.37,7.4
2f032a992286491aa2cea135350273da,0,171,1,1,2.75,3,223.2,77,81.5,9.16,10.2
6ea142296ff34e23bd6f8d78042a115a,0,104,1,0,0.0,1,164.2,109,42.0,7.77,10.7
7436b7983d0c4835b5ff8329575f9165,0,165,1,0,0.13,1,150.5,75,43.3,9.66,10.3
318d8398926b4c8ebc5e7d6f1cb94f5d,1,104,1,0,0.0,0,234.2,128,65.0,14.66,9.8
ef68143bed684904a23dbf79f6060644,0,110,1,0,0.0,1,55.3,102,24.0,8.24,10.2
92e9f20b116549688baa5c21e42b0d55,0,90,0,0,0.0,1,221.8,97,56.0,10.19,8.4
f6dbe5822fca409ebb38af1a027d5353,0,114,1,0,0.4,1,169.6,85,38.0,2.95,7.4
e2d11f6ee9e44c45bf40df809cec6024,1,101,1,0,0.0,5,89.7,118,38.0,13.01,13.5
a81e428e03ae43eca71b6878214fbfc0,0,117,1,1,2.32,1,80.2,81,56.2,10.95,8.6
e99c29ab174644bba6767bf09b8e85a1,0,109,1,0,0.42,2,218.9,105,67.2,15.0,11.3
550fcdb5318f45659c351899c3bf58ab,0,82,1,0,0.0,1,125.7,96,40.0,10.38,12.9
6fcd40c6ced54b54aa61c41e7293aba6,0,92,1,0,0.31,2,176.3,85,41.1,4.67,9.6
5b08cbeecb534b8bba413a9bc636d31d,0,82,1,1,2.57,2,207.2,111,82.7,12.71,9.5
774d1f08df63416a9ff928c1eea6afab,0,90,1,0,0.0,2,205.7,138,49.0,8.1,12.5
110dbbb23f114ae384c36a771038cafe,0,87,1,1,0.0,1,151.4,95,39.0,7.62,0.0
1762908192e941a79926383d6a6ccae1,0,124,1,0,0.0,3,157.5,70,38.0,6.54,9.6
0580ae4742294fcdaa4adc360bdd307e,0,39,1,0,0.0,2,160.4,68,36.0,5.13,9.1
db4443d2d27e400389b54ef023321be3,0,84,1,0,0.0,1,159.0,80,42.0,8.4,12.3
9ba3dfcfa9bd417d8c37138a787cebdb,0,75,1,1,2.48,0,214.1,62,78.8,10.05,9.2
d6200e425c8243d1a356e8408e69e2b0,0,102,1,0,0.0,2,102.6,89,39.0,12.3,9.1
1335f18eb4564b40ace0d45c82acbbb5,1,62,0,0,0.0,0,159.7,86,44.0,9.88,13.9
e8f38e3a4a124db0951899279aaddc1d,0,143,1,0,0.27,1,202.8,109,51.7,8.29,4.6
fa965ee9b8754b6298542ae4a26e3f93,0,53,1,0,0.0,3,57.5,95,33.0,13.28,11.6
bc3209ce524749cf82b00c190650eb60,0,30,1,0,0.0,1,169.9,144,49.0,11.26,11.4
eeebc83eb79c43d39509826cf1916340,1,112,1,0,0.0,2,335.5,77,76.0,10.63,12.7
6574810622e447758fca7512d1a9065d,0,129,1,0,0.0,0,139.5,119,49.0,14.47,13.1
687e26ffc0c64d398877c37f11c21d3d,0,63,1,1,1.78,1,142.3,107,52.8,5.94,6.6
41bcdfc173fe4c73ae39278f338fa054,0,28,1,0,0.0,0,187.8,94,54.0,12.43,10.6
c21cdec9237949409480bd5139fdd380,0,111,1,0,0.0,3,146.2,55,48.0,13.08,8.7
f8ef48428e59437589ab896501b2cf52,0,91,1,0,0.0,3,231.8,120,53.0,7.53,11.6
d01d5e68fd3a4d838b9da87e0c196a5e,0,90,1,0,0.0,1,193.7,83,47.0,7.71,12.7
f2d52ac12f4549b983b5a6e3824f2190,0,151,1,0,0.24,4,156.4,108,49.4,11.67,7.7
6a3bed4bbc234433b580c4a0450cacce,1,105,0,1,3.56,1,220.7,82,92.6,10.89,13.2
dd6c5d48b609447c9813da0ddd82e2e2,0,41,1,1,1.97,2,239.8,110,79.7,11.1,7.3
a91253f3cb2e49d4b81265810360a99f,0,48,1,1,2.16,1,172.0,111,68.6,10.01,8.0
f465ec83ec094655b83e8d46348b461f,0,166,0,1,2.38,2,128.2,138,69.8,13.73,8.8
066ffcb03eab4198a2a02bbf606336df,0,79,1,0,0.0,3,130.2,119,47.0,14.55,14.0
a572faba5e3447caa96083401e50a87c,0,153,1,0,0.0,1,195.4,107,47.0,7.73,11.6
eb3b09bebc3c4297ae395ea5a4a073e3,1,110,0,0,0.0,0,293.3,79,66.0,9.43,14.5
5b093d98e85d4ad8ab3457d8e19c7224,0,163,1,0,0.0,1,191.3,89,49.0,9.7,12.8
ab767e915a1143608f9e6d6083d8f537,0,126,1,0,0.0,1,122.4,88,34.0,7.19,11.5
0d8b580c33b947cc8abd41f271b21579,0,105,1,1,2.86,2,209.6,68,77.6,7.35,10.6
46f26072ac59439c820e0cdd42cfc031,0,172,1,0,0.0,3,215.7,140,50.0,7.32,7.1
78dfa9170ada457091bfe66ffd8f9a8e,0,126,1,0,0.0,0,161.4,110,47.0,11.03,5.1
f005837b08334568ba442104fa30c37b,0,97,1,0,0.27,3,144.2,91,46.7,11.34,13.8
af50321896f047b5acc88f6c3acd8e19,1,95,0,1,1.11,0,220.2,109,65.1,9.27,4.1
6dd38552bf4a4dd998cbd28a65f74ad8,0,87,1,0,0.0,4,256.2,105,58.0,8.04,7.4
8723b24fac684133abf65d965647956c,0,97,1,0,0.0,1,112.7,119,38.0,10.89,6.5
1c8db97a99b1491295ea4f54d6684f0c,1,76,1,0,0.0,0,299.5,125,71.0,11.34,13.7
6b017899cb3e4c8392264850d577fe8c,0,140,1,0,0.0,0,194.8,107,48.0,8.55,13.9
2c9db02b3564460ba06064b7674510bf,0,169,1,0,0.0,0,100.8,112,37.0,11.5,9.5
4ba5dcec6fd7423ba6ef30014c1eed9a,0,68,1,1,1.3,3,82.5,97,52.0,14.5,4.8
621b1371028c41a4803d730e95311b79,0,122,1,1,4.21,2,146.4,104,75.1,4.49,15.6
92e62b87ae1148d2a1e1e9b1ef1c667a,0,36,1,0,0.0,2,177.9,129,50.0,11.23,10.8
14fdc39458384b31ad078994b06a00b0,0,120,1,1,2.75,5,153.5,84,70.5,9.7,10.2
bf8531e020c84f35b6e41d854ac67346,0,121,1,0,0.0,1,150.7,105,43.0,9.87,9.2
0df431b84845401ab1b427ef876ebe97,0,64,1,1,2.03,0,180.1,106,62.3,6.38,7.5
155b483b0bb24cf2b010b9c3c28f9a13,0,13,1,1,3.48,1,265.3,94,92.8,7.38,12.9
f070700425344ba0bbff59986f73dbcb,0,106,1,0,0.0,0,128.6,83,34.0,6.7,11.4
20757c7a55884275a2cd80a18a099327,0,88,1,0,0.0,2,161.5,92,43.0,8.68,7.9
9c63ad717b5b445cab60e49c345c4f66,0,74,1,0,0.0,1,165.3,120,45.0,9.93,9.8
d9ae672b84f64081973db5e322e04509,0,83,1,0,0.0,0,195.0,92,52.0,10.53,11.0
9ab538eab7fa4452b18f851334e023fa,0,49,1,0,0.0,0,213.8,79,59.0,13.26,15.6
f1c84ff241e3473694b0c68281da04aa,0,111,1,1,3.78,1,205.5,114,91.8,10.97,14.0
244e030fe0c74fd1b692ef6ef5060a10,0,50,1,1,2.3,3,252.9,112,82.0,8.9,8.5
c0674ea8629d4f06b04c6e8005f147b8,0,153,1,1,4.16,0,235.6,74,101.6,11.4,15.4
5a8a49bfcd10445abaf3596860d23c2f,0,88,1,0,0.0,1,192.0,91,44.0,6.38,7.5
b2303247530c4a8d9c67a1a1db4d1506,0,131,1,1,2.46,0,69.1,122,45.6,5.07,9.1
b06c0814e530426cb97200d90aaa3cc0,1,79,1,0,0.0,3,261.7,97,63.0,10.53,6.0
000920aa0fb34640a2b2ee467db44db2,0,140,1,0,0.0,2,235.5,81,62.0,12.86,11.5
89f4f324ea70443ea129f08176c3cb62,0,105,1,0,0.38,1,213.4,100,57.8,10.25,9.5
995ba3208a9f483d87d3644d476d1f42,0,54,1,1,2.48,3,206.9,143,71.8,6.39,9.2
7622936043a1424b86b0a9e0148c83fa,0,87,1,1,2.3,3,263.8,65,77.0,5.17,8.5
dd97fc2416e24afe97d12cab4da7064c,0,96,1,1,2.84,1,183.4,126,76.4,9.78,10.5
45d1d891a1e844f4a33db0161429d101,1,79,1,0,0.0,5,157.6,85,44.0,9.71,9.4
d7c3a1b41ce14198b40aab648053478a,0,55,1,0,0.0,0,175.6,147,44.0,8.09,9.3
0fb1b2f499ff40e0b9305303aa7ca760,0,130,1,0,0.0,2,242.5,101,50.0,5.14,9.3
7053214355cb4112bb92b73ce537c42d,0,34,1,0,0.0,0,151.0,102,37.0,6.57,9.9
3ea15d7d712f4ba29088ed339b599df2,0,139,1,0,0.29,1,138.1,103,40.9,8.23,8.3
05015b9790ea4294871a00ab0210da01,1,109,1,0,0.0,1,264.7,69,71.0,15.25,9.5
ba8d9459f990438f9814700b96b094d3,0,65,1,1,3.24,1,282.3,70,93.4,7.6,12.0
cda8a381d22e43e894ffd9c2dec86df8,0,63,1,0,0.37,0,211.2,80,60.7,11.89,12.3
81853d9f8cd04ccbbeed2913931eeee2,0,152,1,0,0.0,3,197.1,126,45.0,6.51,7.4
26f1c62a411a424091fbc6e04a520449,0,147,1,0,0.0,1,205.3,95,50.0,8.34,7.8
acce9e55d98d46479c3601bc30664887,0,112,1,1,2.48,2,181.8,110,75.8,11.41,9.2
f4cb608d5f10497a83cf4ef43919d055,0,120,1,0,0.0,2,252.0,120,56.0,7.51,9.6
38bc9d5036ee4c47aa572a1009cd97bc,0,27,1,0,0.0,0,193.8,102,44.0,5.95,9.2
6b161ce514c947dd986b76928824bb3d,0,171,1,0,0.0,1,231.2,135,56.0,9.44,12.3
f8137d48b23045bbbfa77110e9ded601,0,101,1,1,4.19,0,200.1,108,92.9,9.45,15.5
481453650c8d4458bb655b48c5eb9eaf,0,32,1,1,4.4,1,266.7,109,110.0,11.62,16.3
0ad42bda99a44c919c29c9e58666548c,0,3,1,1,3.21,2,118.1,117,71.1,11.08,11.9
10f851e61d554c9a985cb5476d12c493,0,151,1,0,0.43,0,175.3,106,47.3,7.22,11.8
8277266a31e34eba99ae3f494cc6fe0c,0,60,1,0,0.35,3,125.1,99,46.5,12.44,11.2
45f705b17d9842a9b997d37f5271f06e,0,119,1,0,0.39,1,176.8,90,53.9,11.24,7.5
a1d2702dab00449fa0318b9962115413,0,43,1,0,0.0,1,241.9,101,53.0,6.47,5.9
0d128ae5e6a94154b6177bf2baa8ef2d,0,42,1,0,0.0,0,241.2,134,51.0,5.83,10.6
5ad20fdb22e840ea8d41386747884fcc,0,84,1,0,0.0,1,217.1,99,57.0,11.8,9.4
6a11f8f26fad4437b760c3dc3a5b4c47,0,65,1,0,0.33,0,195.4,110,52.3,9.06,8.9
12a443bfd0094518b7b8772c864df128,1,75,0,0,0.0,1,222.4,78,66.0,16.35,8.7
4cb7c937ab944229906fa68e3f8356b2,0,116,1,0,0.0,1,189.5,90,49.0,9.49,13.1
aa09ccc114f44d968405502c02d141d9,0,107,1,0,0.0,0,123.1,100,35.0,7.92,9.3
e17c008e94c146339dc7c9393ce08bbd,0,189,1,1,3.08,3,256.7,98,87.8,7.53,11.4
d0569a580c364fe586da543658597fce,0,123,1,0,0.0,1,159.1,94,48.0,12.08,6.5
e0f696b6d80146ecae846f9b3a48a604,0,110,1,0,0.24,3,100.1,90,39.4,11.67,11.1
167cf317822c49b084004f40e0acf9c1,0,63,1,1,2.32,1,30.9,113,45.2,9.35,8.6
6f8f702b2bb04bd6985472ce9a6746ab,0,176,1,0,0.0,3,223.2,76,57.0,10.72,10.1
61e10d1d16b542a7958c804cd141d594,0,108,1,0,0.0,1,187.4,101,49.0,10.0,12.6
d63c3186167443c8be17b7ca8fc401f4,0,13,1,1,3.27,3,315.6,105,104.7,10.45,12.1
8e2358aea99045588f74008b9b70d3f3,0,71,1,0,0.0,1,277.5,104,59.0,6.59,8.2
0f0e1f7e15174af6979a92d60f97001b,0,88,1,0,0.0,2,189.8,111,50.0,9.87,14.9
7d805c86aefc4971834cc68c63d354cd,0,137,1,0,0.0,1,147.2,119,42.0,9.64,10.2
d45e138027a44ef5b3a78ad9d40b5557,0,82,1,0,0.0,4,185.8,36,56.0,13.83,5.7
21496a4e91484be3b874536290f3327f,0,92,1,1,2.16,3,155.4,110,64.6,9.43,8.0
85d509d5a3de4c158e20233352698885,0,165,1,0,0.0,6,154.2,91,50.0,13.43,10.9
9ced3a364e5d4d618bd922d84aa0bd21,0,96,1,0,0.0,1,97.6,98,26.0,5.28,11.6
43e3ab59d64844ef8428ed49c23f45c4,0,156,1,0,0.33,1,178.8,94,49.3,8.92,7.5
ba7727338b294757af3c51bdabc0d0c9,0,63,1,0,0.0,0,149.3,104,49.0,13.68,9.1
c580beb5c1f047d1bb1beb5fe31a6d2d,0,37,1,0,0.0,0,206.0,89,51.0,9.3,8.4
d355c2b9cf884b7fbd7436aa7f7d19f3,0,98,1,0,0.0,0,216.8,86,54.0,9.54,11.0
98392be1cae94807b01fe2c366696f26,0,121,1,0,0.0,0,103.3,110,29.0,6.46,10.7
2350fb741b8e4c6abb9108b995c29d12,0,94,1,0,0.15,0,139.4,95,39.5,7.96,7.7
fd232e5d48eb468c9d9e079d16db17ce,0,99,1,0,0.0,1,191.2,110,47.0,8.2,14.1
872deca725a042ba8eb3c77830e2edc2,0,163,1,1,2.81,1,160.0,104,72.1,9.47,10.4
61e45fc024f74618a1f38fab53899316,0,161,1,0,0.32,3,221.7,95,58.2,9.65,6.5
5c76d77e859d4e5db5b3294921c7bbdb,0,99,1,0,0.0,1,62.9,81,31.0,11.55,8.5
5aac52877ca0482c8813916a01db35e2,0,108,1,0,0.0,1,215.6,78,54.0,9.77,3.6
9e93799cfa8b41eab111e27fc753b398,0,84,1,1,2.05,3,165.3,97,68.5,11.18,7.6
b90afe66eac74a9d913ce0bdc15d5931,0,83,0,1,2.86,2,94.7,111,58.6,7.72,10.6
0ed9006db23244ae8102b645b4d298ea,0,139,1,0,0.0,2,203.2,81,48.0,7.63,9.7
481e301957d442ccaca8a7bd74a5d883,0,69,1,0,0.29,3,195.3,70,54.9,10.84,12.5
86fbf3e145bc403983952e458e073ce6,0,129,1,0,0.0,4,143.7,114,50.0,14.89,11.4
943a11b3031b4f939cecbf5819e2e55f,0,106,1,0,0.31,2,114.4,104,30.1,3.92,0.0
13802929f8f14bdb9e5d8227b11dc5ed,0,158,1,0,0.0,2,222.8,101,56.0,10.15,6.9
5f753becd03f4708b66fa1429a52864c,0,168,1,1,1.97,2,175.9,70,67.7,10.59,7.3
f6da60bd0d124152ae77aaba97b5d3f6,1,115,0,0,0.0,1,249.9,95,64.0,12.13,15.3
d1855f1491db4598b92ebc6a867d69cf,0,57,0,1,3.08,2,234.5,130,87.8,9.76,11.4
5ad9189990de4d989c5a8e3111d35676,0,67,1,0,0.0,1,210.7,116,55.0,10.96,7.2
d2e01259252e4510a061b09f3e9645a4,0,127,1,0,0.0,1,182.3,124,46.0,8.5,9.3
9cf6237c839840e2a76414cdf4000e07,0,78,1,0,0.0,2,190.3,88,49.0,9.73,11.7
4b4c8110bce3401d9474990afbbd6aff,0,100,1,1,2.0,0,177.1,88,65.0,8.19,7.4
febaff617c1a4a48bd4be7700a2d839c,1,103,1,1,2.94,6,87.2,92,59.4,8.47,10.9
0d47ee2d1af444219901c90e85e36f41,0,113,1,0,0.0,1,215.6,96,54.0,9.67,13.5
06030bed489c4e1da7251dcdf67f7007,0,78,1,0,0.0,3,137.4,109,44.0,11.88,14.0
301433c5272a42ee867699768f35f957,0,129,1,1,4.43,1,192.8,103,92.3,8.85,16.4
06b9040b2a47433295acb46eae4073e1,0,57,1,0,0.2,2,149.3,100,45.0,10.01,11.9
cabe4e2177434101ac712617ffbfa53d,0,82,1,0,0.0,1,143.7,116,39.0,8.54,7.8
7887f3a80a05432d9bca8908c86096e0,0,64,1,0,0.0,1,224.8,111,55.0,9.5,9.2
9e69d5899ff941f680a0c8c7ee3b9244,0,86,1,1,3.43,2,261.2,122,97.3,10.71,12.7
4fa887fd67974efe8005548887d5b38d,0,151,1,1,3.62,0,196.5,98,85.2,8.79,13.4
38d53e7a26cb4f5d96108ac0a86f75bb,1,94,1,0,0.0,3,271.2,105,64.0,10.13,11.5
6ae603e364bb4edc8bc3fc17e425bb42,0,90,1,0,0.0,2,207.2,121,61.0,14.63,8.0
6cb2b75b670c442fa209d3ffbd1dca25,0,48,1,0,0.0,2,300.4,94,63.0,6.66,7.2
25fcd919c28c4b06bba2d8e6fb063f84,0,85,1,1,2.57,2,229.6,123,76.7,6.62,9.5
e46730e7cee64e1cbac5f60671f84824,0,93,0,1,3.27,1,187.5,110,79.7,8.49,12.1
ba6043d57fde4f5fbbb5bb8b50cf78d8,0,169,0,0,0.0,3,57.1,98,27.0,9.99,6.5
f557e9926ba243a6bfe55eabd49c128c,1,68,1,0,0.0,5,162.1,86,41.0,7.75,11.0
6f2535b8eb63451ea406e4926167a8cf,1,91,0,0,0.0,2,145.0,89,40.0,8.79,16.7
e52902e2e237496791302f8ea7406869,0,68,1,0,0.0,1,159.5,123,48.0,12.04,11.4
fed39b36c255455abea09cd582c13177,0,101,1,0,0.0,1,190.7,72,51.0,10.43,8.8
5e12049c8bed4cb9a9e862360e9089df,0,67,1,1,2.54,1,230.6,40,81.4,9.46,9.4
b24940e5a4814fcaa007e7dcc48032c9,0,66,1,0,0.0,0,34.0,133,30.0,13.93,11.5
2ef2246abe55441398e85db8537cebda,0,116,1,1,3.08,5,193.4,112,84.8,12.03,11.4
0508852394d645c2b865b01ee8c60916,0,158,1,0,0.0,1,202.0,126,49.0,8.18,10.4
aebafd1b2dc64fff9da26b6441cc36f1,0,78,1,0,0.0,1,191.7,122,54.0,12.07,9.1
c1e19e09e3d4481aa0b4b311dbc294de,0,119,1,1,1.78,1,161.3,97,66.8,12.52,6.6
a80ae4e6324546cb90eb1d9c1cd38817,0,120,1,0,0.3,1,150.6,85,39.0,5.95,6.4
db91abcc030947b58f7bdd7fd52d123c,0,155,1,0,0.34,1,184.6,102,52.4,9.8,7.8
693799bbc0b144a1911e6772ca9bec1a,0,106,1,0,0.0,1,220.7,120,61.0,13.51,8.7
ddd300958aeb4c039e68256e62ca95bf,0,87,0,0,0.0,1,167.3,119,46.0,9.93,11.0
2bc3f85cb169436186e6880eb8ae3c21,0,146,1,1,2.21,3,154.0,80,64.1,9.28,8.2
d879e5d5dcf64895a551103a5add81fc,0,101,1,1,2.73,0,121.1,116,64.3,9.32,10.1
2aad08db77e74e09947f0737ea8355ef,0,22,1,1,3.43,3,182.1,94,79.3,8.23,12.7
bc75731c2e884b0aa0782c17b701b905,0,90,1,0,0.0,2,109.6,88,31.0,6.88,11.0
cf2f04d5dd7e49b4b705cc991ef1fd4e,0,41,1,0,0.34,1,209.9,105,50.4,6.1,9.6
d8f2919572924cac862189e7e9ea3219,0,69,1,0,0.0,2,167.5,76,50.0,12.11,11.4
0c29a7fbca734496b548dcd8714f7c65,0,33,1,0,0.0,2,213.9,88,57.0,11.99,9.8
df9707f736724b42a987ee76be70ce4f,0,112,1,0,0.0,1,115.8,108,41.0,12.17,13.1
45797e5b3e9045338e52e65759e2fd18,0,108,1,1,2.65,2,276.6,99,92.5,11.01,9.8
e469af683ef640b7b13b33aadef67fb7,0,136,1,1,2.57,2,179.4,88,71.7,9.06,9.5
9ede6f9f164c47adb4d30000e949e512,0,128,1,0,0.0,1,187.3,84,55.0,13.54,10.1
9432a617ffd34caf8ef364b101dd9248,0,27,1,0,0.0,2,201.2,128,54.0,11.36,8.4
1ae54dd1dfb042dca45d74c010dd3f70,0,161,0,0,0.0,1,189.6,78,55.0,13.37,1.3
2b503934438647ac9651a000ea84229e,0,33,1,1,4.05,0,186.8,124,94.5,13.05,15.0
3a702fc862674addb0c06e9df0700772,0,120,1,1,3.08,0,153.5,83,75.8,10.96,11.4
f6fb9e9291754764834cb1313dc63794,0,113,1,0,0.0,2,187.6,97,50.0,10.41,8.7
1d661ab2f98148238965176ae5d11af2,1,122,0,0,0.0,0,230.9,132,60.0,12.16,11.0
f0b1b688e1aa42c2b60456754cb08af7,0,148,1,1,4.1,2,244.9,150,93.0,5.9,15.2
1f0ab2ab57054703ab86ffb6566196dd,0,74,1,0,0.0,3,230.9,93,59.0,11.15,9.7
96a2a59a78414eb58e3cb7f209259feb,0,106,1,0,0.26,1,187.1,104,56.6,12.51,11.0
79eedabd8f724120986ac7d4f3c234cc,0,179,1,0,0.0,1,170.7,54,46.0,9.56,13.3
9a29e28b498e4f6d9e6edbe669898616,1,149,0,1,2.38,5,126.9,97,59.8,8.35,8.8
22a893fdbe384ecd8c5d7fa5991d9fa0,0,77,1,0,0.0,0,189.5,112,50.0,10.35,9.2
d76a46e2a1fa473b81864151764beae5,1,127,0,0,0.0,1,176.9,110,45.0,8.4,7.7
fe1934694b784124bd98c272a0229bd2,0,80,1,0,0.0,1,161.1,99,45.0,9.94,10.6
09c58100c4de4230a2b3a75fcc55d75a,0,106,1,0,0.0,1,169.4,107,46.0,9.86,10.7
6373fe0771b54701b2ad9d7939b3da67,0,61,1,1,2.84,0,254.4,133,85.4,8.09,10.5
11d8f9d4d48d48f5bb205900135af2c8,0,135,0,1,1.57,2,127.7,54,55.7,10.75,5.8
299c9d0c26f34db490dd380b74e13fd4,0,115,1,1,3.67,6,170.5,107,84.7,10.86,13.6
57efa6041a814709a0ace294b51b65ae,0,167,0,0,0.0,2,219.1,100,58.0,12.15,10.1
bd47aed627fd4604bb453c41772658d1,0,107,0,0,0.0,2,273.5,104,63.0,9.19,11.0
0e72f33c12d24a768a49666a010e4608,0,112,0,0,0.0,1,161.9,138,45.0,10.05,10.7
aeccce9c25cc40a0af78916a5473b1d7,0,35,1,1,2.54,1,241.7,87,79.4,7.1,9.4
c690cae3912c4028b0779e1024ddc969,0,103,0,0,0.38,3,62.8,124,29.8,8.52,9.4
4df1936b6759493c844d97d8edc109f5,0,107,1,1,3.02,1,281.1,83,90.2,7.19,11.2
479fb8dc3a65405999bda0af9f034a5d,0,69,1,0,0.0,3,228.2,70,62.0,13.19,10.7
8ebf69c86d9246749ddfdac959749128,0,85,1,0,0.0,0,209.8,82,53.0,9.73,11.3
e3e899930d3144aba5cbef8a8a4bb52a,1,24,1,0,0.0,2,265.6,86,63.0,10.44,11.1
1ac97468b085456baecc3b3f6b09e5b6,0,90,1,0,0.0,2,214.9,97,47.0,5.89,11.8
0ad2278ab10840ec9d34b1a952c347b9,0,137,1,0,0.0,3,110.5,79,38.0,11.16,10.5
043df80fda9b4848aa48cf42b383c4a6,0,92,0,1,2.03,0,281.1,88,85.3,9.9,7.5
758a7abb07004f4dbf5592e2a340ceda,0,38,1,0,0.0,2,137.8,86,48.0,14.32,14.1
568e85b627624b5fab423e1af92d4c3b,1,69,0,1,2.21,1,271.5,98,90.1,12.67,8.2
7676a3cd033043b18efd706d9881284a,0,45,1,0,0.0,2,112.8,108,38.0,10.94,9.0
65370d0d2f06458692e2488a29c0025d,0,73,1,0,0.0,1,187.3,118,53.0,11.99,15.1
e884733ccb874768869cf548faa283dc,0,92,1,0,0.0,1,197.0,84,57.0,13.47,10.8
548a71188f4248979cc28ed24e7a5660,0,113,1,1,2.27,1,180.4,89,64.7,6.47,8.4
62550af7470a4b979af7a1a90d2ee8aa,1,68,0,0,0.0,1,148.5,126,44.0,10.97,14.5
c6654ac9cbcb41beba6591ce7cc81bc4,0,135,1,1,3.94,2,197.1,113,95.4,12.97,14.6
252d33cb386b471abc88d375ca7906ac,0,100,1,1,4.29,1,153.7,115,80.9,6.89,15.9
d70978da5e614666bfd0a51175bbc396,0,96,1,1,3.05,1,261.3,96,94.5,11.05,11.3
e358689269a34a6b9909a3d8f1c8d0f7,0,108,1,0,0.0,1,246.2,102,60.0,10.12,9.4
b2ae68c783a14f7ebbef1143caab6364,0,84,1,0,0.0,0,191.0,88,60.0,15.94,6.5
6d9ec65b839749be8e5eb8d6b338996d,0,134,1,0,0.35,1,208.3,86,60.5,12.68,12.6
81b8046845124624bf2b744ef7867972,0,72,1,0,0.0,0,253.0,73,62.0,10.97,9.8
27287333111043d58a968a6a36210423,0,83,1,0,0.0,0,202.3,87,52.0,10.08,6.8
551c94cca15d4f28b3a21764938d8a96,0,137,1,0,0.0,0,174.4,120,43.0,7.82,10.2
4320d4ed448642bd838c8a5299bf3719,0,56,1,1,3.27,1,127.1,89,69.7,8.61,12.1
7ddded8aefe24b669111a0b163469ba4,0,61,0,1,3.05,0,143.5,76,76.5,12.13,11.3
d03dd5900528408c97f72e7d8cda36e4,0,171,1,1,1.57,1,186.9,94,68.7,12.0,5.8
ca93050b380b43aa935d7231e1ccf8e9,0,123,1,0,0.0,1,194.0,118,54.0,12.1,12.1
b63dcc0bf3da4692b90f0c378e3737e2,0,58,1,0,0.19,0,234.8,89,50.9,5.34,9.9
c542e38b61074bae90a08b4b70b094da,0,156,1,0,0.0,1,123.7,96,30.0,5.15,13.1
220de680445345d682f9ac66844303dd,0,166,1,0,0.0,0,173.9,103,54.0,13.82,15.3
885537e89b4c4a12a67ccdfec519fdd1,0,75,1,1,3.35,1,130.9,115,73.5,10.17,12.4
899af14711804db0b45d2a0590123fa1,1,75,1,0,0.0,2,314.6,102,68.0,8.49,5.7
245d638d0e7247bbb0592e33be5b6710,0,83,1,0,0.0,1,227.9,78,57.0,10.38,12.1
013c14229c7e476e865c73fd5ca8a01b,0,243,1,0,0.0,2,95.5,92,31.0,8.19,6.6
660d0c8d60cf48bcb2cf5d730a210bbe,0,153,1,0,0.0,1,185.3,127,50.0,10.4,15.1
72d032d667694ba2aadcd31c77d09f67,0,150,1,0,0.26,1,146.3,133,45.6,10.14,13.1
2316918a28874706b7fd26448b90ca5b,0,92,1,1,3.43,2,184.0,99,72.3,3.82,12.7
a182a4cc7c6248b3b9f5a1d22077f983,0,80,1,0,0.0,0,105.8,110,22.0,2.2,13.1
d11b40be47c24dbf995cb77a0288167f,0,134,1,0,0.31,1,178.0,110,47.1,7.69,11.7
48d3344a01304e58aef219e484407bac,0,77,1,1,2.73,1,149.4,74,63.3,6.2,10.1
e635bb28018d4bd3892be9462b997490,0,147,1,0,0.0,2,209.4,104,47.0,6.63,11.3
c84555c663de4830a4d4f73536c93e36,0,74,1,0,0.0,1,172.1,105,48.0,10.59,11.6
e019c29adc4441d685cf8cf20461f70e,0,138,0,0,0.0,1,169.3,82,48.0,10.9,9.4
ae142ee1e619473ab23ab8d4e6f58c68,0,143,1,0,0.42,0,119.1,117,49.2,14.39,12.2
26ab3122476d4a6eb280b7e3f8ff0897,0,64,1,0,0.0,2,194.2,147,48.0,8.67,5.5
b9069dbff1b04196b1c198b19f9f6fe9,0,120,1,0,0.0,2,198.8,56,54.0,11.51,9.9
78326747597044929eadb9195d005a8f,1,121,0,0,0.0,3,167.7,94,37.0,4.69,13.4
5494b50be87242f6b2cf2cc8bf4fad63,0,88,1,0,0.0,2,202.2,86,53.0,10.84,11.8
0f4d4060b9e449ca89ec0c8b94db4138,1,87,1,0,0.0,2,322.5,106,73.0,10.23,9.4
38596edaebb44b5cb0cfbdbe5e3f40f8,0,100,1,0,0.3,0,216.2,107,59.0,10.78,10.2
066be623799141be834984b20a136a84,0,104,1,0,0.0,3,76.4,116,23.0,5.78,9.4
1700f84dde6b4f249688bf4de54b6344,0,27,1,0,0.0,1,72.7,75,31.0,10.43,9.9
966c9996cc8f4d2e9a2318f2ae86bf4c,0,81,1,1,2.62,0,210.4,100,81.2,11.28,9.7
f75924eda8e244efbef2468f6f077750,0,64,0,1,2.19,0,127.2,93,57.9,8.15,8.1
2a7cd72364e84d7db6459d828adb4ded,0,107,1,1,3.21,1,201.8,79,93.1,15.25,11.9
60f0ee088a284c70aef068639f212f17,0,88,1,1,4.35,1,219.5,78,100.5,11.11,16.1
cee81febaeab4dd98142d1b426b6a43a,0,111,1,0,0.0,3,99.3,112,40.0,13.53,9.0
16ae5248dc3042558d564bd3e9783d47,0,77,1,0,0.0,5,239.2,114,54.0,7.5,10.3
d0978226d70442e7af8e151216e8fb2e,0,67,0,0,0.0,2,120.9,58,41.0,11.75,11.4
734d5082c2774374b1c12f8a2006424c,0,102,1,0,0.0,1,224.7,81,50.0,6.47,15.8
03d235ca082545d3b4f3f87afeae1fd5,0,146,1,1,3.94,1,176.6,88,83.4,8.14,14.6
60e9571e583d424798fdc40fbd7f4a59,0,144,1,1,2.7,1,283.9,98,92.0,9.6,10.0
55202bbe620242a4bba483b17fb0d419,1,96,1,0,0.0,1,180.6,92,47.0,9.55,10.3
5bc465ffa771400eabd11619c9d75f9a,0,70,1,1,2.78,1,125.9,101,66.8,9.82,10.3
ca118d49a896473298e4d0cdbdf91eee,0,149,1,0,0.0,0,237.6,79,57.0,9.62,9.1
470920c1f14c40d99369f526c44fb222,0,129,1,0,0.0,2,198.4,91,57.0,13.24,9.2
b9fe51f473604cc5b1b676dcf1ad4bca,0,166,1,0,0.0,0,274.3,110,52.0,2.65,10.9
edae0d497ef0468db87c798e92b71da6,1,136,0,0,0.0,3,199.6,89,52.0,10.57,11.0
f81bd1ab584c4c21a53e26e7fdeb2de7,0,149,1,0,0.0,3,217.7,91,61.0,13.68,9.6
55d415b285bb4fdbbf2580e90f9b3452,0,70,1,0,0.0,3,134.7,96,43.0,11.8,7.6
3c7251c743fb4868991762346bc7a899,0,120,1,1,2.62,2,212.7,73,85.2,12.88,9.7
a322a118195247f9bb2b456e2404df3f,0,66,1,0,0.0,2,256.3,135,59.0,9.01,6.2
e6b49ade30194003aefc36ccdc8c8c78,0,104,1,0,0.27,1,183.6,133,44.7,6.04,12.7
539cfcedfbe94157a5b88c9a45df0623,0,160,1,0,0.0,1,176.2,90,47.0,9.8,9.2
6ee52070a7c347a8b57a51754222a159,0,129,1,1,3.16,1,205.0,94,80.6,8.27,11.7
806c45faacb3410aa332c874c0b7446c,1,93,1,0,0.0,3,267.9,114,65.0,11.15,11.3
45d47e54e9644509bcb30391d1739867,0,169,1,0,0.0,2,179.2,111,46.0,8.76,9.9
7cf1fb7d193446e7804c595cf13fcbeb,0,58,1,0,0.0,1,149.4,145,43.0,9.83,14.9
765c98b9008b4814b4f2cecabcde3d41,0,75,1,1,3.54,3,163.6,132,76.4,7.34,13.1
a3e99ce45f694766ab6251d1669f4241,0,45,1,0,0.0,1,207.6,71,49.0,7.64,12.4
3c672d9a370b426caffd54672262d4ea,0,155,1,0,0.0,3,165.4,108,44.0,9.19,8.9
144ef5609c624a0aa2acbf1dcd2f292a,0,52,1,0,0.0,4,209.8,114,51.0,8.57,9.9
48f06204f49c419c98839ab5298a897c,0,119,1,1,3.0,0,220.1,128,91.0,13.41,11.1
35076814047e4490b847bda262be56ab,0,86,1,0,0.0,1,141.3,72,38.0,7.72,8.2
03ace79cb28f4d02a163b9fb195c5685,0,42,1,0,0.0,0,196.5,89,54.0,12.07,4.0
89d3cb59404444e68a50a0a7f9b42ca4,0,127,0,0,0.26,2,180.9,114,51.6,10.48,7.4
750fbc4224754db3b318cfef4891f7a8,0,123,1,0,0.0,0,105.0,150,40.0,12.58,14.9
4f614e29954446459fd26c2a12ae05ed,1,98,1,0,0.0,4,271.4,119,63.0,9.52,11.1
2c19a24032834f43aae7219b8208977d,0,149,1,1,2.94,1,206.7,79,79.4,8.73,10.9
e01088f3e6e04effaf6f1cff8da306f4,0,160,1,0,0.18,1,166.8,109,50.8,11.8,9.3
7c24bf9c688b427da295f7cb33f1d70f,0,103,1,0,0.0,5,204.9,107,47.0,6.76,10.4
67a68806e12544fe93b9c68c722f6a07,0,132,1,1,2.46,1,154.6,128,72.6,12.28,9.1
0a874e9c7f4f45b0a77691533b1e1459,0,137,1,0,0.0,1,127.0,107,50.0,16.16,7.5
bda1d7fabed348a999101705bc4f383e,0,129,0,0,0.0,1,267.4,78,63.0,10.21,5.9
5538a178a3f8464fb5c5d6223bf6ca8d,0,62,1,0,0.0,1,281.0,66,62.0,8.03,0.0
c913487d50f14fcaa0cb0b07e3d4ce7a,0,122,1,1,3.19,4,270.8,96,96.9,11.02,11.8
24ecd6218cbf4e5a955fb5e97febb07c,0,32,1,0,0.0,1,171.2,82,45.0,9.28,10.2
384a7f25a68948c78a61b06376534670,0,86,1,0,0.0,3,124.1,82,39.0,10.13,6.7
4879491687dc4e1ba31f1af6ac4cddc6,0,130,1,0,0.35,1,162.8,113,56.5,14.52,7.2
0055980bc77c4b939b1699c95c01fb96,0,42,1,0,0.0,1,146.3,84,47.0,12.8,8.0
07c2164a37be42fcaa24ae3bcf9b9bfa,0,73,1,0,0.0,2,254.8,85,56.0,7.17,15.0
1badd9bd48b0457db4ea436061476d3b,0,66,1,1,1.46,2,254.9,108,78.6,12.16,5.4
11986671c1ec4ae5aea68f59695319dd,0,103,1,1,2.4,0,107.7,124,59.0,9.45,8.9
d4d4738b873949a4bb39da2edba3a1f6,0,128,1,0,0.0,1,158.8,75,50.0,13.24,7.6
482d40e58ddc4fd19bb1253b7d493d46,0,104,1,0,0.23,2,182.9,113,54.3,11.98,5.5
bb87d64674674be9ab49b0e41131b93d,0,103,1,0,0.0,0,198.5,112,38.0,2.13,12.4
22cdc7f4582a45a58e307e4a7accb898,0,124,1,0,0.0,0,178.4,72,51.0,11.68,12.0
1058e233166744e5ab39d7bd9f790871,0,87,1,0,0.0,1,110.9,91,33.0,7.93,6.2
67e404d16e1e4c2f8d3e89a340e602d6,1,109,1,1,3.32,1,166.9,85,81.2,11.06,12.3
0340c30e58a64ca0a5e564d0af2932a0,0,167,0,0,0.0,2,244.8,91,47.0,3.04,10.7
2566c6a5bbc2448b8918fe5f5f3cc888,1,97,1,0,0.0,4,120.8,96,35.0,8.49,11.9
7fc49ba7eed24d32921f2dee17250bf9,0,106,1,0,0.25,2,165.3,118,48.5,10.5,8.5
33739f76f4a04f1395aedc1ab53852d9,0,125,1,0,0.0,2,126.7,113,35.0,7.78,14.4
ba2affafffd748a4802afc5ad5484add,0,108,1,1,4.19,0,215.9,106,95.9,10.03,15.5
45276b17d80e4a96b7038be7a81837a4,0,125,1,0,0.3,1,140.1,132,45.0,10.48,8.0
75dd94f405b743d097c1d30dd9dd8f4f,0,89,1,1,2.35,1,209.9,113,80.5,12.49,8.7
572cb3ef1cdb4a1f838c9bc3c524aca5,0,72,0,1,1.49,0,139.8,114,50.9,6.91,5.5
a6e017127a6e451fa69dfc1da7622052,1,23,1,0,0.0,2,321.6,107,77.0,12.58,11.3
d45db871c84a4638b31461a36e94711d,0,149,1,0,0.0,7,166.6,61,47.0,10.94,8.2
705a1b14e18746b38a63a8602e404d34,0,73,1,0,0.0,0,214.2,90,54.0,9.84,5.9
05a25d2051984f349648b41d6962400f,1,61,1,0,0.0,1,260.0,123,63.0,10.53,9.0
0c2c3599620b43a68c3795c3eb99b9cd,1,161,1,0,0.16,4,191.9,113,40.6,3.55,13.4
9764e66cf10d448bb16aabebc10c8020,0,73,1,0,0.0,0,213.0,95,53.0,9.44,13.5
c70012aef1d8403b8fc3c16c161997d2,0,118,1,1,4.56,1,118.1,83,75.6,5.48,16.9
c7669830eb43432686abc692ee8f788e,0,23,1,0,0.0,6,190.2,89,47.0,8.32,15.0
2732ee2e79de4b6d8c7dd3e6702127f8,0,127,1,1,1.38,0,82.2,95,41.8,8.17,5.1
14ade7401c7b487ba426e67652a22e37,0,42,1,1,2.19,0,163.8,80,64.9,8.89,8.1
0f45e774ffae4f12815d85b1aa52906e,1,118,1,0,0.0,5,267.8,145,73.0,15.82,14.4
f0f92288e7c04b389a38bab52e18e3b8,0,45,1,0,0.0,2,159.8,91,38.0,6.02,10.6
73cd721494084c9c8ddb7783c8b71e3f,0,50,1,1,2.86,1,214.3,129,90.6,14.49,10.6
ac29cb0c5e1543d8b7747dc32d9c2fa6,1,179,1,0,0.0,0,287.3,123,74.0,14.4,10.5
12530f94ffd245bf9066fbc909629876,0,152,1,0,0.22,2,101.2,122,32.2,7.08,7.5
ac536a2e5aa34726b5942ecfc1941335,0,105,1,0,0.0,2,102.8,74,42.0,14.09,13.2
4e1592b4b7fe432c8cd9c0202800ec63,0,72,1,0,0.0,0,109.1,97,29.0,5.79,8.3
3a12eced90b34e96836777558c26c6ac,0,52,1,0,0.0,1,215.9,67,56.0,10.85,5.2
77c9ec0baea044c0aa7d6a51df4ffa30,0,125,1,0,0.0,1,203.4,110,46.0,6.44,11.0
8dfb648d88004530a04109d3d98e6c52,0,143,1,0,0.29,1,110.1,113,36.9,8.45,9.2
2296d733e0954ed6a69f98047f286217,0,65,1,0,0.0,1,111.0,51,38.0,10.99,4.4
07584c1bb03b44d9ae37c92e386f9b2f,0,80,1,0,0.0,1,239.9,121,53.0,7.12,9.3
b0066ab8c6134d7e91b3415daf1f3932,0,1,1,0,0.0,1,144.8,107,35.0,5.63,13.8
b5189b1c17ee42afb79a186419802aca,0,60,1,0,0.0,1,135.4,134,41.0,10.3,7.9
43d198c453194df1b57cdeb81b1cf83c,0,43,1,0,0.0,1,84.2,134,22.0,4.04,10.8
faa14e37e0e24c8db0e6324c26bc819a,0,143,1,0,0.0,0,209.1,127,45.0,5.31,14.0
1e106ca0936b4720988119c3c3440552,0,81,1,1,3.08,0,130.1,117,69.8,9.8,11.4
5c17fccff0b549ee82b67e229d9af304,0,205,1,1,2.11,2,175.8,139,65.1,7.75,7.8
4247054069144b0d9dd08b1df7e247a5,0,24,1,0,0.0,1,241.9,104,54.0,7.26,6.6
bb554cf7d3e343d995ca9e0056f79082,0,74,1,0,0.0,0,136.7,106,43.0,11.43,9.8
35e042a6d6ec44798a9392d1b0214c5c,0,77,1,0,0.0,1,67.7,68,29.0,9.79,12.0
f8bc2ab734554b23b61c3506b3258f42,0,74,1,0,0.0,1,200.4,87,61.0,15.46,10.0
9c5bfe4a6b804362a6ed167fe3254e89,1,74,0,0,0.0,1,125.8,103,40.0,10.39,14.1
aaaac06844a4452b8f53c2aceb64bc2c,0,200,1,0,0.0,1,128.2,87,34.0,6.66,11.2
fda8145a40e94101a495ae7a38885c0d,0,86,1,0,0.0,4,226.3,88,58.0,11.15,13.0
8cfc529606d64df1ac4f79bbcc4adf6a,0,91,1,1,2.48,0,162.3,107,72.8,11.7,9.2
621100c8a5be4870b077e817f3988ee9,0,76,1,0,0.0,2,224.4,121,51.0,7.4,6.7
0d1f0acf7de84e479f43d22b8e90d066,0,130,1,0,0.0,1,120.5,127,37.0,9.49,14.3
85d67712a73a42a89818dfc47e87e6e3,0,56,1,0,0.32,2,91.1,90,34.2,8.97,11.9
dc9db144fea04e9f987c06b5237aea21,0,117,1,0,0.0,0,168.8,137,50.0,12.07,15.5
2cc01f1b4e91435fb5ab6106da227678,0,63,1,0,0.36,2,153.5,81,54.6,14.37,6.5
8ec46f869a81412c8645e1700c7bddfc,0,126,1,0,0.0,0,226.2,88,51.0,7.02,6.4
5a206a5ba2984e449d020a4b4c73f7f4,0,132,1,0,0.31,1,191.9,107,54.1,10.35,12.6
e7f9857d90fd4b6da9c3dd4d40737d29,1,81,1,1,2.48,4,167.9,147,69.8,9.54,9.2
9e6f17850610454aa6aaa02908e78743,0,122,1,0,0.0,2,180.0,88,43.0,7.25,11.5
cb81610c4eb44dafbf8e9c5feeee497a,1,46,1,0,0.0,2,257.4,67,66.0,13.06,13.4
e962c55c40624b5384220806f615bfa0,0,150,1,1,2.97,1,174.4,75,74.7,8.5,11.0
905c5a1b0d904e4ea7155484eeaa04e0,0,99,1,0,0.0,1,159.7,83,41.0,7.77,8.4
ec94f4681eba46d8b1973037675e7d30,0,87,1,0,0.0,1,237.2,124,60.0,11.13,11.0
609f2b6af2bc4ead8e59ba59ed46479b,0,108,1,0,0.0,1,103.0,129,39.0,12.12,7.9
e609f10e4028420794ac252c8bcef027,0,101,1,0,0.0,4,153.8,89,47.0,11.7,11.6
185bae2eda41400e9b8795e45c04eaa5,0,53,1,0,0.22,3,205.1,86,51.2,8.03,10.7
a92e9c4b9f174f2d9e8e4783105694bd,0,132,1,1,2.32,2,175.7,93,69.2,9.36,8.6
63c2357e80104da8b6793da4d6b924aa,0,158,1,0,0.0,2,155.9,123,46.0,11.21,8.6
3a3bece8ffae442baccd9ddacdc8ad34,0,114,1,1,2.78,0,154.4,109,73.8,11.07,10.3
da0c0c73f56646e7b3f6bd18a4eb2446,0,77,1,1,1.92,2,209.7,73,71.2,9.18,7.1
9d94e119b3d94613b96ca901f9a9581a,0,144,0,0,0.27,0,150.0,69,52.7,14.3,9.4
064db75f43a54cc1aef293545a8453ff,0,91,1,1,3.32,3,232.4,97,89.2,9.3,12.3
745be50a0336408aa8d2fe1a13f59a08,0,58,1,0,0.0,2,165.4,100,38.0,5.79,12.8
538dc5b38f0b447895e6ee19cd0a6e82,0,5,1,0,0.0,3,199.2,106,50.0,9.37,13.3
f0125dcc0736483e8d1bae75f1db1bdb,0,97,1,0,0.29,0,217.6,81,67.9,16.03,4.2
67e10f2c437f42bab9c7ca8264750944,0,107,1,0,0.47,3,212.1,95,53.7,7.51,7.7
c0fea72e2af74ba684fd07c5560c3278,0,142,1,1,2.92,1,154.0,75,70.2,8.29,10.8
d2c25194937e40169787b741aabeca7a,0,9,1,1,3.59,1,193.8,130,86.9,10.13,13.3
ba423e8a505a47f3a8ab676d28803443,0,73,1,0,0.0,0,175.4,130,51.0,12.41,12.2
2644f762cf05429c8a847dab766d832d,1,48,1,1,4.24,2,152.0,63,90.4,12.94,15.7
2aec46c08c8c4fb7968504e50b09dd4f,0,43,1,0,0.36,0,230.2,147,58.6,9.34,9.2
3e43f6fd53c64caf8e0db8808550204f,1,122,1,1,3.65,1,174.9,103,87.5,12.41,13.5
779a2fadb8fb47abb992863dc8b28eca,0,93,1,0,0.42,0,190.2,68,59.2,13.11,8.8
f1a9f9c319ca40fa98521177b2e4d6f2,0,85,1,0,0.0,1,176.4,122,50.0,11.25,11.5
907e41c493f643cf9aef12009c857fee,0,59,1,0,0.28,3,160.9,95,51.8,12.56,5.0
b241660dee8a4a83944e61bc9c468c51,0,87,1,0,0.29,1,228.7,90,55.9,8.15,11.8
e185a81ee9234c73b3ffaeec994c0008,0,137,1,0,0.26,0,144.0,90,42.6,9.08,12.3
40481f6d688d460e9f7bf77d7763317c,0,21,1,1,2.57,6,135.9,90,72.7,13.55,9.5
902546d6ea224eab8c67f47273a782c3,1,129,1,0,0.0,0,334.3,118,74.0,9.61,10.4
3370a049d78f4b8c88ff8218724525da,0,104,1,0,0.0,0,130.5,77,34.0,6.56,13.0
90c44e11134d489cb4b570692383ce45,1,93,1,1,3.19,4,134.2,105,68.9,8.13,11.8
4400acb3bae54ba9ae7bc053d423ffcf,1,63,1,0,0.0,4,278.0,102,70.0,13.32,13.1
6661892560bb470abd8addd482f0f0fc,0,161,1,0,0.0,0,105.4,70,37.0,10.74,7.8
b85477e4c1104a9598fe24a2d8a4d0af,0,50,1,0,0.0,3,188.9,94,50.0,10.2,11.6
b24da62aeb5d48709df4d6954c01cde7,0,103,1,1,1.86,1,111.8,85,58.6,11.98,6.9
9ef3f8be445c4d17a58272fa0ab7b35e,0,84,1,1,3.51,1,159.1,106,75.1,7.49,13.0
2272fc0a12684bd9b7357688e9cfb044,0,92,1,0,0.29,1,212.4,105,58.9,11.23,9.0
a18f5b59b517409d9e09a7c649b04895,0,77,1,0,0.0,1,142.3,112,51.0,15.32,9.9
0dd523b1364c4ff8bf067d527f95ce07,1,64,0,0,0.0,1,346.8,55,81.0,12.48,13.3
86eea428fdbb4957ab78bcb5ba60b960,0,159,1,1,3.19,1,113.9,102,63.9,7.27,11.8
cfc45e9e66314d7f968c83432a4f288d,1,110,0,1,2.24,1,267.9,103,90.4,13.17,8.3
b15f027d7a844368933040d809abdcb1,0,138,1,0,0.28,3,171.4,117,41.8,5.76,17.0
dcda4e1a0c9e40129de8b85a73697eba,0,178,1,0,0.0,1,275.4,150,63.0,9.38,13.6
00ebec825e7b4bddb60f1b30b339e6a2,0,38,1,1,1.05,0,197.2,118,65.5,12.5,3.9
26318ff21a19443a89280d87d24e255b,0,50,1,1,2.13,2,192.6,97,66.3,6.76,7.9
a71bef5753c049768e941d63145168e9,0,45,1,1,2.08,1,91.7,104,49.8,7.53,7.7
7a5fa799553c46bca6d2438e6d8491d2,0,70,1,0,0.17,0,126.3,99,35.7,7.08,9.6
57f59638c05d43338ec09094955a62cc,0,147,1,1,2.81,3,251.5,107,91.1,11.71,10.4
a537d05389944a199e1fdc9b54976f3e,0,94,1,0,0.0,1,190.6,108,46.0,7.62,7.5
2eff6cf41c6b4315891c9a559b454faf,0,179,1,0,0.0,0,116.1,101,37.0,10.09,11.6
dfc4de434c224efd907aeef981ec75a2,0,116,1,0,0.23,2,217.3,91,58.3,10.81,11.3
d8d03693329d4b249a3c0ecbc3eb0e7e,0,59,1,0,0.0,0,179.4,80,51.0,11.63,14.7
9448cbfa6f13471aa0315c999ad32e1a,0,165,1,0,0.0,0,207.7,109,50.0,8.24,7.9
26d550f6316f49dbb13f6ddb01c10a5e,1,133,1,0,0.0,2,277.3,138,67.0,11.42,12.8
480887c50194447d8145fd1a8954e1cb,0,140,1,0,0.0,1,125.3,84,36.0,8.38,8.4
c66e5bc7a9234309b882895456c9a067,0,93,1,1,1.84,2,138.1,91,56.4,8.37,6.8
29b7a9f6857c42419f6c41b4804b87c9,0,52,1,1,2.21,0,169.3,88,70.1,11.3,8.2
21e19c77579c4662848f80ed5f410292,0,64,1,1,3.32,1,201.3,101,80.2,7.19,12.3
3e130c127e6f463aba839d6c7d87b643,0,12,0,0,0.0,2,216.7,117,47.0,5.83,9.8
b2f4b37fc26f4e529c886769b7bc4971,0,48,1,0,0.0,2,190.4,92,60.0,15.88,8.3
2ce78a9a037b4d0fa6bc700405708c22,0,181,1,0,0.0,1,143.3,91,41.0,9.78,6.0
3456e4d22a6a4b088eeb0620ae97fd20,0,168,1,1,3.08,2,97.4,57,64.8,10.18,11.4
38241c60a9fa44a9ae860cf3daef14be,0,155,1,0,0.0,3,181.4,111,46.0,8.39,11.3
cc6921ad4ed94c158860654a493cfa22,0,105,1,0,0.0,0,246.4,83,64.0,12.81,3.8
fe3d72f2370242c3902df5a1497666cd,0,11,1,0,0.0,2,143.4,130,49.0,14.47,9.7
eb7fe5f181d84c85ad883c7b12f4b53b,0,182,1,0,0.36,2,104.9,111,38.6,9.93,8.0
a3b177f5e0d74214b8b484b90454e05f,0,104,1,0,0.0,1,156.2,93,43.0,9.65,13.1
61c92f4d75f54cdc83aa652e529194fa,0,102,1,0,0.0,0,114.8,125,27.0,4.1,12.0
a3c11cd1c1a64bf8bdad281b40829a5f,0,122,1,0,0.0,0,232.5,96,57.0,10.28,11.9
3dca21f9da6a4b7889fa1761aeed1555,0,41,1,0,0.0,1,143.6,117,38.0,7.62,8.6
77d429325edd42b7a35f5dd92e494d30,0,132,1,0,0.0,2,176.7,132,51.0,12.21,9.1
c17f8ab8e4a447c1b6b5804e355dd191,1,76,1,0,0.0,1,263.4,148,65.0,11.52,11.4
0b330ac0db7a4176a9b3e5d63be9e620,0,13,1,0,0.0,1,146.4,74,38.0,7.43,11.3
51a9722c3c054aacad4da544dcd8cc86,0,115,1,1,3.83,2,145.0,72,80.3,9.73,14.2
faaba8c5fe49458d8744f7e35f45f46a,0,67,1,0,0.42,1,167.8,91,47.2,8.39,8.4
be5f62b1eeca42e5b63e6b29f8e3e2ad,0,154,1,0,0.0,0,166.9,99,42.0,7.75,7.2
8de2296703f546f4a3eee50fc8da1bfc,0,100,1,0,0.0,2,142.5,87,41.0,9.79,7.8
e5975eaf6b46425ba1cd567cfe325a12,0,146,0,0,0.0,1,133.0,65,45.0,13.14,11.2
895b248f95284b9fb5eff1000a95229d,0,148,1,1,3.32,1,252.9,129,101.2,14.22,12.3
9f016228912e4b43b1c00756c23d0c3a,0,67,1,1,2.7,2,95.0,94,68.0,14.56,10.0
68142d830c594755b215d6fbaecd5ca4,1,161,0,0,0.0,1,194.2,106,55.0,12.47,12.9
53c48b40b6d14644a1674e5ab7477bdb,0,70,1,0,0.0,1,222.8,114,57.0,10.8,0.0
af4ef5446b89417aa747d6e10b0b369f,0,116,1,0,0.0,0,201.8,82,54.0,11.58,16.5
ec673598662f402692dee6258017e508,1,99,1,1,2.51,2,216.0,125,82.1,11.62,9.3
ae19a3d30dc54426866370d5e917b687,0,87,1,0,0.29,1,146.3,108,42.9,8.59,5.3
9ec9f3a1b32a4ce1afc117701ad8f3ec,0,87,1,0,0.32,1,234.8,85,55.2,7.05,9.5
9b9f3606ddc143b1b0c67214730fdb37,0,70,1,0,0.0,2,198.6,111,52.0,10.7,10.6
a7e833542a1f46eda22c66c021b3dad6,0,131,1,0,0.0,2,94.4,80,35.0,10.76,13.1
504c7a4f7afa44ed85702508a1f28e18,0,119,1,0,0.18,2,190.4,74,52.8,10.78,10.0
91d24886d68e42939de65c0bbdb7c424,0,119,1,1,3.24,3,142.6,77,74.4,10.41,12.0
b10ffef048864fcc8f6e7a013b377637,0,87,0,0,0.0,0,134.2,80,37.0,8.25,10.7
8898fc60abe748eb8a1532b089c511c4,1,112,1,0,0.0,5,111.9,92,29.0,5.7,14.1
afdd6c267c8940d9ab49266d13dd6b55,0,75,1,0,0.0,2,122.8,89,39.0,10.57,10.7
c0f3560d74e846c097c71ca84fcc1e54,0,150,1,0,0.0,4,189.3,77,51.0,11.05,9.2
9ed5116568c24ea7b92007883bd2ecc3,0,161,1,1,4.35,0,240.4,112,102.5,10.09,16.1
321dabe89997489db0efac5fb46b6c7b,0,91,0,1,2.67,0,93.5,112,58.7,9.17,9.9
5448f05093084391a6015195a8e496af,0,124,1,0,0.0,3,158.6,104,45.0,10.56,10.2
8fb5ad8f123c49d89f07fc645be593e1,0,94,0,0,0.0,4,243.2,109,54.0,7.35,7.2
f10f2e94644f419097c1f636be0d7a15,0,217,1,0,0.0,4,176.4,115,44.0,7.94,9.3
779424f6e80b414aa54bbf2a0f9a3d2f,0,158,1,0,0.31,0,220.9,129,62.1,12.11,6.4
9b7b373f3d2342bd8f9df95cbbc0b842,0,102,1,0,0.33,0,144.4,87,51.3,13.33,7.1
7f5668da66684fe2ad204617d8df982d,0,85,1,0,0.0,0,212.3,107,56.0,11.42,7.7
adba0cc00d7344e092927b5eccc43506,0,79,1,0,0.0,1,147.0,72,40.0,8.29,8.4
75d67f4c6b204a859e5ebfd04e9a1919,0,139,1,1,3.48,2,96.2,112,66.8,8.95,12.9
3debe74ec22f4805978a4da1cb49509f,0,103,1,0,0.0,0,263.4,118,60.0,8.96,10.3
66208b1305a84dd9b907fd687f30f028,0,98,0,0,0.0,1,12.5,67,24.0,12.83,7.7
a614b72691b14b37b9c553c29466d71f,0,78,1,0,0.21,2,162.3,116,46.1,9.62,10.1
3973c095791c4179bcdde5f2e92372c9,0,50,1,0,0.0,1,183.6,107,37.0,2.93,8.7
5b745f620ce74c14b7a90d1444c06547,0,161,1,0,0.0,1,178.1,109,43.0,7.33,8.5
6a21c8fca1754a19a6278e6278233dcd,0,67,1,0,0.0,0,201.4,101,43.0,4.88,7.0
c641efbb70114d24b5bb7bbad77a9248,0,86,1,1,3.59,1,123.0,158,68.9,6.7,13.3
dd6f2d87890c4724a2823f4f1fdd4693,0,92,1,0,0.0,0,208.0,125,53.0,9.95,8.6
0b8144de4c504cd09ad47798e70735ac,0,174,1,0,0.29,1,239.2,72,59.9,9.43,8.8
f054b98638d24883857d6ffcd1ba7fab,0,124,1,0,0.0,1,193.0,97,41.0,4.49,15.3
85491dc8f1b241b19bb7d1240c2fe4c8,0,132,1,1,2.78,1,174.5,101,78.8,12.28,10.3
f11c163780b745a5a3c4963e1bcb0562,0,190,1,1,2.67,1,116.7,71,59.7,7.3,9.9
40625b18ce484633912a1fdd1d717144,0,101,1,0,0.0,1,93.8,127,29.0,7.5,10.7
e3145db250384442a94cfe00ff4abdb1,0,185,0,1,3.48,2,154.1,114,71.8,5.94,12.9
9a146832f6fc43999f5499e88a986909,0,68,1,1,2.67,0,239.5,82,85.7,10.19,9.9
e16cbb5472b943a4a2d851d652f55a5f,0,117,1,1,3.19,0,216.0,140,87.9,11.21,11.8
a0c18fd7a2a047a380f90540bd5e2e4c,0,118,1,0,0.32,1,187.4,97,50.2,8.89,12.2
16f1b884a75b4e4f8cbef01486ed27ef,0,124,1,0,0.21,0,167.4,119,51.1,11.66,10.3
82cee09bd26543d0973fa83d23c17d6d,0,22,1,0,0.0,1,160.4,108,46.0,10.91,12.5
0804dc211e554283b69d2ca9816e2935,0,75,1,0,0.0,1,143.2,92,43.0,10.46,11.9
e911faa722c247a4beff3ebb6de837f1,0,134,1,0,0.0,1,205.3,122,56.0,12.03,5.0
2aaad627a68f430bba0424a3ea873fbf,0,164,1,1,3.86,1,219.1,88,89.6,7.58,14.3
50cf87a7342a472a8947ed44f7089024,0,44,1,0,0.32,1,143.2,77,42.2,8.49,7.6
75975a1cdfc7402282b4dd9c929c4d59,0,177,1,0,0.0,2,232.8,106,55.0,8.76,12.5
546cf9a48248459cb6e0809479f98a8a,0,110,1,0,0.0,0,162.0,81,49.0,12.38,8.9
85822d85d1644c60bc2634ecb9bd71cb,0,53,1,1,1.76,1,25.9,119,39.6,10.33,6.5
c60034935ea143c98ab79686d0d7cf4d,1,108,1,0,0.0,4,154.2,123,36.0,5.62,15.4
f89778e74d934e7491a38a518bc2d9a7,1,80,1,0,0.0,0,322.3,113,74.0,11.1,6.7
22b8b053451d4d21a300cab26fd5b422,0,158,1,0,0.0,1,209.9,112,55.0,11.07,8.2
00c21b109b7b4a07b28c8c1f6545cb1f,0,114,1,0,0.0,0,191.5,88,48.0,8.76,0.0
11635b268fbd403b897d9341dad15cfa,0,64,1,1,2.03,1,291.1,150,89.3,11.34,7.5
fd995a1d72934ff58fc3e204ee617624,0,88,1,0,0.0,3,215.6,115,56.0,10.81,11.8
f7e70d0f65dc40129130c912e6c30403,0,82,0,0,0.0,3,208.8,101,54.0,10.69,12.4
8a9eeece908443f0a603289eb51b02d9,0,111,1,0,0.0,3,255.9,97,61.0,10.21,12.3
c2459cc76c2645a8a0217a122ed4eaf4,0,60,1,0,0.0,2,252.7,97,62.0,11.06,12.4
e09f9bc410114b1bae7a2690a7766437,0,113,1,0,0.0,3,132.1,72,44.0,12.38,6.9
28792877e64740c3a39f69e29d88bde1,0,109,1,0,0.0,1,217.0,115,55.0,10.35,8.2
95455f8c1c1244f8b480c28d5d5b2100,0,105,1,1,3.48,0,101.9,79,71.8,11.16,12.9
9946dce722cf4f77971be2e755d665a6,0,85,1,0,0.0,2,211.5,100,52.0,9.23,13.3
878743adad4842c4a15c37302649f1f0,0,131,1,0,0.46,0,153.4,86,47.6,9.93,10.4
c7dea7cc6c414ddfa9cccf2556e84ba4,0,59,1,0,0.27,2,166.3,95,51.7,11.97,10.0
afc97632106f4117b456a76edd873f6d,0,148,1,0,0.45,1,185.2,87,50.5,8.52,9.5
04264fe8038a40a9a2d93eafd0d89e31,0,210,1,0,0.28,2,104.6,121,33.8,7.48,6.5
da85bba9595e4dd2b216b5ab64b96301,0,115,1,0,0.0,0,245.2,105,56.0,7.95,7.2
4f376baa5a3042a4825202059c2e0fb2,0,106,1,0,0.0,1,274.4,120,64.0,9.93,6.0
d96739c99d864da08267cfa5ee47dc12,0,93,1,0,0.0,1,98.4,78,38.0,12.48,14.2
2c9910fab8df492692afa2aade41601b,0,57,1,1,3.51,1,279.9,121,102.1,11.16,13.0
995e321e6c7d430b8c797ab7321f0445,0,98,1,0,0.41,1,187.2,127,53.1,9.78,5.1
c7d98662f08348bbb39071ded5ff42cd,0,157,1,0,0.0,3,276.2,95,62.0,8.29,2.2
0851856fe1e24017951a7d5d71fe9a7f,0,116,1,1,2.24,1,200.4,104,80.4,13.64,8.3
0902e0bccdd340b0b98b99520f634861,0,30,1,0,0.0,2,162.3,96,49.0,12.2,9.1
e8b41913ceed42788593aa91af4860b8,1,111,1,0,0.0,4,176.9,128,39.0,5.14,10.5
10a34d91baf04fbb9cb711b9b7e5bf03,0,52,1,0,0.0,0,165.5,78,46.0,10.28,12.2
084c3a03714645b8aef43c6dbf9b7eac,0,72,1,0,0.0,4,217.8,93,54.0,9.49,10.4
5921372422db4b278c724653f4e45253,1,135,1,1,3.48,2,201.4,100,90.8,12.33,12.9
f42b8a3829754664a73a66bc3b4040c5,0,86,1,0,0.42,3,190.5,115,52.2,8.98,10.1
43ca738b63114d71916be5626e59381a,0,98,1,1,3.46,3,179.9,97,81.6,9.46,12.8
fe07d97876254cfbb2ccba6f6c9aec4d,0,151,1,0,0.0,3,235.9,104,47.0,4.03,5.8
797dbc2aa31a4249b140ebbfba916492,0,118,1,0,0.0,0,140.4,112,40.0,9.36,7.9
4895d8137f2247a3a0f3fa6e14029475,0,117,1,0,0.41,2,144.6,115,51.1,12.94,7.4
ba8c449645664ff3903790e7342f8d9a,0,55,1,0,0.23,0,189.0,100,45.3,5.93,17.1
059b21d4db97496bb1be25232e45abe2,0,82,1,0,0.0,0,101.0,93,31.0,7.78,13.3
36c1a3dd3f43446db5fc3731a94aeaaf,0,152,1,0,0.0,1,206.3,98,60.0,14.64,10.6
24f7a7d7c80e4836a62313958edc8497,0,108,1,1,2.94,1,165.1,85,80.4,13.35,10.9
ffce9c0da6004e2180b71f170554c597,1,98,1,0,0.0,1,165.0,129,46.0,10.13,12.5
ae7ded33d21f4ef9a5a9e62494d3153f,0,130,1,0,0.0,3,155.9,95,49.0,12.81,11.7
aa387aa75e9f4e51b08802d7de95d0bf,0,136,0,0,0.0,1,199.2,122,53.0,10.74,11.8
c6345e8da2414c699ac1356885a45731,0,47,1,0,0.0,3,155.3,116,43.0,9.41,12.3
00b184240e294728923529446f1c52bf,0,189,1,0,0.0,3,208.3,106,56.0,11.84,11.3
5ba0cde3c6b24f6185696a4eb0fbd415,0,107,1,0,0.0,1,157.1,79,41.0,8.13,12.1
69931b0504a64d6faa4272a60e110f61,1,91,1,0,0.0,5,154.4,165,41.0,8.42,11.7
8c8349c174b34e718eaff866c8f008cf,1,159,1,0,0.0,1,189.1,105,54.0,12.31,10.4
03d2ff1c3a9d4396aa1615a0f201301b,0,11,1,1,2.7,2,131.5,98,69.0,11.51,10.0
6e369aaabb934cd08da23f896fae2ae5,0,167,1,0,0.0,1,166.4,85,49.0,12.16,9.9
6b8c05226743412398bcbe7b67efc6e9,0,111,1,0,0.26,2,142.3,75,37.6,6.14,12.8
3ff220dba3bb415b99e2bcf9ca8ecb7c,0,99,1,1,1.97,2,87.7,103,53.7,11.15,7.3
8eb9c67a08a14dd9bdfd2f8a06b533a8,0,159,1,1,4.56,0,184.1,78,93.6,9.73,16.9
2b2dc54cdb8d4322a12fac3d4952b65e,0,114,0,1,3.32,2,174.5,104,82.2,11.21,12.3
226fab3da0bb4b4893b805ab8f830a44,0,71,1,0,0.0,2,103.3,103,30.0,6.93,9.0
92b5211ab8cd4f4ea42bb322ad941ec0,0,122,1,0,0.0,1,35.1,62,22.0,9.04,12.7
e3dc66d823384b41a33ec8cf69fec18a,0,100,1,1,3.51,1,246.6,94,89.1,7.07,13.0
c4a3a36cec5946c58a08fcf4ef1b0235,0,83,1,1,3.19,1,78.5,109,63.9,10.53,11.8
56863413cae446a1a3f5fb050b8d0701,1,64,1,0,0.0,5,148.1,73,40.0,8.25,12.3
c47a496438b04defad8382ab1143c00d,0,105,1,0,0.0,1,206.2,84,57.0,12.82,9.0
888e2fcf15c14fc3a0a58b0cef8b26a1,0,144,1,1,3.29,2,251.6,87,92.9,9.88,12.2
011d0d952aa64b918a14a885b70bd22a,1,106,0,1,3.89,1,270.3,111,103.9,10.76,14.4
f5183a554ef94229af5d9bc21f466bb2,0,19,1,1,3.05,1,156.6,97,76.5,11.21,11.3
a61c4702369f40308e224eab52856cc1,0,46,1,0,0.42,1,139.4,81,47.2,11.19,13.6
da3750a35f764658b28b3642b5075ee9,0,127,1,0,0.0,2,220.2,108,54.0,9.42,11.7
64d36f64b26040a59677c535617d2436,0,9,1,1,2.73,1,214.1,108,78.3,8.46,10.1
ed0bdfe39d8f4c418377c3b5aed9e5c0,0,157,1,0,0.0,1,196.0,74,52.0,10.67,7.9
745cc67c2dea4a7391e2e631a09e6f41,1,105,1,0,0.0,6,106.4,71,39.0,12.01,5.3
216cade1ba40468daaba7ab7b9fc3016,0,105,1,1,2.7,0,179.4,113,81.0,13.77,10.0
8d4f1bac63f345c690442d147fd3656e,0,155,1,0,0.39,2,216.7,30,53.9,7.22,10.8
5918f5b2beab44e9b6b6aee0e3dc7c9d,0,31,1,0,0.0,0,177.3,129,44.0,7.64,5.1
c5e52cb97d7b45cfaf2d3f5762a667bf,0,161,1,0,0.0,1,151.6,117,45.0,10.97,4.0
3b08cf5cfa1d4d9bbc7cbd1748b58593,0,95,1,1,2.86,0,262.2,123,87.6,8.26,10.6
3485105082214ce78137a5e69168b61b,0,122,1,0,0.0,3,173.6,110,38.0,4.59,9.7
1f7475d4e0954b16846d35aaa2d11509,0,37,0,0,0.0,2,106.6,76,31.0,7.37,9.6
17015ae5c65143a8a9db5d83ae65317c,1,132,1,0,0.0,5,193.3,106,44.0,6.42,11.6
f2511dff240842edbc64070a5ae92102,0,119,1,1,3.05,0,217.2,94,79.5,6.94,11.3
b0d9527c1c3d46f3b9e93c1e79b8a831,0,16,1,0,0.0,1,209.5,89,51.0,8.64,8.8
3af13d4072b8419b9a9f32ec1c1ece2c,0,99,1,0,0.0,1,95.4,105,34.0,10.36,5.6
44cdd443919040de867cc12e66c4fb57,0,76,1,1,2.19,1,214.6,110,75.9,10.26,8.1
ba967a7d324c4685a9c7a2da1a107611,1,167,1,0,0.0,4,131.6,120,41.0,10.57,11.1
36c19fc9a6fa4139b5d5de67e8292080,0,129,1,0,0.0,1,168.4,117,48.0,10.86,11.8
7781c127a17240fdb753d113bec377fc,0,116,1,0,0.2,1,146.4,123,42.0,8.83,7.8
acb83501a82648e9a5d53b1924535beb,0,60,0,0,0.0,1,183.0,110,49.0,10.34,11.1
9d8ae0ed17894a4ab7c30ee192386f71,0,128,1,0,0.0,0,103.3,122,39.0,12.3,6.4
a0ece540a8c7443782144e19b493ad3e,0,47,1,1,2.86,0,112.2,70,61.6,7.74,10.6
424c2d00ef4d48e99241e3127d268a48,0,40,0,0,0.0,3,170.7,55,45.0,8.96,8.2
d758a2bc92ad4d1c87bc7d1f1a2101c8,0,173,1,0,0.0,0,172.5,78,42.0,7.13,10.9
d0108422b7ab4ae6b37f8b7a6120e115,0,157,1,1,1.92,1,194.3,107,73.2,12.16,7.1
3d6a219baffa49db945c665a6050449a,0,66,1,1,3.24,2,187.8,117,75.4,6.49,12.0
07795e47cbd14313bad72772264ce782,0,50,0,1,2.16,0,307.1,94,98.6,14.47,8.0
00521e04f3534f29a97c4f91360a4d69,0,72,1,0,0.42,3,118.2,106,39.2,8.36,12.2
3c67279fd0bf475e9fc694c9c7169a6e,0,130,1,0,0.0,1,154.0,95,44.0,10.3,12.9
f3604cd433874082b1296bcdd1bca753,0,143,1,0,0.2,1,155.5,101,47.0,10.67,7.6
846e44ad911a4179b56f26a7a4144f64,0,89,0,0,0.0,1,125.6,108,40.0,10.65,5.4
0c249df33c5140428eeb28746373f568,0,108,1,0,0.0,0,199.3,104,53.0,11.21,15.2
150fd2558b9e46ea803d0db557709819,0,32,1,0,0.0,1,157.9,88,43.0,9.04,12.8
d0383f1c2e5548f892db352a16b20f0d,0,166,1,0,0.0,2,203.4,81,49.0,8.39,9.2
7b72ac4881c34bdea78557e67884f780,0,109,1,0,0.0,1,222.2,113,57.0,10.93,10.9
6bfb6d9ab9da4a209423d83e8589ef76,0,72,1,1,1.57,1,92.8,98,54.7,13.56,5.8
defc42ae1bd54c618bf2b821023d84d1,0,134,1,1,2.32,0,216.8,78,69.2,5.11,8.6
f7854df45e044d289163325fc657881b,0,13,1,0,0.0,4,193.2,89,50.0,9.72,9.7
3345a37d02c044f4a222b4f4afe7ad8b,0,90,1,0,0.0,3,113.2,108,36.0,9.47,14.1
1a52697bd9124bfca245be352cfccecc,0,111,1,1,3.02,3,166.2,54,79.2,11.94,11.2
fb23986667e0436d893375f5c65b6952,0,101,1,1,1.97,1,262.2,101,77.7,7.85,7.3
211c3e4c7a5c4679945a5e369cca0ca4,0,72,1,0,0.0,0,207.8,92,52.0,9.79,13.1
098cb944b20e41ccb5f6e8a45aa3d0af,0,67,1,1,2.03,1,245.4,89,75.3,7.41,7.5
f3c952dde7224771a2e90f942a938331,1,172,1,0,0.0,3,287.1,108,64.0,8.92,14.4
95989394d6d84f18b2785164728cdd4b,0,154,1,1,2.43,2,192.3,82,71.3,8.27,9.0
50e1f7a6e89b40ed97a22a6303362dfb,0,69,1,0,0.29,2,194.2,122,56.9,12.11,9.7
208096ba5354411694205fa11c261f1b,0,123,1,0,0.15,3,211.0,92,56.5,10.85,9.8
cc8fc8f8052e4d0587020d7dffc0953b,0,130,1,1,2.35,0,141.9,92,67.5,11.45,8.7
a6cc4ebd06a74cf5acd25924af735c20,0,142,1,1,1.59,2,220.5,94,73.9,11.98,5.9
92d3728ba9914da9bbacd09eecd312b2,0,29,1,0,0.0,1,157.4,122,40.0,7.25,9.3
ab0fcacfade046c9aa810136cbf9d8cb,0,87,1,1,3.02,0,143.5,106,74.2,11.18,11.2
54741e70db5d49f39beec3faf6b42e09,0,149,1,0,0.0,0,156.0,56,32.0,2.8,8.9
d47a3f2184184338af0e29195d8eab9d,0,146,0,0,0.0,2,160.1,63,45.0,10.42,9.2
8248a6bd24dd40469a1daba3b4885109,1,88,0,0,0.0,4,235.1,98,62.0,12.59,7.2
f21be8a8e6254790bf29cb9c0f58be2d,1,119,0,1,2.35,5,160.0,95,69.5,10.48,8.7
715b594cc68a4ed7822fba7db6f7daf4,0,48,1,0,0.0,1,188.4,63,47.0,8.3,13.2
7575060a07a24480b9e7cad3820c868f,0,135,1,0,0.0,1,194.8,97,54.0,11.77,11.0
877ed1a9c3c8468b9a3ff3cafb0ee515,0,100,1,0,0.0,1,247.8,117,54.0,6.5,6.9
ed148a3316d341498883f0c48bbdbb7f,0,98,1,0,0.0,4,221.2,80,56.0,10.68,11.9
37b4b97b2c574d94b3e20d0b78895584,0,75,1,1,3.62,2,118.5,86,75.2,10.7,13.4
abc52063c2fa4b4baecad5b9add4cef6,0,180,1,1,2.05,1,231.8,78,80.5,11.65,7.6
b1199c8a28714830a53ca3a3c5981462,0,100,1,1,3.13,1,215.9,90,90.3,12.9,11.6
08fc796e6fe84b328f310b2071732e56,0,119,1,1,2.16,2,217.1,92,77.6,11.04,8.0
d4bf29de86864af48cf968e52efbb94a,0,86,1,0,0.0,0,83.5,96,33.0,11.06,12.6
d57e758c3be64151bee74aac852944e4,0,155,1,1,1.38,1,183.3,106,62.8,10.26,5.1
6faba5a2034d420da6cf31b0e4988e52,1,78,0,0,0.0,1,236.8,141,63.0,13.27,9.5
e030d5e14c764ff5869b6a97b09c8c89,0,153,1,0,0.0,1,193.8,90,50.0,9.77,8.5
075f5b5b8082440cbefc80db21314208,0,92,1,1,2.62,0,134.0,112,67.2,10.3,9.7
a568f97da37c43fe8252e4d54653c778,0,13,1,1,3.05,2,176.6,65,75.5,8.64,11.3
793b33c78858498ca9358435983b3f69,0,154,1,0,0.0,3,191.4,93,50.0,10.27,10.2
d7633a8598ff4c8ca1f0af28f4294d3c,0,144,0,1,3.46,0,174.8,127,83.6,10.98,12.8
7fbc8c92fa8044af8f119b3a28bb5a85,0,48,1,0,0.2,1,275.2,67,65.0,9.01,7.9
d9a8c9350dd748bd87b03919820bc89f,0,94,1,0,0.0,1,174.0,85,51.0,12.06,7.9
fc8d6818931d485b94d9f8d3f6a248f5,0,139,1,0,0.0,1,165.0,132,50.0,12.49,12.6
94876413575b41e29d724bf9e3ace540,0,126,1,0,0.0,1,228.7,102,54.0,8.44,11.8
b25c5055c06f4bd4a201da75fa8d6d9f,0,122,1,0,0.29,2,107.9,88,41.9,11.79,9.5
e450d86d73614d89865a1d94b3b87595,0,139,1,0,0.0,1,221.3,140,52.0,7.89,11.3
1bff21ef922c43c5bb3d0aa50c62d881,0,95,1,0,0.0,3,141.1,84,42.0,10.57,5.9
a986d55480af40129b9680bd8ff1f101,0,80,1,1,2.89,4,166.4,92,77.9,11.92,10.7
65797fc3273d497596e4aeba25044196,0,131,1,1,2.05,3,249.6,87,82.5,11.36,7.6
66ff4a3f68084f508c9762b7bb5a1330,0,36,1,0,0.0,1,178.6,83,49.0,10.66,10.9
45aff9c168f7403ea19745948bdf66ff,0,180,1,0,0.0,2,139.0,96,43.0,11.25,15.7
e9c0fef9f50e449398518d8d3c0609be,0,25,1,0,0.0,2,134.3,98,41.0,10.12,12.6
5fdf02dec10b49dd86836d4d1b78ae03,0,113,1,0,0.0,3,215.9,93,58.0,12.01,4.9
4a07119f98ad4f9aa2438b7215587f86,0,88,1,1,3.08,1,181.6,91,79.8,10.66,11.4
bfd63b23cc754a8983a426da0455fd4d,0,120,1,0,0.0,1,178.4,97,45.0,8.42,9.3
0913d8b0b5954a26be5f6d729556f009,0,74,1,0,0.0,1,106.4,84,31.0,7.01,11.4
618f8ee7ea294e2888c2c0deba9ee8b0,0,109,1,0,0.0,2,170.7,101,50.0,12.01,11.4
59ce54266c0d4a05a0a7e602ace413ae,0,162,1,1,3.32,0,184.5,139,80.2,9.16,12.3
1620441e73a5460d842789d43e22d16a,0,124,1,1,2.4,1,161.2,109,69.0,10.21,8.9
79ab0954db404bfa9ae5748b3aaf8b45,0,177,1,0,0.27,2,84.9,77,39.7,12.88,7.5
00787ff000ec4ab8932de07b4e4cb200,0,91,1,0,0.0,1,217.9,71,57.0,11.51,10.6
61fe9ecdabf746b2ab608cb7e3d4e834,1,105,1,0,0.0,0,270.9,98,66.0,11.31,8.8
100e505d68d042d4ac499e8e4a657a16,1,24,1,0,0.23,0,243.0,91,59.3,9.2,15.3
58141997897240729c542092acf37cd4,0,48,1,0,0.0,0,128.2,71,26.0,2.41,8.9
299ae00a118b42a9983438dda008f6e8,0,86,1,0,0.0,2,126.3,115,36.0,8.44,9.8
5b7d9449fe0a4eab843fb60a80619844,0,163,1,0,0.35,4,178.7,56,52.5,10.79,10.6
c5d05e3c89e140558240928f12f84657,0,91,1,0,0.3,0,159.0,109,52.0,12.76,10.1
3e33235bb1154d68ae0852524532cdb6,0,56,1,0,0.0,3,150.9,79,40.0,8.09,11.7
239318ec569b4b87838decb4d259648e,0,147,0,1,2.19,3,219.9,118,77.9,10.43,8.1
5e98ccba1d994a21ab87ee35da09fa92,0,64,1,0,0.43,2,168.0,116,49.3,9.62,10.1
cc9d67a240d24ba1b1e3cc311e4659c6,1,108,1,1,2.59,4,162.1,83,68.9,8.59,9.6
1ac6d4e9a9644757a4b2477f62d0763c,0,159,1,0,0.29,5,198.8,107,53.9,9.78,16.5
9a19e498748c4ea68eff47e64f1e3b80,0,136,0,0,0.0,3,256.8,90,64.0,11.51,9.1
dfa8ef8395c444f3bb988e7cec24c756,0,116,1,1,2.97,1,182.8,122,79.7,10.64,11.0
2dae902cc05e4229a4986cc147816fa6,0,45,1,1,2.08,1,196.8,92,76.8,12.71,7.7
47998c79239445b18ac429d7a4bd8740,0,122,1,0,0.23,2,140.1,120,46.3,11.57,11.2
97fcdf4561f242e885eb3b4f4c643527,0,138,1,0,0.0,5,194.3,83,50.0,9.5,9.0
83bd4413832a4da6bfdf73d991196a84,0,132,1,0,0.0,1,117.6,66,39.0,10.7,8.8
00a34800f81a470ab2f2c63b9598fcc8,0,101,0,0,0.38,0,193.7,108,52.8,9.33,11.6
234a447603e8441fb0776c3f44dc02d4,0,58,1,0,0.29,2,243.1,105,63.9,11.57,7.8
7b1970e33d4d42bba755cd22de61f6bf,0,81,1,0,0.0,1,145.4,132,36.0,6.47,5.2
64fd9fd59243415fa751ea374a6b8ba4,0,87,1,0,0.0,3,169.1,105,44.0,8.5,9.9
9e7c9e150db8439f811f2439922b8c25,0,116,1,0,0.0,2,229.3,93,55.0,9.23,8.8
eefc138e67304b8c9f11088fa338fd42,0,85,0,0,0.38,4,197.2,97,55.8,10.59,8.3
6ce04bf7723b4987b1ba9026f8d45325,1,62,1,1,3.0,2,186.4,84,79.0,10.05,11.1
bf6868547f7a4d9395f7c0512a34b205,0,90,1,0,0.0,0,76.1,121,38.0,14.52,10.8
c7902aa59532437eb2712c561eb91530,0,98,1,0,0.0,2,162.8,65,44.0,9.25,6.0
3e28e4b390434334aaa0e9f34721aad8,0,73,1,0,0.0,1,182.3,115,48.0,9.96,18.0
7ca6f7b270254690983e6bd29c4d9071,0,107,0,0,0.0,2,194.4,83,55.0,12.39,11.2
3448bacba7c44c7b9d4e5cda73bd2bf4,0,55,1,1,3.38,2,189.3,95,76.8,5.93,12.5
599e9eb7841244d3b4cc47ab183964e0,0,76,1,1,2.57,3,160.1,107,67.7,8.44,9.5
f83dfc6c572f4f688cac3e336615c43b,0,30,1,0,0.0,3,145.0,76,46.0,12.04,7.1
a7e394133781427a96a712f535594ac5,0,157,1,0,0.0,4,220.7,105,48.0,5.97,11.5
5ece34d1fb7d4ce0821fc567e7a73cbc,1,40,1,1,2.03,1,224.7,69,70.3,6.73,7.5
bbd0bfaaaec546d7bdbbf1a65c8efac3,0,72,1,0,0.28,1,147.0,79,41.8,8.12,10.5
d73a44d2ba994b0c979f1972061aa60c,0,95,1,1,2.73,1,260.8,130,90.3,10.67,10.1
20ebdfd2c53a4a6d99ba540663041ad5,0,42,1,0,0.0,0,155.4,127,41.0,8.21,9.0
198569620baf4ae3a06604f422235c87,0,86,1,0,0.34,1,166.2,112,53.4,12.77,5.4
58620cdde26b4aff8b3081d3baacb3cc,0,131,1,0,0.33,0,211.8,115,62.3,13.03,10.8
df04b8c1ae03456087dbdbfed8907113,1,55,1,1,2.97,4,130.5,114,69.7,10.42,11.0
d68a46ec21694d2881b013f3817b349a,0,74,1,0,0.0,0,162.7,102,53.0,14.6,8.7
c75a0e1505f94bb1b3e9466ead8ea069,0,81,0,1,2.13,1,237.1,76,84.3,13.21,7.9
46d4cab131424c6c9c9d3f279a540d64,0,81,1,0,0.0,4,166.2,102,47.0,10.88,13.2
ec689609135b4537b186a950734b7b20,1,28,1,0,0.0,6,121.7,48,32.0,6.29,8.3
e73eba5e0687479f84bee132f88c9c78,0,111,1,0,0.0,0,176.4,62,48.0,10.05,11.2
50f04f4c0a4a4ef69506275ac1c45e4a,0,3,1,1,3.08,2,67.4,116,63.8,12.2,11.4
7de9d1726d394de896a3a52d651f518c,1,51,1,0,0.0,1,229.7,129,68.0,16.8,9.6
8a0db4f1d0204b2c9b84c3057b3bb762,0,68,1,1,3.97,1,176.0,118,93.7,13.9,14.7
9627b0470cdc48fe9c0c1646689319f9,1,163,1,0,0.35,0,247.7,77,69.5,13.48,9.6
ad61203564be4491a93fca67a15bbba7,0,87,1,0,0.36,2,115.4,90,45.6,13.13,13.1
280b8eb11b9744aa8e812eb41fb082a4,1,58,1,0,0.0,0,112.2,95,37.0,10.48,13.9
f80d85f06a6d4393a8cd33f85b2b1880,0,109,1,0,0.27,0,162.6,138,43.7,7.7,11.5
7e06a137e10a4dbc8835d717fe43a345,0,111,1,0,0.0,4,229.4,107,58.0,10.71,10.4
19210356f8bf440b81491165ef135b26,0,144,1,0,0.0,2,139.6,96,35.0,6.21,15.0
c25e8b47fa31459e9db6a3a0761e832a,1,135,1,0,0.0,5,263.8,66,67.0,12.57,8.4
acddb0fd0b944307907dbcb87c651111,0,109,1,1,2.43,4,217.5,123,81.3,11.69,9.0
16001a3d6a68481ebeb708a5b38a830a,0,107,1,1,2.03,1,114.3,132,57.3,9.99,7.5
687e7cb23680462a81b1eab23167e4ba,0,149,1,0,0.0,2,196.3,108,45.0,6.84,7.7
a41f556747bb4c0ebee45a88bdd0263a,0,56,1,0,0.3,1,253.2,95,63.0,9.4,4.4
1e8be2f8687e45a980629c64d03823a1,0,129,1,0,0.37,0,98.0,99,41.7,12.04,10.5
3335466d6dce423f926700e57a6053f0,0,92,1,0,0.0,0,249.4,118,61.0,10.58,9.1
958fae31f3c94626a214675bfdddbd2a,0,67,1,1,3.92,1,129.6,107,81.2,11.65,14.5
ed547106127640ab87c8775b03d537dc,0,120,1,0,0.0,0,221.3,106,61.0,13.38,9.3
60570d3ba9eb474998a8466eb134f421,0,166,1,0,0.39,1,220.7,106,56.9,8.89,12.4
15a169f6f44045b5ae90ea1bc9bd21cd,0,66,1,0,0.24,1,87.6,76,40.4,13.1,9.2
ca2df4bf7d2a4aefb4ef8486cdf73f7d,0,76,1,0,0.0,0,203.6,61,49.0,8.09,8.4
bf2a960da4fc4c5ea45831e01df3eb97,0,79,1,0,0.0,2,213.6,110,57.0,11.75,8.8
935f573eede243d6be97d56fad013f20,0,98,1,1,3.48,2,181.6,112,84.8,11.04,12.9
ba4a45e8b2af4319978062df00ce8f78,0,141,1,1,2.11,1,215.4,123,86.1,16.44,7.8
94f3b4f659244fb49a98fbb674529b64,1,49,1,0,0.0,2,266.3,90,63.0,10.39,14.0
8f4d8ab1f8734f96ba71d85aea9830d4,0,46,1,0,0.21,3,199.2,111,51.1,8.76,10.2
7b00b12e3f1e4d7ba1e9f062104da429,0,137,1,0,0.13,3,115.0,130,33.3,6.89,7.3
ffea2a4883ba4222951c9f331c4eec96,1,171,1,0,0.0,1,270.5,69,66.0,11.5,9.6
72c14e52b15742439cd6841218a86ff2,0,10,1,0,0.42,1,222.2,127,55.2,7.66,12.9
2e907edb40234ff5b4a85551fcda58e3,0,88,1,0,0.0,3,61.9,78,33.0,13.13,8.8
1fdc2273f2e74e518d5f3745ab2f16e8,0,89,1,0,0.0,2,141.1,92,46.0,12.46,10.8
808d8a70be244f6bb846538732b3b472,1,82,1,0,0.0,3,189.2,81,48.0,9.22,10.6
b5946943527f42249fc2a3dbe05fad6e,0,139,1,0,0.0,3,196.0,135,50.0,9.3,9.8
ddbacee6df2540d1ae8de755998c22f2,0,87,1,0,0.0,0,171.6,119,47.0,10.25,13.8
607be0695d924f18acb09c1c9cd4ed9a,0,137,0,0,0.34,2,174.0,123,47.4,8.07,11.4
a5c66d1296ad44819f4b4e83be75f1f7,1,45,1,0,0.0,1,78.6,106,30.0,9.37,7.4
77e3cc6bb9ba42e4aa0ee65cd19e9ce2,0,90,1,0,0.0,1,200.9,92,49.0,8.22,8.9
e978f22da1e447f7a464f0c506a4ff2e,0,103,1,0,0.0,1,141.3,123,46.0,12.68,6.4
236e0dd3b34741a685163840951093b6,0,100,1,0,0.21,2,235.8,130,58.1,8.8,7.3
1d9196cffb6d4eedb1638d64b25513d6,0,110,1,0,0.0,3,185.1,100,46.0,8.26,6.3
897d958aa1664f8087ba396038a5aa20,0,124,1,0,0.0,2,254.3,113,50.0,3.95,11.8
f3728ea0f1294e10ad601e0383f1c32e,0,10,1,0,0.0,2,183.0,103,50.0,10.74,8.7
04d0957b178b46b9a97cae6b6773c207,0,89,1,1,2.03,2,163.5,80,72.3,13.74,7.5
fa529fc6b9d34432b960e67cc369b38a,0,121,1,0,0.32,2,207.9,98,57.2,10.53,7.7
4abe0e737a2e49a8b13e7e9af9acdc34,0,101,1,0,0.0,3,248.6,102,58.0,8.75,6.1
e73748809eb64d2191e15d0d03baecc1,0,103,1,1,3.92,2,185.4,105,88.2,9.88,14.5
b2756e375463472caf0769ce92905aa6,0,51,1,0,0.0,1,197.8,60,53.0,11.05,8.9
33c59418b1464eeeb57a5655fdba73c4,1,2,0,0,0.27,2,132.1,42,37.7,6.95,9.1
d28a898dc11a4664b4824f95c7f697a5,0,111,1,0,0.0,0,197.1,117,53.0,11.39,9.3
c07dcd7c2be0429ebd5b1a8fe56163c5,0,118,1,0,0.0,2,154.6,112,42.0,9.21,12.6
4da9f028ac1f4db89c272b7a3c3aeba0,1,17,1,1,2.7,6,153.1,115,69.0,9.3,10.0
709dbea145c64b9fa60a3e63a43c4e16,0,130,1,0,0.0,2,211.2,119,56.0,11.56,6.3
8b34122179b944f8ab1e91f3a16237e2,1,193,1,0,0.29,2,96.8,92,31.9,7.13,10.9
6800e894198e4956b638dc40dee4cc60,0,114,1,0,0.4,1,172.0,145,57.0,13.82,10.1
6d43309a6d4f4e00b894e37752e66cca,0,137,1,0,0.29,2,141.1,91,39.9,7.36,8.0
a13c0db78e6c4f10bd5e03087fced050,0,185,1,1,3.73,2,151.1,121,84.3,12.24,13.8
2a56c6c764d4451f82702032c8febe55,0,101,1,0,0.0,3,209.6,107,56.0,11.44,7.6
4c5889bcc2f1419d8c8e465d762789ce,0,95,1,1,2.84,3,247.0,109,81.4,6.28,10.5
32bb2405b28d4abf9851f71b506953ff,0,7,1,1,2.92,1,221.4,114,81.2,8.29,10.8
f4a6353265084323a4eae6fe5f8ed874,1,126,1,0,0.0,1,321.3,99,69.0,8.4,8.0
29e07debfc3248bfac45a7be3de16d38,0,71,1,0,0.0,0,243.7,124,47.0,3.0,11.3
747b43e308bf4a2d9a35f927fa5100be,0,124,1,0,0.0,3,251.5,85,61.0,10.71,11.1
aa4268069cbb42e081dac7fa5c920151,1,97,0,0,0.38,0,236.9,107,57.8,7.88,7.3
37956432f239466ab2bf0f006f3b0b59,0,28,1,0,0.0,2,159.7,79,46.0,10.84,9.3
b3a44c2d2adf43458fc8e2c143885085,1,90,0,0,0.0,4,148.2,96,44.0,11.02,9.2
ff39cbcd63fd446ba356685aa1f81c5f,0,190,1,0,0.0,1,150.9,86,49.0,13.43,14.7
4007d8bfee644fc1ad65e1273c31691d,0,31,1,1,3.11,1,210.5,101,89.1,12.53,11.5
6fc4ce215b1e470cb8550df7ec50df3b,0,52,1,1,1.11,2,170.9,71,58.1,10.07,4.1
8ab88b3168ef4d1aa17e7cbf41c814be,0,73,1,0,0.0,0,254.7,80,51.0,4.51,10.6
e6f93ca3609747ddb0dfbf8753ab9780,1,111,1,0,0.0,0,284.4,89,62.0,7.85,8.4
b996be0810824f0ab0a161c4c90477e7,1,98,1,0,0.0,4,0.0,0,14.0,7.98,6.8
96936c70dd124e0e929f3286bd97a4a5,1,106,0,0,0.0,1,133.7,45,39.0,9.39,10.7
424524e9e5604aad9b8755666ce8b33f,0,111,1,0,0.0,0,224.9,117,55.0,9.6,10.3
bf271a67745946c0a583a76a7ae6cecf,0,59,1,0,0.26,1,151.8,98,46.6,10.5,11.9
5c611f13e4bf4a27ba47989c1fd8d2d9,0,71,1,1,1.51,2,141.4,107,53.1,8.15,5.6
7fcbe1b37842484ea81214f2c21f1aef,1,55,1,0,0.4,0,285.7,124,73.0,11.55,14.8
cd0c54e2b8d5487d95be63d7626a87e7,0,13,1,0,0.0,1,58.4,121,33.0,13.11,11.9
80dec6b1d3084ec2975dbcd0f6021366,0,136,1,1,3.54,0,90.4,105,68.4,10.07,13.1
df032695ea4b448ab4d64434df6c0c5f,0,123,1,0,0.24,0,114.4,91,40.4,10.83,11.0
2626813b06e8470290f1633953fc73cc,0,105,1,0,0.26,2,147.7,103,47.6,11.14,12.8
83d46f8f4f75463d89db80db86073fc4,0,50,1,1,3.67,3,302.7,93,108.7,12.03,13.6
886db6f90fc64d98b90086a55ee87400,0,118,1,0,0.0,1,136.1,120,41.0,10.21,11.3
7fae8bcdd57641fd8fce880163e87b33,0,97,1,0,0.0,3,169.7,84,43.0,8.3,12.8
9f10193aa1094a2a98f4b7ed05a6e55b,0,51,1,0,0.0,0,227.2,89,56.0,9.72,14.9
88e7200fcc7e4a3d84c4765459fe17f4,1,73,1,0,0.0,1,217.8,91,56.0,11.03,10.3
6ab1a798524e4f0e934cc99183215e9f,0,35,1,0,0.32,2,124.2,102,35.2,6.2,13.1
2d8409b3b4d44c64aafbf5c6dd23d8a7,0,64,1,0,0.0,1,206.2,76,55.0,11.62,13.6
4571751ae79948948cc962edceb6bec8,0,63,1,0,0.0,3,132.9,122,29.0,3.35,9.9
ef5077cf90484e9fbb29d10f45faf896,0,117,1,1,2.08,3,104.9,115,59.8,11.88,7.7
b6fcfceb58404b78a0f5626317058a99,1,115,1,0,0.0,1,245.0,97,63.0,12.54,13.7
ac172c3d35e545afb683dfd92d7cbf6a,0,162,1,0,0.0,1,184.5,118,51.0,11.2,11.6
05e4920e50c54016a9b1c8f16febe694,0,89,1,0,0.0,3,89.5,66,31.0,8.97,12.3
38cb8b95f86e46b4b91929a69c83a01c,0,94,0,0,0.28,1,235.6,131,59.8,9.74,8.6
52e1111c427d4b569561dab7bb5aee84,0,129,1,0,0.0,4,186.0,127,54.0,13.12,11.5
f5df8136fdfb435dba009a42201518ba,0,86,1,0,0.0,1,223.9,75,52.0,7.79,7.3
c1c60dc863db413b9dd3d012686a0b4d,0,96,1,0,0.0,1,179.5,125,45.0,8.12,6.6
d1158a6ecee84015a5a1663a0008118d,0,190,1,0,0.0,1,169.4,102,51.0,12.68,8.9
a8885c2d72244ac7b890cc4b9fb649dd,0,80,1,0,0.0,1,118.1,90,33.0,7.22,8.2
7a63f0f8c75d469fa675afd8cde53a35,1,108,1,0,0.0,4,112.0,105,36.0,9.69,4.1
3f00e2f06e0a4731ac37c4c657ac352c,0,97,1,1,2.3,0,168.4,129,71.0,11.3,8.5
63802ad4f99f4368b41e062514e56b52,0,84,1,1,3.05,0,214.3,112,83.5,9.41,11.3
0fa5ae1df861400fb22dada428ad34e1,1,65,1,0,0.0,4,245.7,139,63.0,12.1,4.2
7733e35920a84181888db8b044a14e17,0,131,1,1,3.62,1,156.6,134,69.2,3.55,13.4
8963239d6b724324b15eea7d80cd4d2f,0,58,0,1,2.4,1,142.8,96,72.0,13.62,8.9
ea5a183548064ab7b373f38f1a7d5302,0,36,1,0,0.29,3,202.4,115,57.9,11.54,10.2
31bba0d995d44390839960569074e5a9,0,54,1,0,0.0,1,116.8,119,31.0,6.16,12.0
824278cbf4134881b274051e0816618c,0,45,1,0,0.37,1,155.7,110,52.7,13.02,11.0
5d96d0dff6c5489e950957b27349489c,0,125,1,1,2.46,2,236.1,107,89.6,14.46,9.1
21fda2bae68443f3857d7aec05386f3f,0,72,1,1,2.21,2,138.1,113,68.1,13.01,8.2
d6364997c0374082b0b704a55226b744,0,141,1,0,0.26,3,51.9,108,25.6,8.1,10.1
ea7d51b5150445f4bc6735dca96e6616,0,113,1,0,0.0,0,81.3,116,33.0,11.03,8.9
cee1222c94864669b0bc63f770f9fbff,0,20,1,1,1.92,0,171.5,98,62.2,7.66,7.1
d14ae439773546c7899fa6bd66ead249,0,212,1,0,0.0,1,126.0,96,34.0,7.22,7.6
8ed36e6b65db40ad9c777d4c31a712cc,0,99,0,0,0.0,4,197.2,127,47.0,7.8,9.9
4f42d9a9ba4e48dbba054c8273128b74,0,94,1,0,0.0,1,194.1,62,53.0,11.36,15.3
8b6e5f87d3bd46008270f84f6cc1e589,0,40,1,0,0.0,1,115.7,105,31.0,6.39,9.3
90d5dc35b1434e9eb7a050543bde863a,0,86,1,1,2.27,3,157.2,118,66.7,9.82,8.4
c8850c3fe9de42339c35efdf1cb0d875,1,101,1,0,0.0,3,269.7,85,64.0,10.38,4.5
b4a036a55bd147f6877b6fb67e88e4d1,0,170,1,0,0.21,0,246.4,107,64.1,11.41,9.1
17af8ec556cf4f14bda97d9876c27217,0,105,1,0,0.0,1,227.4,121,62.0,13.43,13.0
0f12be64ecfc4e65ba8fe9faffcbfae9,0,103,1,0,0.33,0,189.8,110,46.3,5.78,12.2
38ce78084d924166ae8ea292fefccb8c,0,140,0,1,3.11,4,188.9,124,77.1,8.05,11.5
be0853351fb14c05a866301dfa5e9c64,0,101,1,0,0.3,1,0.0,0,20.0,9.61,7.2
93cc2be6cc024e758ce59711124e029e,0,98,1,1,2.97,1,110.5,87,68.7,11.39,11.0
57e319b53768466ba006f8c3b7db2704,0,104,1,0,0.33,4,167.6,116,51.3,10.96,11.7
5e49cd4b4852461494bcf3c1a5b00365,0,115,1,0,0.0,3,132.0,90,40.0,9.88,0.0
560b4882e396464280a09702944b5b85,0,112,1,0,0.0,0,167.8,88,50.0,12.4,11.9
b280b3b27b9e4181b6c7181dfd9dc396,0,70,1,0,0.0,1,213.4,86,54.0,10.24,5.7
541af0bfccb449bcb7aa74234dac053f,0,126,1,0,0.0,0,175.4,120,39.0,4.92,10.6
9e303f4c0624476c966afcf7b815951e,0,87,1,1,2.57,3,82.6,113,59.7,11.22,9.5
b198b873e0124bf4b3bec5b6337a0d94,1,125,1,0,0.0,4,143.2,80,32.0,4.41,8.8
0277fb60823c4a9c921b0955204f99a2,0,86,1,0,0.0,1,125.5,139,45.0,13.49,8.9
fad3ee555c284f27b30c19ae3300ac62,1,73,1,1,3.19,6,82.3,105,67.9,12.81,11.8
f70d8903c93f4580989c9046d7ad063f,0,232,1,0,0.14,1,165.6,104,46.4,9.8,11.8
df593fb0ef9f4d2a9f8774d563104343,0,1,1,1,2.27,0,183.1,95,73.7,11.63,8.4
9eaa2d4249f546e9b555a165d90fd27f,0,133,1,0,0.0,1,162.1,91,46.0,10.61,12.2
1fdd41b6ede8459ab40e19d15a07697a,0,103,1,0,0.0,1,166.6,84,45.0,9.62,7.7
a5f505357e5b47968261b9c8cd9ce322,0,131,1,1,2.54,1,135.9,60,68.4,11.66,9.4
46b90ae25c4b4e26b40cc5745bbfeb47,0,95,1,1,2.65,0,165.7,78,73.5,10.78,9.8
eadc13b7b42a47ba8c0a2b73ef0c17cc,0,182,1,0,0.35,1,176.1,90,48.5,8.75,9.7
b2c22f3255534fcd9f0c8f7a595a8d6a,0,99,1,0,0.0,0,142.3,89,42.0,10.23,9.1
a00356f45c8b45ada01f2d1ea9035233,0,27,1,0,0.0,3,177.6,121,56.0,14.84,7.6
e3b0e182328e4d1baf08f31a63e382b1,0,141,1,0,0.32,1,83.2,74,34.2,9.53,10.7
03f8e57544e248c0a55124cda56759d2,0,29,0,1,1.54,2,235.0,101,71.4,9.17,5.7
7610ac489ec341348d3d7c434e508f8f,0,65,1,0,0.0,2,105.7,95,31.0,7.09,6.6
94c6817a1fad432c8e2d3f60d06f0b6a,1,81,0,0,0.0,3,149.4,68,41.0,8.6,17.9
c3746452dbae4b668eaa55ea6b2c821e,0,37,1,1,2.81,0,264.7,81,92.1,10.83,10.4
bdc8ab1ba4bc440eb9a958a9515a2250,0,107,1,1,1.51,1,160.3,45,62.1,11.08,5.6
fba701ccefbd4312ad8b84a70c9f6c4a,0,127,0,1,2.81,1,95.9,117,58.1,7.98,10.4
2fdf0aa7690549e29d6ff21028283757,0,78,1,0,0.34,0,140.7,77,44.4,9.76,11.7
24df8d18224843db968d0161d6069c3d,0,55,1,0,0.0,2,119.7,148,41.0,11.59,4.6
8a89b54e5c1447a79a659f37b271b4fb,0,86,1,1,2.65,2,99.9,84,66.5,13.18,9.8
885ac7613e0b4d61857a7a3f0fb54427,0,176,1,0,0.0,2,250.9,108,58.0,8.57,9.6
5618dd5b4d7d48caba2b883f562d0da4,0,96,0,0,0.0,2,200.6,117,59.0,14.48,11.2
5dc8c69e569249dc8d560b684ada2b57,0,11,1,1,1.89,1,209.8,130,71.9,9.83,7.0
dccbba803904435fbbffee888709e9f5,0,48,1,1,2.05,1,198.0,70,77.5,13.69,7.6
51d8ac4a25994e53af6f88a561e87633,0,127,1,0,0.0,1,239.8,107,52.0,6.45,11.3
3eb7e7442ddd4afa901d421c5d2dee89,0,63,1,0,0.27,0,164.5,75,43.7,7.4,11.2
109533831a724ce89953fe52c55965d6,0,79,1,0,0.0,1,220.9,107,54.0,9.61,12.2
6d83770cae1a4640b4ddb6b8b16b68d1,0,47,1,1,3.56,2,112.8,150,75.6,12.2,13.2
d08d02fb97de41aaa42aee7c76e94275,1,89,0,1,3.0,0,112.6,114,72.0,13.09,11.1
7dba2d09deaa465094c7c576db76d172,0,83,1,1,2.92,1,226.4,117,88.2,11.74,10.8
991808658c1b448faa6e000c44351264,0,126,0,1,2.62,4,244.9,118,87.2,10.98,9.7
90a30edcec6c4a9a9bb1d02618c52868,0,60,1,0,0.27,2,203.2,99,57.7,11.79,15.1
f49d359b277845cf8ff74297a2d2d4e0,0,122,1,0,0.0,0,136.7,115,44.0,12.16,8.6
929239f75a574a0c83808fa76785db28,0,136,1,0,0.0,1,152.6,97,44.0,10.45,5.0
9577aea2610148ea90df6a911c272cc0,0,172,1,1,2.38,1,274.9,102,86.8,9.33,8.8
37846330800e458b8c03b510c9d341d8,1,102,1,0,0.0,1,195.7,116,52.0,10.46,8.3
9b10f8e87cb94cdaa216efeb0ff10178,0,113,0,0,0.31,1,204.3,82,54.1,9.44,9.2
285fd43aed294b06a908e2123d887659,0,79,1,0,0.0,3,222.3,99,51.0,7.31,8.9
7f4b383d63fd46f79485ba4442e5c4bb,0,55,1,1,2.62,1,222.5,104,79.2,8.58,9.7
a1e78c047c3b4bafbde825de1fe2e240,0,111,1,1,2.78,2,128.8,104,63.8,7.87,10.3
37330beca86743dc868088e9d4d16d9e,0,160,1,0,0.31,0,174.3,105,48.1,8.57,8.3
4e4febad353e47099ab7358adc99f46d,0,110,1,0,0.0,4,242.5,110,56.0,8.12,7.8
e0034f889457451b9d6688ec6d1df467,0,192,1,0,0.0,4,221.6,101,62.0,14.26,12.7
0c070297ee8943d79e5fe1feac921db4,0,93,1,0,0.0,0,114.3,100,39.0,11.06,10.9
71c879ce5ea24ad8b58da4305466ac0d,0,101,1,1,2.57,2,219.7,137,79.7,9.34,9.5
4630c0ac83df456e9f4b6b7d03a8ec03,0,77,1,0,0.0,2,144.9,136,38.0,7.57,12.3
f0fe84527174442484d544f763d2febe,0,105,1,1,2.19,2,236.5,111,72.9,5.85,8.1
2b70ef0b753b41879ba481b973344745,1,133,1,1,3.81,2,174.0,80,86.1,10.47,14.1
1b3ca024ef934a9394ded7653ffa3f5f,0,131,1,0,0.0,1,109.5,95,47.0,16.61,6.6
e4d9f41e6c88426fbf56316b7ff0c414,0,106,1,1,2.67,1,81.6,120,60.7,11.78,9.9
9b95d206af5e441abbc9bd0f6d04b633,0,118,1,0,0.0,1,133.4,113,33.0,6.05,5.9
d8badfbc64404246a80f00499b015024,0,125,1,0,0.0,1,137.1,94,42.0,10.49,8.6
ac7bf6ed74b04938b22aacf8b9d6d399,0,95,1,0,0.0,0,197.0,88,50.0,9.52,16.1
a2c166deac294f8ba8716d3e590cbb8d,0,80,1,0,0.0,3,198.1,160,47.0,7.84,9.3
96b9973a0dca42b4957dcc1bfb28ceeb,0,145,1,0,0.32,0,39.5,78,33.2,13.22,10.0
eb167519701f484990312a2e9b96a5e2,0,37,1,0,0.0,2,199.5,107,52.0,10.38,8.1
1a934cb5e49f4baea63690e21006ff25,0,87,1,0,0.0,1,156.8,93,45.0,10.79,7.6
e51b56d091a64e36a51611cbe0f800b3,0,69,1,0,0.0,3,183.4,85,52.0,11.88,9.0
ca9129316f794c7faa77773cfbfd4e8d,0,83,1,0,0.0,1,132.4,120,33.0,6.08,8.6
57dacdd1275742598a76efb14a272524,0,195,1,0,0.0,0,63.2,108,30.0,11.01,5.1
d6c5d283f7c04fee9b52671f3cf881e5,1,67,0,1,4.56,0,181.1,59,95.6,10.8,16.9
d563111886044dc9beeb69662edade56,0,75,1,1,1.13,3,117.5,102,49.3,10.34,4.2
b3b52a68a8574dcebd80dc7754c5fd8b,0,123,1,1,4.05,0,218.7,79,92.5,8.17,15.0
7f65d24f10a94c0ea33f396444157b8d,0,41,1,1,1.59,1,207.3,95,62.9,6.87,5.9
f1f97f161a7a4d41a31b115d8b03c06b,0,75,1,0,0.0,0,150.6,99,52.0,15.08,8.1
e36406317b6e41d39516909ab33006e9,1,76,0,0,0.3,1,273.3,66,72.0,13.18,12.0
ff2359e141a746e78528ce3a3a1b1ae1,0,86,0,0,0.0,1,266.1,120,61.0,9.1,10.3
b13ce7c876584a938039997aee6e1b9c,0,140,1,0,0.38,0,112.8,89,36.8,7.84,16.3
70dc58f75d2f4a4c9adafe8bd91ed0ad,0,70,1,0,0.0,3,104.7,112,25.0,4.11,15.8
6fb28c394fb64707ab2a8636622df036,0,121,1,1,1.59,0,193.8,62,65.9,9.88,5.9
d426e5b59798462f8ec16246d8464b7a,0,112,1,0,0.0,1,168.6,102,54.0,14.9,9.8
a7395c61d7594c7ebf81ee644d6985ee,0,118,1,0,0.0,2,253.2,122,61.0,10.05,9.7
5bdca53915ac4421a1a980550de421ed,0,66,1,1,2.4,1,174.7,92,74.0,11.61,8.9
55a3616804b94aafa2d6d9cafc77c393,0,78,1,0,0.35,0,87.0,102,35.5,9.68,11.0
e14462dc95ff49598f3f39640983a799,0,129,1,1,4.0,2,204.5,79,87.0,6.64,14.8
a5390be4d24844c1a54a2a062d2bfca3,0,6,1,0,0.0,3,226.5,93,52.0,7.61,9.4
1c96cdedcde84ed39498c15be5c7f913,0,107,0,0,0.29,1,234.1,91,56.9,8.16,10.0
b1622839a53543d89aaabd3ce2a15032,1,107,0,0,0.0,3,133.3,106,39.0,9.15,12.9
fd047201458a4c89a8c60fb11b209949,0,138,1,0,0.27,1,133.9,87,39.7,8.32,15.4
f2485c9f792648bfbd0a37355d974799,0,103,1,0,0.0,0,160.2,104,40.0,6.95,9.7
cb025fb1063d47bdbe9c10b9d6b0a65f,0,116,1,1,3.0,0,230.6,94,89.0,11.21,11.1
db39475ec50d44f4a140d35ff379a833,0,189,1,0,0.0,2,227.4,84,54.0,8.8,6.3
1a986870786e4cb0957ce0fcd30b936f,0,161,1,0,0.0,2,72.8,120,36.0,13.36,11.8
f888481f8cf3448da1f4b06f39bbf715,0,1,1,0,0.25,1,196.1,107,61.5,14.83,7.0
65f65272eff84602a6cb79da93b648c1,0,89,1,0,0.0,1,197.1,110,48.0,8.3,12.8
f987e965ee9e46068e2e285066c52d91,0,64,1,0,0.0,1,219.6,126,64.0,15.17,9.7
da408a4430fd411580e9451a1fd47062,1,126,1,1,3.46,4,153.4,90,73.6,7.57,12.8
e4d3f32be776492a9abfbac0203f4a9a,0,129,1,0,0.0,2,216.0,85,53.0,9.35,4.9
214fa4567b1341159d7b9e84926bf5db,0,128,1,1,2.92,0,222.9,136,90.2,13.1,10.8
91614a9a75524b80a0ff38ac733ee145,0,81,1,1,3.16,3,115.9,120,71.6,11.83,11.7
c7ba0394c5444598b63d13b23d963ad0,0,114,1,0,0.0,1,189.8,101,45.0,7.39,10.6
adaaacdc0101481ca4c85319ca02df3d,0,50,1,0,0.0,0,154.7,102,52.0,14.9,11.1
47b9518978754f3fbbea25003a36163b,0,86,1,0,0.0,3,136.4,104,41.0,10.13,11.5
fca1d3fc00424f8ca4a5d637b7dc4eb0,0,96,1,0,0.0,1,170.5,86,53.0,13.88,12.2
ab33486494694bcc97a892238a2d50ea,0,72,1,0,0.27,0,272.4,88,58.7,5.4,12.7
2bd5076703bb472b93503a714379f44b,0,64,1,1,1.59,8,210.0,116,71.9,11.64,5.9
9fdae78a88f64c38b81c86184ad62b3b,0,57,0,1,3.29,2,236.5,94,87.9,8.16,12.2
b2882f7b3190440898270d98d3d0c1b8,0,65,1,0,0.0,2,153.9,117,45.0,11.01,8.5
fb512d5dc021480f8a4a0cbca89fc2c1,0,163,1,0,0.0,1,223.0,120,58.0,11.35,8.8
5bc5bfc8531c41e88cfca2d67cf09077,0,136,1,0,0.36,2,252.4,74,61.6,8.4,10.7
e9bb8ff1483747b9bcbf76db97a15112,0,116,1,0,0.0,1,197.9,84,48.0,8.41,12.0
fabe1dc65b4045559ff1857bd4e4ddfb,0,93,1,0,0.17,3,152.4,74,51.7,13.73,6.6
f9242881a700452587b6b96ff6b6e297,0,142,1,1,2.48,3,237.4,105,80.8,8.8,9.2
ae7b2d2374444915b71631c052c17989,0,92,1,0,0.0,1,265.6,82,61.0,9.04,8.6
b9a7726a990c47e98fdc17fa4ced3957,0,70,1,0,0.0,1,197.3,91,60.0,15.29,6.7
4b4ca9626dc14cbe9af8e879abb441a5,0,22,1,1,1.13,1,199.1,100,64.3,11.09,4.2
bb7a9a9d6a01433f807558054497cb22,0,37,1,0,0.0,2,233.7,114,58.0,10.4,12.0
02177a2c2fe74cc7b74c5215a396f5e4,0,51,1,0,0.0,1,183.1,99,45.0,8.01,7.0
ccf0188342ad4c5fa08b6d29f96af19d,0,174,1,0,0.22,2,139.4,96,38.2,7.17,10.0
4841e49972e6467ca9fe0642e51349eb,1,68,1,0,0.21,1,213.9,112,61.1,13.03,8.4
807716ee2fe64cbb94b405b8dbbd7904,0,130,1,0,0.0,1,207.1,70,53.0,10.01,12.4
d7734b13fc094b3aaeb576be82babd92,0,104,1,0,0.0,2,139.7,78,41.0,10.13,11.3
567a1b53931046e9a3b46b855c0437f3,0,134,1,0,0.35,2,177.2,91,53.5,11.44,8.9
43ff30da65a440b885dab01806e339f6,0,108,1,1,2.57,2,169.8,136,69.7,8.69,9.5
3020dbed32fc445397a6adf30bf535f3,0,103,1,0,0.0,3,173.5,83,51.0,12.22,9.7
edd8852426394ccc8db9ded0a628e11d,0,62,1,0,0.29,1,159.9,100,44.9,8.61,5.6
938c88df6acb410f8f6a0fc684e01b5b,0,162,1,0,0.28,2,115.1,89,39.8,9.84,11.4
2029d06c56224bebab4022c49b953556,0,93,1,1,3.38,2,136.8,113,72.8,8.98,12.5
3c1adb4f3f964bd18fff8b43a2c37db5,0,42,1,0,0.0,1,92.2,108,34.0,10.56,13.1
075c838153cc4c568b629a335d57630e,0,155,1,1,3.62,2,243.9,112,89.2,6.65,13.4
d483e9eb817c4f8bbd4a17a0b49e6cb6,0,36,1,0,0.0,0,117.1,94,40.0,11.77,9.0
0a20034fad1943d186e989a27033b619,1,143,1,0,0.0,0,223.3,99,53.0,8.36,4.5
1ef2e3abc04243ad9e3ec889aaef0262,0,197,1,0,0.24,3,154.8,111,43.4,8.58,10.6
88a549f599ad4ca5a10fa673118d21b1,1,81,1,0,0.0,1,261.4,141,63.0,10.79,8.0
b22a189784df4e3f80e0a3c642b707e1,1,138,0,0,0.0,4,46.5,104,24.0,9.3,9.6
485b216b80e74672a2824106bc4e8968,1,103,1,1,3.11,0,149.9,84,72.1,8.55,11.5
caa5bf36ebea4522afe2b7a51530f21f,1,127,0,0,0.0,2,242.2,102,61.0,11.31,13.9
185d8e04d9a7415ba88c5661a6acea07,1,136,1,0,0.31,1,259.4,99,62.1,8.64,10.7
366bbe88b52c4de59e05c224994ab661,0,99,1,0,0.33,2,222.4,102,57.3,9.29,12.0
ca314887b2da4f9fb6c14ca7fbc1fea5,0,95,1,0,0.0,0,69.4,79,29.0,9.54,8.9
24d60dffb2dc498e89208fac16b5bb74,1,118,0,1,3.0,4,156.5,122,75.0,10.46,11.1
163a6e956c384ae09fc3e0bbf88ca6b2,1,113,1,0,0.0,5,61.2,111,19.0,4.62,13.7
06c98c9918a74a59bb30421e056e30f4,0,128,0,0,0.0,0,245.2,112,51.0,5.08,10.7
218a90617fb44ecbbcdc5a3064dbc25e,0,117,1,0,0.0,3,102.3,100,29.0,6.76,15.7
034424ff674147c6a7a32517cd8b6e12,0,48,1,1,2.05,3,230.9,92,74.5,8.38,7.6
1e78dbd10ba34560b45783e94132febd,0,81,0,0,0.25,0,227.4,105,59.5,10.58,11.9
f99428266db14171be4b2bcfac9dcca6,0,57,1,0,0.19,1,192.8,68,48.9,7.9,12.7
2482e50663724d80879fbddb3a5780c9,0,140,1,0,0.26,1,162.6,98,48.6,10.31,8.2
a197f77c8b22494d9f8cf2a6e67b368e,0,107,1,1,2.97,2,219.4,92,82.7,9.03,11.0
21d5c8b08e554eba82e457dcbc057ddc,0,56,1,0,0.0,1,137.2,111,38.0,8.3,14.3
af9540105e2d4561b60ea917d93b9a26,0,159,1,0,0.0,1,87.7,103,39.0,13.91,10.5
097eedf684334b1884076af4d40ae987,0,102,1,0,0.33,1,271.1,80,64.3,8.6,10.3
3d05a83ad899478a9caf069abb3c7c13,0,107,1,0,0.0,1,103.4,94,34.0,9.47,14.4
845b074036df4aa487bc5be9366f5d48,0,106,1,0,0.24,2,52.2,106,30.4,11.01,11.4
fe8bcc5a8d174d469aab11854e36b454,1,225,1,0,0.3,0,165.4,106,55.0,13.69,8.7
da04e8aec22e4c40ad95884e970d0432,0,75,1,0,0.0,2,147.5,110,42.0,9.59,16.4
faeaf51edcae422fbe841f3741fb94f5,0,86,1,0,0.0,0,217.8,93,56.0,10.74,11.3
d2aad360367d46ecaaae5ee543691a7e,0,169,1,0,0.0,1,235.7,79,52.0,6.85,13.3
9cb70003e57e4a1a8adcbdea3331136d,0,122,1,1,2.32,2,204.5,92,70.2,6.98,8.6
b5e9d636715140938234e49b961f98a6,0,106,1,0,0.0,0,178.4,143,52.0,12.35,9.6
bf11d0e93f544674820b0f40309ecd97,0,52,1,1,3.65,2,130.1,68,80.5,12.36,13.5
f82d4d89eb0c40bab393773558d2040c,0,79,1,1,4.0,2,103.7,100,78.0,11.82,14.8
b8c96803399c476dac500806821aa7b0,0,135,1,0,0.17,2,239.9,91,57.7,8.86,5.9
2f995594ffec404aacf9e28322112244,0,70,1,0,0.0,0,148.4,110,48.0,13.36,8.9
ae392b539e80477e8daafeabe3eb1900,0,80,1,0,0.0,2,148.6,106,44.0,10.54,10.0
46b04946bbda4811827762bc2aa3b186,0,37,1,0,0.0,0,191.1,69,44.0,6.46,12.9
a8a52886eed14c98a3eea5f0b89871af,0,161,1,1,1.97,1,218.5,76,66.7,5.64,7.3
d174f379ee814891a63233cbc47cca89,0,137,1,0,0.36,1,97.5,95,37.6,9.79,0.0
7e875be1a63e4ed0ba22302c6734a057,0,123,1,0,0.0,0,128.7,126,32.0,5.88,10.8
0291909e247241d096abf1431041ceb2,0,80,1,1,2.57,2,236.6,69,83.7,9.88,9.5
b992cf18830e4eb3942515d812e0cd8e,0,94,1,0,0.0,0,85.9,113,34.0,11.34,15.6
972a519d387b470db86dc38fbafb74e7,0,105,1,1,3.08,1,141.2,96,69.8,8.39,11.4
a0d0b940c43048218f5332edcfc4f4ff,0,73,1,1,3.11,0,194.4,104,80.1,8.8,11.5
662805913afb436ab423a1ff36cebb3e,0,112,1,0,0.0,2,167.6,100,42.0,7.73,17.3
cae85e6efd584da1aa9c2d7cdf056fef,0,179,1,0,0.32,1,234.5,134,57.2,8.21,6.1
b7ae319a7995468bac82e782a18e3cd1,0,57,1,0,0.31,1,154.2,78,46.1,9.84,10.1
6c2b870fd0c94724ba1c275740b6f579,0,127,1,1,3.13,1,143.2,99,70.3,8.5,11.6
cefaa74cd7d540bdace1cc7063c2b1d5,0,122,0,1,3.43,1,216.4,80,93.3,12.49,12.7
b359ab7c7ba34543af0b25dbedd6ce98,0,33,1,1,2.3,1,161.9,85,64.0,7.56,8.5
f48e07089f9e4561a9e72c982456bfb2,0,94,1,0,0.0,3,118.7,90,38.0,10.26,10.4
23f3fb5ea0d244b1801cc07111633b20,0,100,1,0,0.0,1,179.1,123,48.0,9.83,10.2
807e7c729b034f68861df6ca880a8c0f,0,106,1,0,0.0,2,147.9,97,43.0,10.47,8.8
2c37d61fce0d47f599c6f656d82521bb,0,148,1,1,4.46,2,209.2,110,90.6,5.83,16.5
d54f785e0208478f8918d20382d76906,0,120,1,1,2.86,0,244.3,140,97.6,16.12,10.6
776643fc68e74fa989465c531897ae1f,0,91,1,1,1.51,1,175.3,96,68.1,13.12,5.6
1f16c2ffcd7b46d281cd0ce4fb01ee5f,0,86,1,0,0.0,1,150.5,92,36.0,6.02,9.0
642c41399a47438880ebbc5aab351399,0,78,1,1,3.56,0,197.4,73,94.6,14.79,13.2
7a9fe27257fd486ca11d73f369cdced8,0,94,1,0,0.0,1,163.5,136,41.0,7.19,12.6
b77a572c9d7643b1bc6a99d888c4f29f,1,85,1,0,0.0,2,236.9,93,58.0,9.89,11.4
14e9068876f843cab056e28f0d6326af,0,89,1,0,0.0,1,82.3,77,29.0,8.36,7.2
f672d26673e0470181bf9db696e5c416,0,128,1,0,0.0,1,216.0,111,50.0,7.69,12.7
ef82951f74b34238a161603363d2ed26,0,115,0,0,0.0,1,180.0,119,48.0,9.94,12.4
33448aaf88574be7a84c341fe56520e7,0,76,1,0,0.0,1,143.7,55,40.0,8.66,5.8
a05c0cc7db26403c96db3ed86dd699f0,0,75,1,1,3.05,1,198.2,107,88.5,14.02,11.3
e80fbb6ebfeb4fb4927e7d2059681fb5,0,90,1,1,3.0,2,185.6,106,81.0,10.99,11.1
92ffbfa801ea48c382a503def0905bc1,0,30,1,0,0.0,3,137.6,108,38.0,8.1,5.8
d62b192eff6f4305bf7033bf85a0e474,1,105,0,0,0.0,1,273.9,119,71.0,13.93,10.9
d43db84e46cd401eaed172ec7c60cc1f,0,102,1,1,1.7,3,125.3,92,51.0,7.06,6.3
d7aa2448eef94db99b04465f4b41ec0f,0,83,1,0,0.0,3,178.8,102,45.0,8.4,8.6
518fc5859c724ee98f04aeca01ca9bf0,0,63,1,1,2.21,0,214.9,86,76.1,9.91,8.2
89612a476aa34ddb950607d0a28a72da,0,155,1,0,0.0,2,163.0,93,46.0,10.2,15.1
15b53c6dbcbe4df6afa1c652e79d54c5,0,82,1,1,2.38,2,163.8,77,63.8,6.75,8.8
3bb9bc99aceb40f186d3007bb8c13b0c,0,87,1,0,0.0,1,189.5,113,50.0,10.25,13.4
3aecb21938c446a48f756f00a6c9d7bd,0,115,1,1,1.22,0,155.2,110,59.2,11.55,4.5
622faca0c46a45eca2e471db2863123c,1,99,0,0,0.0,0,242.3,102,72.0,17.55,11.3
64a9955795ce4d1aa3f72c867a6096ba,0,121,0,1,2.35,3,254.1,127,82.5,9.01,8.7
db13fb8a2f9e4fa0bc141ba4efe8b0d5,0,54,1,1,3.05,2,112.0,90,67.5,10.4,11.3
1d303a1733214a4bacf9f8995c379442,0,105,1,0,0.24,3,115.5,73,45.4,13.37,13.3
1a10483212ac46abb45109ea6ae65d9e,0,73,1,0,0.34,1,137.1,102,45.4,10.54,11.1
7d6fdfe739984baab7e21d17a3bbc3a4,0,95,1,0,0.0,0,198.4,113,54.0,11.8,10.1
d72fdd1304b6496eb69d625c54e47a87,0,21,1,1,3.48,3,132.7,94,74.8,10.23,12.9
8275dd4f42ce4293ba6080927e354b70,0,163,1,1,3.73,2,219.6,99,93.3,10.52,13.8
fdb52e52068f4af7883b9ebf0ace3c92,0,57,1,0,0.0,0,169.6,96,49.0,11.74,11.2
e4ea795f36f94cbebe6ea235bec8686a,0,104,0,0,0.0,4,160.4,73,53.0,14.7,12.6
90bcc2d7974c4f11beae7de748df4dd0,0,83,1,1,3.02,0,95.0,89,61.2,8.4,11.2
cef787cb06ed458a9b4d033dd39a1027,0,141,1,0,0.24,2,160.1,87,52.4,12.84,7.0
2ce0b4711c6c46398eda98ea155cd26b,0,95,1,0,0.0,3,194.6,114,53.0,11.64,3.8
3206cddeda694ff192051b14affc05c5,1,184,1,0,0.0,1,236.4,73,65.0,14.37,13.8
1204f12bb95c48a89a126806a6982cdc,0,74,1,0,0.0,2,157.1,95,45.0,10.66,7.6
2a7dcdc7a9d845d0b9e291015d4eb81e,0,67,1,0,0.0,0,179.8,125,46.0,8.66,10.9
53501bb364a44ed1b7d55d253f913deb,0,104,0,0,0.0,0,148.2,108,39.0,8.09,11.0
f4e3f30e637244369e3e3a2702d11245,0,71,1,1,3.21,1,183.2,103,81.1,10.47,11.9
46777fd5a825447d8a8e604e93ea24fd,1,149,1,0,0.0,4,119.2,88,35.0,8.42,12.2
69402272fc0e40028729027462f88140,0,154,1,1,2.59,0,224.0,102,80.9,9.6,9.6
c76660234af9401ab3bbca9cfb9905d8,0,138,1,1,2.13,0,19.5,149,37.3,7.05,7.9
b22b9ab85d2948818782d929a0500659,0,117,1,0,0.0,1,184.8,83,53.0,12.43,9.6
b9a18c13cb0f4c70a73a735d718f56b7,0,130,1,0,0.0,1,176.3,140,48.0,10.05,11.3
045be00cd3c5433d8fc27bf0b698f792,0,73,1,0,0.0,2,241.7,115,56.0,8.43,11.1
7c38b7d89f0d44a4bcd1900333e2d83e,0,100,1,1,2.65,0,224.7,121,90.5,14.7,9.8
b7baf0fe975940069cb9d6c8ea2b37df,0,149,1,0,0.37,1,207.3,115,56.7,9.92,8.6
b3ea8e2aa2cc492d825ba8187e2a636a,0,29,1,0,0.0,2,196.8,81,48.0,8.4,12.7
5512bb3053134f839702a7dec777a148,0,131,1,0,0.0,1,110.9,74,29.0,5.78,15.8
f40672e7144c484ca729b5f3a8bbf826,0,153,1,0,0.0,2,122.5,145,45.0,13.67,8.0
6002f72c8ffa4ea9acc2e70570fe1fa7,0,84,1,0,0.14,2,226.9,144,57.4,10.08,13.2
89a4fd65248849c68595ad91042d9b93,0,133,1,0,0.0,2,187.0,65,44.0,7.07,10.0
dc7a2ad573ac45f39145ba4c93790476,0,112,1,0,0.0,0,170.5,113,46.0,9.66,11.2
c5a7ba4ac35d435891fb1dc6bd2c983d,0,87,1,0,0.0,0,204.8,101,49.0,8.05,9.5
0e43611190bf4be19762bad9c4664654,0,72,1,0,0.0,2,165.9,114,49.0,11.8,12.0
1bb6ad6f138942f88540d78796187c78,1,66,1,0,0.0,4,154.0,133,44.0,9.95,9.5
f795c81bccec4328b620c994efd8992f,0,65,1,1,2.4,1,158.1,104,79.0,16.11,8.9
bc405349ba5f4964b80c9c773425590d,0,74,1,0,0.45,2,225.2,93,61.5,10.76,9.1
6423a6280a954b468d31c2fbdf9204e1,1,116,1,0,0.0,6,159.4,79,43.0,8.98,9.7
6a7b4e8cfbc84a1e9b4ce13bc9b07291,0,68,1,0,0.2,2,172.7,95,44.0,6.96,11.7
012d5e3cd5134cabb9b250def240e50c,0,68,1,0,0.11,3,222.8,99,54.1,8.79,11.0
eea5504992f34893a29848651250e6aa,0,54,0,0,0.0,1,214.1,77,57.0,12.03,10.1
940f0a22bfa447388ecf35c1df6ef786,0,99,1,0,0.0,1,54.8,92,25.0,8.65,7.5
fe6a727d8a644141a2813ff6ac8ea798,0,107,1,0,0.0,3,134.0,104,38.0,8.73,7.3
fbf0f78701b84cf3abbecfa02c6193e4,0,124,1,0,0.0,1,184.8,74,47.0,8.76,10.5
a3cc72e60b3349219831850ae5bcf3cb,0,95,1,1,3.05,3,283.1,112,103.5,14.31,11.3
a1a5c4bb872842e7aec8dc1f24ea9e9f,1,173,1,0,0.0,0,291.8,143,68.0,10.72,9.9
745a6d4fccf6416380ab1e7ef8ef6e68,0,110,1,0,0.3,1,222.7,94,50.0,5.29,13.5
bc47347b7c274c648dbc2eeadaed6bfb,0,102,1,0,0.0,0,174.5,79,50.0,11.84,8.5
c99a76bf3cd646828207147303ea8833,0,130,1,0,0.0,0,68.4,86,29.0,9.67,10.4
326c15e384304938988384dba37690bd,0,91,1,1,2.59,1,273.0,78,90.9,10.78,9.6
70492cf96bd34155a796b326cbcb2a2b,1,64,0,0,0.0,1,225.3,134,48.0,5.41,17.3
667a1abc2520453e8d8507e4b13441aa,0,176,1,1,1.94,1,283.2,130,81.4,8.13,7.2
b394f58a3a954374a822d559942896f0,1,93,0,0,0.0,1,131.4,78,42.0,10.99,11.1
1bcac968b3a64a7196616745155fcec8,0,84,1,1,2.89,1,89.7,87,56.9,6.93,10.7
106bf7655d1e4b47aeef4a8f65aac1c6,0,138,1,0,0.0,3,127.1,102,43.0,12.39,5.0
5e49dca6ba2147c5946a87963098bcaa,0,101,1,1,2.89,1,105.9,132,66.9,11.59,10.7
b8700be609bf424b83e5e2d816a7cf7e,0,136,1,0,0.3,2,142.3,79,41.0,7.9,6.0
5463626d371046438105245a93c5d5bc,0,111,1,0,0.25,2,191.3,80,47.5,6.93,6.4
4ce69c3ee75b4f5087e8cfefd18b8705,0,132,1,1,3.7,0,201.9,93,85.0,7.82,13.7
b2ad0ed81c944831b294f867d76ac25d,0,128,1,0,0.36,3,247.3,91,61.6,9.14,14.7
7a0e2bbc458e4bbebb0121fcf88af3f5,0,92,1,1,2.4,1,242.2,96,79.0,7.99,8.9
86e4d62223e7485dab6bf91636d3dac2,1,197,0,0,0.12,5,127.3,80,42.2,11.12,13.7
f94ed9e924564c428fb0de2a66a7ec1d,0,191,1,0,0.0,1,162.0,104,49.0,12.06,10.9
1f0440f7a3454f8d8292c4773296e0f6,0,99,1,1,2.86,2,179.1,93,79.6,11.92,10.6
4501ea457ed24932878edf9640f94baa,0,106,1,1,3.32,3,197.4,125,78.2,6.17,12.3
8a9ad919e0d148d7b49916010dfa1f06,0,88,1,0,0.29,2,148.2,82,54.9,15.44,6.4
2ec478587a284a2892978020fe5646a2,0,78,1,0,0.0,0,193.1,85,48.0,8.61,10.2
203d646a86e2463e887ec63eed508f4a,0,98,1,0,0.16,1,171.7,99,46.6,8.74,7.8
3a407a7242ac4f4b8c67d5ba74f22b2e,0,17,1,1,2.19,1,198.5,123,78.9,13.53,8.1
d859a50e13cc4476bbd8a311c7671504,0,56,1,1,3.43,1,121.7,87,71.3,9.2,12.7
7113d3944cf948a4b60c6e737a1b6a3c,0,84,1,0,0.16,2,130.2,105,47.6,13.9,14.0
e1081942cb0047538112ef54ed7bc851,0,95,1,0,0.0,2,203.4,96,49.0,8.43,13.7
0a11c336f2804339964b1862ec2da3ec,0,16,1,0,0.0,5,174.7,83,54.0,14.04,10.5
f11a3f4c8bd74f8da70cfa31186c8fab,1,76,0,0,0.34,1,241.0,120,64.4,11.59,9.9
859cc6986bb24c3fa1ba63e9a4fbf6cf,0,93,1,0,0.21,0,141.7,95,45.1,11.05,10.2
46aaf2516f7d49c5a8f7f50d0e95ddd4,0,83,1,0,0.0,2,134.8,96,38.0,8.36,7.7
3158e97c45c14261a88712fbc34504d3,0,123,1,0,0.0,1,163.1,119,49.0,12.47,9.0
3fbeae19002f49aeb43400363cd21ac7,0,64,1,0,0.31,1,145.5,116,48.1,11.42,8.9
fd5884dafe1744d388b66b78ac2ac6b0,1,82,1,0,0.0,0,329.8,73,74.0,10.42,10.6
e5aa56ce855f48e9b2e554092e931f97,0,107,1,0,0.0,2,194.5,97,49.0,9.32,12.7
2045f2e9a8974803b8c2bb0390e28652,0,110,1,0,0.0,1,131.9,93,46.0,13.64,7.1
b2c6cef219484237afa8cbec75120f38,0,96,1,1,2.3,1,150.0,91,63.0,7.97,8.5
58c88a4109ba4274bcb98cd752815c1d,0,47,1,1,3.48,2,196.6,93,88.8,12.07,12.9
90acc67852004773b934825768cb5f3b,0,115,1,0,0.0,2,99.7,107,30.0,7.26,14.1
56c4887ad7b84718a9320abb406cc7f8,0,69,1,0,0.27,3,143.6,88,39.7,7.09,10.8
9e71f75af84c48c2a21ee72996f96db1,0,163,1,1,3.32,2,231.9,56,91.2,10.59,12.3
b507e9a43d794fe2ab9a67f8f22221c0,0,90,1,0,0.0,3,37.8,80,20.0,7.77,14.2
fea7feb3a2be4e7b886b776eb99a5fd6,0,98,1,0,0.0,3,72.8,107,29.0,9.32,10.5
6777c5f759a343c9ae6d4310c4345199,0,90,1,1,3.08,1,94.8,89,65.8,10.96,11.4
5cc8577ca22c4f0cb1b03c3cfdeec452,0,174,1,1,3.35,1,221.8,143,89.5,10.53,12.4
382361d1c8bd4ca38b4a4191d6d61bbb,1,95,1,0,0.0,2,269.0,120,66.0,11.69,7.3
053c1341afec4d06b5f30e39f1eea899,1,79,1,0,0.31,1,268.3,114,65.1,9.28,6.3
9ebe5cbee998465e8e238155d5d99235,0,123,1,1,3.38,1,198.7,127,88.8,12.45,12.5
ce49b6c023794d3fa8750206e64af1a9,1,99,1,0,0.0,7,115.5,75,39.0,10.91,11.5
f70a68c20d6f4c109968396f25d5f124,0,114,1,0,0.0,2,202.1,100,51.0,9.79,13.3
26656eaae7a04661a6348beddc35ac45,0,141,1,0,0.0,1,215.6,113,54.0,10.03,12.4
3d825635a5494c4b8bff7fca047c5b44,0,132,1,0,0.0,1,169.9,107,47.0,10.47,11.5
6641f97a0cec4dc68a0464bbb3177deb,0,133,1,0,0.0,0,201.7,85,49.0,8.47,6.0
abd677e15158479e9aacf5c65d14f5e4,0,133,1,0,0.0,4,221.1,133,52.0,8.01,8.4
c248c94f37e14a63ac8fdd507caa6303,0,93,1,1,2.54,2,218.7,117,72.4,5.75,9.4
e75cf6f47cc84492b850e5464e59090a,1,34,1,0,0.29,2,293.7,89,76.9,13.63,11.0
27d022db048e4faf9a60427cc8660b21,1,140,1,0,0.0,4,120.3,108,41.0,12.02,7.7
511915364e6248938bfa934003b6e7ac,0,96,1,1,3.0,2,175.8,96,78.0,10.33,11.1
06b81e98a24c4d74b31ccbbf542a4491,1,144,1,0,0.0,1,278.5,95,68.0,12.04,11.6
47c469b29cc84fb1a53f6e99eefd2683,0,24,1,1,1.94,3,236.3,105,76.4,9.54,7.2
68f4310c01d34425af5a76a0e540b47b,0,54,1,0,0.0,1,273.8,113,57.0,5.98,11.7
e3bd9a22345b42099c7f71ae400e7e34,1,50,1,0,0.0,5,131.1,129,36.0,8.03,5.6
7ba9d608932a49e885b1aa9baf76c5bd,0,92,1,1,3.02,4,167.4,83,81.2,12.93,11.2
7b20229392c143a1807e3fa8125fe624,0,96,1,0,0.0,3,197.7,68,55.0,12.53,10.5
a9bf840bd077434d87b3aa56d9477f1e,0,146,1,0,0.0,2,169.5,93,49.0,11.55,9.0
d767dcea502440fb8680558624de09bc,0,138,0,1,3.16,0,225.2,116,85.6,8.67,11.7
611ee8c2d09a4992b6e72f406586a22b,0,102,1,0,0.0,4,174.5,73,48.0,10.69,10.3
f6efda3d7f804b85a1a46433eecca39f,1,76,1,0,0.36,5,129.7,84,41.6,8.88,7.5
2dca3308f75f462e9e378a868aacac24,0,99,1,0,0.0,3,200.0,66,44.0,5.4,11.4
ede1d15c222e404983292c1ed039e18a,0,83,1,1,3.59,0,95.9,87,74.9,13.08,13.3
6894e6954f544aa489b237a3ae292a6d,0,36,1,1,2.46,1,152.8,110,71.6,12.14,9.1
2e50812adc94420d8f72815f29652e32,0,70,1,0,0.0,1,129.9,102,40.0,10.44,14.3
f6ba1329a3964185a8f74c68045a42e7,1,109,0,0,0.0,2,268.4,85,59.0,7.53,9.7
503a70f9c3ef45f496dc67b42a852876,0,100,1,0,0.0,2,188.5,152,45.0,7.42,15.2
94bb4d5c8a404e4d8f35de01a003bb0b,0,104,1,0,0.24,1,170.6,97,45.4,8.11,6.1
b10d69a1feb245fd8da8c6154becccad,0,106,1,0,0.0,1,191.4,124,50.0,10.04,8.2
f5f97005eb4e4246a19a12edebd8ef56,0,84,1,0,0.0,1,75.3,96,29.0,9.0,12.3
3d5a0a80f73246ba83980b23562a8074,0,80,1,0,0.4,2,149.8,123,53.0,13.82,10.9
236ac1c590324536b666854950a3d7d3,0,100,1,0,0.0,1,115.9,87,30.0,5.57,7.1
88527848548e4222b8d47be390789868,0,99,1,0,0.0,2,128.8,86,40.0,10.2,14.1
784067c2b2d0467f85f2294460697030,0,50,1,0,0.0,1,131.7,108,41.0,10.83,11.0
dbdf640291164b9995ae2f4f37ba6748,0,105,1,0,0.0,1,101.4,48,31.0,7.96,12.2
37ff2f5c5d6546ed8f4945b1d4f7d98c,0,113,1,1,2.57,4,149.0,104,71.7,11.79,9.5
8b856b7ac6b1460eb00da6f88467035a,0,111,1,1,3.62,2,96.8,123,67.2,8.53,13.4
2d53c717b2724c6da4a0e1b14731423a,0,161,1,0,0.0,2,107.5,121,41.0,12.82,12.6
2610a92f4e274589884278b0f01dd8ca,1,70,1,0,0.0,0,232.8,95,66.0,15.17,12.9
9fc2ded1fec642089ab4296845e8ae58,0,97,1,1,2.24,3,121.1,105,65.4,13.01,8.3
7f4cb48c9a3a4e0198266fc550a27d57,0,130,1,0,0.0,0,124.3,70,45.0,13.54,3.5
60d5a6d68afe4257b5625c3374de7536,0,92,1,0,0.0,1,157.7,101,53.0,14.93,13.8
5f58143461e04271a83f79c7bdf4b3a6,0,119,1,0,0.0,0,124.3,68,39.0,10.36,14.8
412e2d128d6c4bfc95d37fc73887bdf5,1,115,1,0,0.0,1,286.4,125,67.0,10.29,6.9
ccfb1ffe8c0845f099dc47decefc37f5,0,134,1,0,0.0,0,141.7,95,42.0,10.28,8.8
4216a065f0bb49b39c52ebe86ac22e2f,0,127,1,1,1.3,0,173.0,91,64.0,12.29,4.8
e1577a7bf12e4898a487d9da6b5f140a,1,80,1,0,0.0,2,268.7,120,72.0,15.05,5.8
7f125cbd6308403c87fc43a68238e2fc,0,153,1,1,2.54,0,218.5,130,74.4,6.71,9.4
01bd33f0fbb94c93a9d091d32f962e74,0,85,1,0,0.0,3,255.3,114,60.0,9.73,3.7
de4d57788c854426989432b88b51c4b5,0,79,1,0,0.0,1,41.9,124,26.0,10.55,11.4
f10b0dbea72443a4b3be71de6e0139a1,0,35,1,0,0.0,1,260.8,87,67.0,12.91,5.8
1e0db314175a4c6dafe764cd158c9426,0,120,1,1,2.08,0,239.4,94,83.8,12.97,7.7
46e21fdafc7143a4abf710b1f5a78f85,0,68,1,0,0.33,0,226.7,94,56.3,8.42,10.2
f96864c9d0434d1784aaf5afc9085c85,1,60,1,0,0.0,1,179.3,147,49.0,10.45,13.5
d4bb1263570249479534572b5cfb3cb4,0,120,1,0,0.0,1,158.0,110,44.0,9.85,10.0
13f537fea9cb45d0a6275d0f803b2d2c,0,71,1,1,3.81,1,175.7,82,90.1,12.95,14.1
c5a1ad9ff2bf478f94b005d187105da0,0,124,1,0,0.0,3,157.4,107,42.0,8.39,8.8
df26ec429b494ecc8b01681b2c27336e,1,23,1,0,0.0,1,113.1,74,34.0,8.44,6.9
040de58d1ccd441f80b53b20a4558187,0,225,1,0,0.0,1,182.7,142,53.0,12.33,8.8
d1457cb1d84d4978854334d41a5df6b4,1,181,0,0,0.21,0,161.3,83,40.1,6.22,14.1
dea4f24fdb4243bfb332fb0f9e79a05d,0,63,1,0,0.0,2,142.5,92,42.0,10.42,7.5
19cce9ee9769459cad6dc2dd5052a001,1,54,0,0,0.38,2,190.5,108,58.8,12.99,9.7
e6c14c0f740b4fc1bb3a5f7219f9b1e1,0,80,0,1,3.21,1,159.3,110,74.1,8.53,11.9
d7c52e4d38cc4aaab1a9a3f261501461,0,118,0,1,2.48,1,153.8,106,61.8,6.17,9.2
8c441dedfc284552ad3811bf61a01366,0,42,0,0,0.0,2,180.7,127,46.0,8.73,12.0
4fd6960f603f47839a28ad88902cb5f2,0,134,1,0,0.0,0,202.7,105,54.0,11.25,12.1
25584dceac9244e1a8ec0c71d0c30a53,0,66,1,1,2.4,0,190.8,100,79.0,13.07,8.9
cd41712ae30d4b418f0348bdf2a888f2,0,66,1,0,0.31,2,205.1,102,58.1,11.64,9.2
0702227569b64f249d1ee6b66913d7e8,0,127,1,1,2.08,1,235.6,124,81.8,11.84,7.7
76cf6f12cb0540f79a26483fc27bbf86,0,146,1,0,0.0,0,189.3,77,46.0,7.8,7.4
dfe1bc170ed745b1aa14d144ae73377a,0,93,1,1,3.11,1,166.9,101,83.1,13.66,11.5
6954241a4dff4d81add49a91e16759c6,1,77,1,0,0.0,0,245.2,87,64.0,12.71,7.5
74a49e41b25541099f6f9f1aaaf34e8d,1,111,1,0,0.0,4,132.6,125,42.0,11.06,12.7
a9d236fb015a4cdca880722d8382c861,0,125,1,0,0.0,2,182.3,64,43.0,6.99,11.6
d8f3d185a2914fbba5ea668ba34d9a4c,0,115,1,1,2.84,2,192.3,86,69.4,4.44,10.5
72097476df344d9e9e92721674d6e79f,1,115,0,0,0.0,2,122.0,110,40.0,11.01,10.8
fd435764235d4cb888276fda9a6707a8,0,114,1,0,0.0,2,193.0,101,55.0,12.5,9.6
b0f69527d9cb464f9d9e6976fc0e4161,0,106,1,0,0.0,0,158.6,112,46.0,11.0,9.1
bcba5525277743f28609718e23bab469,0,118,1,1,3.43,2,91.5,125,69.3,11.0,12.7
c2ca182fc9d7480498db061077125b9d,0,59,1,0,0.19,1,153.6,92,45.9,10.28,12.5
288c6d0025254ec9a4c42549b81ee4ee,0,87,0,1,3.11,1,221.6,79,83.1,7.86,11.5
abcf0be64a74413cb31ed0cea3db312b,0,21,1,0,0.3,1,244.7,81,59.0,8.4,6.6
61ebcefba5cf4e2ea484300decd7ec4a,0,142,1,1,2.57,0,239.8,103,91.7,14.3,9.5
b809a62d25e54a0892c03a4fc733cadf,0,62,1,0,0.0,0,172.4,132,49.0,11.53,11.0
cc8a8f477d52460da0889508d8160c36,1,149,1,0,0.0,3,242.5,83,63.0,12.27,10.0
b2c2b0a0da43487dae1845deeba4b8aa,0,54,1,1,3.05,2,117.6,82,64.5,7.96,11.3
c8393a7e9aa94837bfdfab3909ce3d43,0,112,1,0,0.0,1,174.5,127,52.0,12.97,11.3
2e4b4a13154245b088c105148deccfd4,0,68,1,0,0.0,1,157.3,83,46.0,11.05,12.0
cc8b4efb286c4ec2b970eb0e1ef01922,0,201,1,1,4.08,1,192.0,97,93.8,11.96,15.1
0df5916b735041ee905490882c4f2a9a,0,88,1,0,0.0,1,218.2,76,52.0,8.47,8.0
fce6d2d21dcc4da4a8b509e943b0f911,0,85,1,1,2.94,1,144.6,97,66.4,7.0,10.9
0495d1c2e71749fe99a6fb4ab167af99,1,51,0,0,0.0,0,153.6,108,46.0,11.65,14.1
cf4a2b3bd36640ff800907032de08bc4,0,45,1,1,2.13,2,135.8,104,63.3,11.13,7.9
e9acaebbb54a4b33b5d7116aa1b24940,0,116,1,0,0.0,0,160.7,69,40.0,7.34,8.2
b9e7d85045754163a939ffecb68c3ed8,0,146,1,1,2.11,1,202.5,91,76.1,12.07,7.8
c1053fe70b5441858ca2e742b4eabdf9,0,63,1,1,3.32,1,152.2,119,79.2,11.36,12.3
1543cba4907e4f87ac5fc69dfeddde2e,0,133,1,0,0.0,0,227.4,90,45.0,3.66,4.7
88e31a2902e04178baadd31447cf76d5,0,125,1,0,0.0,2,191.6,115,51.0,10.28,9.2
5a907714f8244838aaac92aae003b870,0,72,1,0,0.0,1,138.9,111,42.0,10.58,10.8
a88f5142131f4790bebc21080b3c2d97,0,130,1,0,0.18,0,127.0,102,41.8,10.35,6.1
fb80ae0cf70f44c4bdbecf3a58752886,0,97,1,0,0.0,1,168.6,87,51.0,12.96,7.3
8850b84b48fe434c92d7b506de98bee8,1,54,1,0,0.0,1,286.6,73,68.0,11.16,11.5
6230019d0b704de4b4381734d3b90156,0,160,1,1,4.1,1,164.6,121,92.0,13.14,15.2
154a6dcbe0c34d61aa4494b2739549b9,0,79,1,0,0.24,1,144.0,90,39.4,6.79,13.0
8b8d2f2dfe90438280bb934670384afc,0,92,1,1,2.75,0,141.6,95,69.5,10.4,10.2
c7d4d15f57134d59b0890ebdecce590b,0,59,1,0,0.0,1,204.3,65,56.0,12.37,12.0
88fc09b1a0a74e7ab414d219a0007114,0,132,1,0,0.32,1,163.2,80,45.2,8.38,6.2
e27f5314686f4274be12b1f1ad63108a,0,21,1,0,0.0,0,225.0,110,60.0,12.21,10.7
8c974731c30d424695147aba297a6736,0,93,1,0,0.23,2,176.1,103,49.3,9.99,8.5
cf9ceffe5e3e4119969f6b80f26d55e0,0,147,1,1,3.73,5,254.2,78,100.3,11.41,13.8
73d0472d776d4716b6896cca1d334562,0,101,1,0,0.0,1,174.9,105,52.0,13.1,8.5
9a9042125d7249cead6827182a8316f6,1,125,0,0,0.0,0,187.3,118,46.0,8.04,9.6
c8d825d54a124e2080430e18613e81ad,0,63,1,0,0.27,3,211.8,84,58.7,11.55,10.7
d2a443e96349493ca6c765f132c5b8a4,0,107,1,0,0.0,0,241.9,102,52.0,6.35,11.7
f96a5ac02cd34bcb95a9f643d84ae20e,0,110,1,0,0.0,3,196.1,103,51.0,9.99,12.9
7c23d142522d4c718285adefcb71ba9d,0,83,1,0,0.0,3,231.3,100,58.0,10.52,12.4
f1c0f481f67c48d2a3b3b6c87bf8e58a,0,117,1,0,0.42,1,161.6,104,49.2,9.82,13.8
0f440d7c46034492a01188e941435a32,0,124,1,0,0.0,0,194.0,103,54.0,12.05,11.9
c7207bd363b44a4e950cfda6c5b0be88,0,115,1,0,0.0,3,109.7,148,38.0,11.19,15.4
60126450e2f64734a3f353724d8aa6bd,0,156,0,0,0.2,1,277.0,119,70.0,11.92,8.3
0c03a181c13c4abe80750481c7cdc63d,0,89,1,0,0.15,0,192.1,83,48.5,8.18,6.1
cdefd39048e84c8990f5f90bab48b965,0,72,1,0,0.0,0,198.4,147,53.0,10.85,13.1
b1c800e47db34e17a6ee5fa6cb074df2,0,101,1,1,2.57,0,209.2,82,75.7,7.99,9.5
37bba1fc52e0484badd25be3381e5d21,0,53,1,0,0.0,2,184.8,98,50.0,10.82,18.4
00ac6f306a9b4e5fb6c36461fa937758,0,116,1,0,0.0,2,167.8,119,41.0,7.1,7.3
ed5450ce4eb64c7ea5657bd53d98bf0d,0,78,1,0,0.0,3,139.2,140,40.0,9.57,11.8
df9893cbb36a47f78c83be82399253ec,0,117,1,1,1.19,0,221.3,82,63.9,8.38,4.4
a49c6bf7857c42e2864cc093668f65a1,0,56,1,0,0.0,1,121.6,84,35.0,8.27,8.9
f9a7d20aec874922a223e5178a229ec7,0,123,1,1,4.16,1,270.4,99,108.6,12.26,15.4
4400dd1086c54141876d258ccf055140,0,127,1,0,0.0,2,139.6,94,45.0,12.05,8.8
698645e347f340b4ab9e69b974fba1fb,0,116,1,1,3.19,2,253.0,78,86.9,6.95,11.8
a638208deb7f4ff0a2d2c41d7906fa52,0,138,1,1,4.05,1,183.9,83,92.5,12.04,15.0
6ae16c163f834513a1b521a4d7d78763,0,120,1,0,0.0,3,203.3,108,57.0,13.0,7.8
609b2707adcf468aa0171ba1994afc47,0,102,1,0,0.0,3,200.6,106,48.0,7.63,7.7
6185ac4ea3354baf81dd90a96e6a252c,0,95,1,0,0.0,2,167.6,96,44.0,8.8,13.4
8064b6fb322c4661a4187f16d3c1aa06,0,102,1,0,0.0,2,156.5,67,44.0,10.22,9.9
f3bf4508c90244de86f6ee3388507df7,0,89,1,1,2.86,1,215.1,140,82.6,9.87,10.6
84758e67032a47f48ab2b322de15d683,0,50,1,0,0.21,1,301.7,82,68.1,8.36,10.5
16ebc237973c439396f0659cb4e5fcc6,0,93,1,1,3.05,7,152.3,90,79.5,13.38,11.3
e9258cfca3b9424b8393d1c868491534,0,68,1,0,0.0,1,195.4,116,52.0,10.61,15.1
ac9f51d479214d828769659a99d03c9e,0,70,1,0,0.0,2,208.7,97,59.0,13.78,8.0
63c8b9582175481292e91e977a167f15,0,138,1,1,3.83,0,190.1,87,90.3,11.16,14.2
4ac2295f0b4142998bb2aa5e5b6afa9e,0,141,1,1,2.16,4,185.4,87,68.6,8.93,8.0
419db7e0c46445a1a073e90e6701fd6a,0,112,1,1,2.62,0,183.2,95,79.2,12.64,9.7
31889b402a4b4811bc86a0a4f2e23ea7,1,117,0,0,0.0,1,54.2,100,35.0,15.16,8.6
18679223c6614c68b52e6dbcb4b2a5ed,0,1,1,1,2.19,1,208.0,115,73.9,9.25,8.1
1dbe6cc53bb0439e99c1630bd0dc8495,0,70,1,0,0.0,1,230.3,110,46.0,3.9,13.2
242e59bd014649f7ac57448e3eb0d54f,0,87,1,1,1.92,2,240.8,102,67.2,3.8,7.1
6d627f7026494747b4c93b6c36753ebb,0,52,1,1,1.43,2,195.7,119,57.3,5.31,5.3
17d159a48d9948c7a787e37a2d510b56,1,97,1,0,0.4,0,276.1,82,69.0,10.06,8.9
2e37ead74eec423ab2f827a3b010c0e8,0,105,1,0,0.0,2,166.1,93,44.0,8.8,16.2
26c2c5367abd4e018ebd1480de458aa4,1,77,1,1,3.11,4,135.9,117,75.1,12.23,11.5
d903f49426a043f8826145a0ca3d9d3b,1,80,0,0,0.0,2,189.1,122,52.0,11.16,13.9
53f2c190e1774717957fb8ca0e21891a,0,120,1,1,3.11,1,177.9,117,77.1,8.76,11.5
51674ec7cf6148f4bf815722ae8eec60,0,54,1,1,3.38,2,143.9,73,76.8,10.52,12.5
1fa64f1b9b354acf9e4a0601a8db7ab7,0,148,0,0,0.0,2,148.2,138,39.0,7.98,8.6
e064fb62fdfd4a9283fb066586bbc17c,1,119,1,0,0.0,2,287.1,115,63.0,7.97,13.9
a87f32306f81414f8b22537f6831caf4,1,162,1,1,2.51,1,179.7,144,75.1,10.91,9.3
20e0f67fc1d04dbab4864a7388104dfb,1,85,1,0,0.0,5,165.8,96,45.0,9.5,10.9
d7b8960c70a74f9b8937a1cb4f22f33e,0,101,1,1,3.92,1,144.1,144,78.2,8.38,14.5
3c7fb85e4bf94a62950260ae89fc426b,0,172,1,0,0.0,0,172.5,85,51.0,12.66,5.9
20cff733dc6e40838ac246b683f71129,0,80,1,0,0.0,1,199.8,138,49.0,8.36,5.5
8c415b068bb6425391fdd252b3af8dc0,0,67,1,0,0.0,2,109.1,134,31.0,7.12,10.9
7ef11e8d21604051b293bca1275b8b08,0,86,1,0,0.0,1,171.8,106,55.0,15.09,9.7
ac29cd2fbf074fca9a5dc8c142e716b5,1,107,1,0,0.0,1,222.3,101,63.0,14.3,12.1
ba5ae7065cb44c0aa45776e6683c6cc0,0,133,1,0,0.0,0,245.8,102,65.0,13.24,11.2
daff5de287d743cc80da374864dc00e3,0,116,1,0,0.0,0,164.6,110,51.0,13.53,8.0
2c4d1318fb0b4215b2fa82389dac3790,0,63,1,0,0.36,0,211.7,107,63.6,13.59,7.4
b99c9b3d6e9346af9a76a6636f31d1b9,1,119,0,1,2.08,0,147.2,103,59.8,8.01,7.7
7127b33cdff24e62b9d1e6cf3d1b2748,1,133,0,0,0.0,0,254.7,103,65.0,12.61,8.0
e78cab7806024fecb7af9669cea02c79,0,94,0,0,0.0,1,170.1,113,53.0,13.59,8.7
0e19c4bcb6f1475dac2f424b899e2ebc,0,69,1,0,0.41,0,195.1,91,60.1,13.08,11.4
52324b40dab540ffb41d08cdc94d4ee0,1,146,1,0,0.0,7,149.3,83,42.0,9.36,7.9
c61f655f947543df85ecb19c9054b199,1,119,1,0,0.0,2,81.9,75,36.0,12.69,8.9
2d4916ac0e094680bcbcc586deacf9ab,0,142,0,1,2.65,0,191.1,109,72.5,7.48,9.8
3b00379dbb1b4f03bb0616c6dbb078f8,0,123,1,0,0.0,3,206.9,115,55.0,11.22,8.3
d94ca3c892a84944af33fa95869a93ea,1,101,1,0,0.0,1,239.0,156,64.0,13.65,13.5
7a9782967d3142eba197ba30652154a1,0,43,1,0,0.35,0,179.3,97,55.5,12.64,8.0
9b7e59ab51634f3998707848a0f51065,0,69,1,0,0.0,0,185.3,91,51.0,10.96,5.5
3e3ba438a6ca40c4b0346191de1e2b49,0,15,0,0,0.0,2,141.4,80,35.0,6.2,8.1
e58970ec1e844f49b3510ec268b8b079,0,107,1,1,3.24,1,248.6,91,85.4,5.97,12.0
550b84cdaccd4eaf88c3f035969e18ff,0,67,1,0,0.0,2,152.5,131,48.0,12.62,4.9
430e0919a72f44c6b4a5a2b3ab1a9d1c,0,99,1,0,0.28,1,145.6,102,47.8,11.55,11.4
b71743de428e453aab2576b14c155fcc,0,46,1,0,0.0,1,164.2,116,45.0,9.81,8.1
0a7e397c610d4d2385000e1fa1e85dcf,0,55,0,0,0.0,1,221.0,115,52.0,8.27,9.7
fc9058ce090e477ab426f33197335848,1,39,1,0,0.0,1,295.4,126,70.0,11.61,11.5
1074bd97f71d445da539ff0fbe5e5e6f,0,92,1,0,0.0,2,139.8,98,39.0,8.75,9.4
cfeb730a37254eec824c9ac0dddc44a6,1,56,1,0,0.16,4,162.3,99,42.6,7.46,14.8
722868d8f5fb4346872693e4fc789293,1,76,1,0,0.0,0,272.7,97,67.0,11.82,7.7
f4305f3dd60c42b8940874d4ed72a6e8,0,132,0,1,3.48,2,200.3,75,88.8,11.33,12.9
17bcde32ae7b467788a851e4216965ec,0,140,1,1,3.0,1,157.1,77,72.0,8.62,11.1
8281d0f6d49844e1adad6d8ce6f85696,0,51,0,1,3.32,2,135.8,60,74.2,10.03,12.3
a0741c25b259496a88e3610b66c187ea,0,27,1,0,0.16,1,236.7,110,61.6,11.6,12.7
7d9bb7c0b15b4f84bb026648c34e5315,0,224,1,0,0.21,3,111.4,133,36.1,8.75,5.5
c05867fefad04be686cf2cec203e09ab,1,105,0,1,3.97,0,156.1,89,75.7,5.36,14.7
b3e07a6f5ea942c8a454bdff35f10524,0,117,1,0,0.0,2,191.1,93,57.0,14.14,12.0
ed6a616c27964d4faa7c732f6ee5e02c,1,91,1,0,0.0,1,153.0,123,38.0,7.06,10.3
6a80cbb6c92c4cec8e59cb510b43bb4e,0,135,1,0,0.0,4,218.8,123,58.0,12.14,10.3
f0adb114f74c400984656e714eed78f9,0,146,1,0,0.0,3,205.4,101,47.0,6.75,10.3
fa01eca2268c4c478c809df764101f13,1,147,0,0,0.0,0,225.2,111,54.0,9.25,9.9
ea6472ffd1854ae2ba0e09a62023fe68,1,68,1,0,0.0,2,249.9,127,65.0,12.73,8.9
208d7f398b854011a120fad7dda98e43,0,68,1,0,0.41,3,131.6,89,39.1,6.85,10.2
308056255ca84162b7602c842a439b19,0,86,1,1,2.73,0,197.9,99,75.3,8.28,10.1
7eda731efa7c4da7943e180b82e9ce12,0,131,1,0,0.0,1,166.5,129,47.0,10.51,9.9
0246d7887ec6407ea579bd03b59736c0,0,86,1,1,3.48,1,225.4,79,89.8,9.36,12.9
87ab3277faee455498fa929f28244af7,1,159,1,0,0.0,2,275.8,103,63.0,9.48,7.4
90a99f16804144518eec3dcd0c4ae5c4,0,134,1,1,2.92,1,142.9,105,61.2,4.43,10.8
74d3aa4bd1a945d19908399c1bf7ad91,0,113,1,0,0.0,1,207.2,113,57.0,12.8,9.9
e4c3f9e5736a4555b5abae716f0a2232,0,132,1,0,0.0,1,206.2,100,53.0,10.56,10.2
c6bb0053eb064b7cab5bd0825638ed89,0,85,1,0,0.0,1,210.3,66,53.0,9.79,11.2
47eee54c49ea4261afd5835d9e9fe665,1,93,0,1,3.78,1,225.7,117,86.8,5.98,14.0
fa4ca4bace10402482abe10ecc9280be,1,174,1,1,3.92,4,167.8,91,85.2,10.27,14.5
dd595ad4e003499e99ea54e42942e465,0,61,1,0,0.0,2,197.7,118,47.0,7.61,7.0
4a0d58b2c33e45a8a2c42ecae0bcdc2d,0,91,1,1,2.94,1,169.8,105,64.4,3.26,10.9
f5ce386a04ae433fbc48eb27fe7eb977,0,88,1,1,2.65,2,190.6,104,79.5,11.87,9.8
d002ffd0ecbc493c8b51060fcce70f22,0,88,1,1,3.46,2,80.3,140,61.6,7.67,12.8
a7284a125a77435a83b61e5659f39235,0,195,1,1,3.27,0,231.7,110,91.7,11.26,12.1
3ba4aa1edcbd4e4f88dcd7355b661332,0,182,1,0,0.0,0,69.1,114,32.0,11.52,6.5
3afd68d1139d497d93cffc7015d9f96f,0,118,1,0,0.0,4,188.8,60,51.0,10.87,8.2
9203f25cfd2742f5a7c777bf1ae37da1,1,103,1,0,0.0,8,150.6,125,40.0,8.46,10.4
7cf190548bb44da89537d4c5624242a5,0,65,1,0,0.28,2,192.0,89,47.8,6.98,5.5
9ab6764c2605470ea7c4f1e3fbc9168e,0,61,1,1,2.67,3,163.7,78,64.7,5.66,9.9
af21b982cc314f0caf3232c9cdd43e8a,0,172,1,0,0.0,1,211.7,100,53.0,9.94,6.5
9d376fa81c3e435c86255e875d76512f,0,72,1,0,0.0,1,175.5,103,42.0,6.62,11.8
4c8cdc4228084566a9eb55f9d6d08555,0,113,1,0,0.0,2,150.1,120,43.0,10.01,11.0
1bc5d80942164ab99ece7cd0d748c06a,0,177,1,0,0.0,1,189.5,99,48.0,8.82,14.2
aadb678407f54074b6eb572a1603bb28,1,100,1,0,0.0,6,70.8,94,31.0,10.78,9.5
cd655eccd2d2409caf1fefb664eaf812,0,67,1,0,0.35,1,215.5,102,56.5,9.54,8.6
a5bb70b8e961485b8cfc361778c03954,0,136,1,0,0.0,3,101.7,105,35.0,10.14,9.4
7ba9dd820ab84fefbde4a945d4a517e5,0,71,1,0,0.23,4,258.4,132,57.3,6.34,9.7
2e036eb31ee14333b2da09c7f6069fe8,0,134,1,0,0.0,1,242.4,126,55.0,7.65,11.8
389df588b7a34f83adc80b6d039d4074,0,124,1,0,0.0,1,131.8,82,47.0,14.22,11.3
50f6031708314de48528184a537c6b4d,0,84,1,0,0.26,2,190.2,102,52.6,9.89,9.8
5350a7e7dd254581bf42adb1918acea0,0,39,1,0,0.0,2,154.1,104,44.0,10.21,9.8
9e6ac8283e2c4e25aa6adaaaa6e3267d,0,110,1,0,0.0,3,188.0,127,40.0,4.53,15.3
f91fe87876f144e7bc6722b1fc51533c,0,102,1,0,0.0,1,103.1,70,41.0,13.75,11.2
2c350384568f45e3b4dbc3a507afd269,0,70,1,0,0.0,0,175.4,130,44.0,7.98,11.6
439dbc5f8cd1476cb1d15fbd21be4862,0,142,1,0,0.0,1,145.4,93,43.0,10.46,10.9
2ea2a45c68494e41943c9cc4091c5c22,0,81,0,0,0.0,1,250.6,85,59.0,9.4,7.8
3454bf46e2264d8cae32f004df8e635f,0,17,1,0,0.0,1,161.5,123,46.0,10.71,8.6
a2fe0397493544fba317dacdaaf24898,1,119,1,0,0.0,1,260.1,101,67.0,12.83,10.0
87463b94828a4aeba1c935f46c89bf02,1,105,1,0,0.0,0,281.3,124,74.0,15.08,8.7
9d655192041f460cbbebbfb74ae65a5d,1,108,0,1,3.67,3,130.1,90,73.7,8.35,13.6
bb34d33e7bd94f139cc14222b54c6e4c,0,90,1,0,0.0,2,102.0,118,27.0,5.67,11.4
6514f24113ef4d95b75a748338b475a5,0,100,1,1,3.27,1,218.7,104,83.7,7.75,12.1
2e504a8a107c4065ba51b6679cc36b4f,0,155,1,1,1.84,1,128.5,86,56.4,9.42,6.8
e48521f20f8948129acb404d140a0778,1,113,1,0,0.0,2,128.7,100,42.0,11.36,9.2
8d0a257485cf4a81bf3a1e1ff50c5b87,0,123,1,0,0.36,1,172.2,92,47.6,8.13,8.7
2f4fc6c92c8141d3a8412d986f2456b7,0,145,1,0,0.0,1,199.2,124,45.0,6.3,7.6
3f41c1c665f44da0a15bffe9acae8d1b,0,42,1,0,0.0,2,184.5,98,49.0,10.03,8.8
e007220529464899ba556d06a22adee4,0,125,1,0,0.0,0,168.6,99,44.0,8.78,10.9
6cd622f98ce04892a7d337182d1fdd4b,0,131,1,1,1.81,1,174.0,118,66.1,10.27,6.7
031930acc4d04242b5a445c5d7566c8e,0,107,1,0,0.0,1,230.4,65,62.0,12.87,8.5
ad28e17d634d4163a5da0683c0965823,0,48,1,0,0.0,1,198.2,73,51.0,10.14,5.1
aeb80923aec4462691583404133e72fa,0,76,1,0,0.0,0,186.1,96,50.0,10.58,8.0
e9ce468cc95f46059987f86caf5a924a,0,128,1,0,0.0,1,148.5,105,46.0,12.15,6.8
518ead30aac142249d85491f771aa17c,0,73,1,0,0.0,0,157.1,109,50.0,13.44,10.0
0bb54231d81e4fc49832c2598f0d0bc1,1,52,1,0,0.0,4,155.0,110,38.0,6.67,7.0
52b0d18bbeb741c5998dfbdadb0ad9a2,0,126,0,1,2.59,1,129.3,123,62.9,8.83,9.6
4ec1f5184a3f4dabb1004aa1be1f02f6,0,124,1,0,0.0,1,188.5,77,48.0,9.1,6.1
618c65dbe7554b2fbf5cdc63af2def89,0,137,1,0,0.0,0,208.8,120,55.0,11.27,11.1
0f3de2ed52dc400bb68edb13a306bae7,1,71,1,0,0.0,0,238.0,82,65.0,13.93,11.8
0bf998727a6c4642bf68455918bc3704,0,139,1,0,0.0,0,211.1,103,54.0,10.35,5.6
7cc256c49dd0448da6af3a6abd17fc72,0,107,1,1,3.4,3,198.9,87,86.0,10.35,12.6
5ffce32a9a6b4a22b19075c4689f31e6,0,147,1,0,0.33,1,212.8,79,57.3,10.21,10.2
8916aad45a8142098edca9a1182203b5,0,116,1,0,0.0,3,137.4,126,34.0,6.0,12.4
c85efee6933641c08905871bbfa5b7da,0,60,1,1,3.46,2,191.8,75,90.6,13.39,12.8
2c5106d6a33644299dac4e7a72e2a3b7,0,38,1,0,0.0,0,149.0,92,30.0,2.46,13.9
a89cd68e649041a4884dbccc1217a26a,0,63,1,0,0.0,3,117.1,118,42.0,12.48,11.1
896196391fa0423cbc75d3e1dd96578b,0,94,1,0,0.0,3,108.0,79,39.0,12.1,10.4
987a58a6d0434ca2abfdd436e751a844,0,131,1,0,0.0,0,112.8,133,37.0,9.97,10.1
a02a37919b9b41f7ae6789cfa2781ae8,0,158,1,0,0.33,1,175.9,105,49.3,9.42,11.0
20c632b5116d439f8897112dd674a9a6,1,139,1,0,0.0,1,236.6,109,55.0,8.5,11.1
1e00260b856b4bed849f234e1b0fc299,0,77,1,0,0.0,1,169.4,102,45.0,9.25,2.0
5a43857cabc54a9aad8bf30aea441599,0,140,1,0,0.28,3,129.6,79,45.8,12.31,9.4
8787e904868b499b912d21c2b97b1085,0,72,1,0,0.0,1,177.1,97,46.0,9.24,8.0
484e23157b5e4d1aabdc10ac37e72d9c,0,52,1,1,3.65,1,133.3,63,75.5,9.21,13.5
449ee26f60bb4d9aa383cde583480c57,0,103,1,0,0.24,5,167.8,121,49.4,10.65,13.0
91532fa7a7a14275a9e080fed48effc6,0,74,1,1,2.43,1,174.6,107,81.3,15.53,9.0
4468cddeebc644cc947c958f5d7ee994,0,124,1,0,0.0,2,150.3,101,48.0,12.8,12.5
f57bd023f18c4ecab73cbf5ae555c944,0,85,1,1,1.7,5,283.2,110,86.0,11.99,6.3
62de8f3736ca4162be7cb6ee4a236293,1,113,1,1,2.35,5,157.8,83,64.5,8.08,8.7
8fa1e2bde101441881ed4c06aa2dffc0,0,71,1,0,0.0,2,141.2,132,37.0,7.46,7.0
19fa945e0c45427e906ffff6310e7f09,0,177,1,1,2.81,1,230.2,106,84.1,9.81,10.4
c88ac6a6f2b1455d99038bd89ade9c1b,1,49,0,0,0.26,2,237.8,92,61.6,10.45,15.6
f6d0c3226a57451e9e2cf096983fc821,1,106,0,0,0.0,3,204.0,84,49.0,8.43,13.3
ec35af02299f437a9a6eba9cd9ca72bb,0,60,1,0,0.0,1,221.1,106,53.0,8.93,7.4
c129f4ba0a684016a70db2a625de3a52,0,43,1,0,0.0,4,177.2,93,43.0,7.13,12.7
5a4799c0e271440dad184c4ae9842066,0,66,1,0,0.0,1,118.0,133,42.0,12.41,5.3
6c15dfd2bdd247e19d8bc88739c37cc5,0,125,1,0,0.0,0,163.8,73,50.0,12.78,15.7
c47157c505124d5da179887b5d0b9406,0,114,1,1,2.54,3,141.3,96,69.4,11.52,9.4
2dbeed13c16d4427907d5fa3fac17cf4,1,112,1,0,0.0,3,272.5,119,66.0,11.31,16.4
7bdc6e5925ca4db78f1a3976a8d47406,0,101,1,1,2.21,2,118.9,112,62.1,11.42,8.2
bd10f03593f24050b1f776f4665baeaa,0,70,1,0,0.27,0,7.9,100,15.7,6.82,12.1
97e1817c8b93422da6ee5a5e8a1f011e,0,59,1,0,0.19,0,159.5,96,43.9,8.36,10.2
2b790b21e4274bd1a315475737ff06cf,0,59,1,0,0.42,1,150.2,70,46.2,9.29,12.1
9c0c4f119b254c3fad80c9ebb9aab8b3,0,124,1,1,3.24,2,144.5,35,79.4,13.12,12.0
fb895f77e91c4b39b79fb9038595d488,0,99,1,0,0.0,2,140.7,88,42.0,10.55,12.4
d3e7fb17b3bd43ecb3f437a4d1025f03,0,150,1,0,0.0,1,169.2,123,48.0,10.84,12.6
0e205c3e9589471d88f56b886d05b905,0,81,1,0,0.28,2,220.8,77,53.8,7.43,7.6
8e0d4b05b5ed47b9bb89b7cf4fa81ec8,0,86,1,0,0.35,0,216.3,96,63.5,13.32,4.5
c37e6e04268f401db2f9c45ddb7ccfda,0,84,1,0,0.0,0,169.5,96,43.0,7.88,10.6
3f7edb5a95c5424789a745dc8e53a795,0,118,1,1,3.16,1,256.3,119,97.6,12.91,11.7
1466bd1369e947ce9841d223d7ea26fe,0,89,1,0,0.0,1,179.7,128,57.0,14.99,7.6
e3d6d309d38c4c07812899f92886210f,0,93,1,0,0.0,3,266.0,120,57.0,6.51,13.1
40c014d346114ef28fa3a20f86f0efb8,0,85,1,0,0.0,2,96.7,97,33.0,9.69,9.7
0de24964814f475fa490fc17db53e306,0,160,1,0,0.0,0,82.7,116,31.0,9.73,10.9
ca56b7bec88e423da8672c773b70674f,0,28,1,0,0.0,3,168.2,87,43.0,8.09,10.1
3520cd6539c24aef9c0edd9f0a41577d,1,73,1,0,0.0,1,286.4,109,64.0,8.91,10.7
445d98bfd6d743578bcc37ab756e4f98,0,156,1,0,0.0,3,174.3,95,46.0,9.33,12.9
87eaa40881604d2f997c061e2feec707,0,33,0,0,0.0,1,190.6,100,47.0,8.09,13.0
7668ecfaffd54319b184b44ab1d18ad3,0,77,1,0,0.21,4,175.5,86,50.1,10.26,17.8
c2e746a3fc5f480ba53c1caafff0c9c1,0,119,1,0,0.0,1,133.4,102,41.0,10.23,11.1
b841459f5a354487a9fa1735bef0f87a,0,91,1,1,1.78,3,204.6,96,64.8,6.8,6.6
60e0884df4eb402c806e62d04934fb0c,0,102,1,0,0.0,3,242.2,88,61.0,11.66,6.2
1f637a1cd91f4c879d5bd7f7fa6ee6ea,0,86,1,1,3.21,3,253.1,112,93.1,10.51,11.9
9299ba2e7db84ba587845e05c4a8f136,0,82,1,0,0.0,0,130.0,110,38.0,9.27,8.3
7ebbf53a26394a0a9288c6e07fa7cfde,0,89,1,0,0.0,0,105.9,151,35.0,9.48,12.7
2d28f56892664b7a9ab36deff3e1a909,0,86,1,0,0.0,3,194.2,98,50.0,9.69,9.3
25fa30bcd9ba45cda23ff0ea1e151aa5,0,134,1,0,0.0,1,183.8,111,42.0,6.18,6.1
e11ff146e633441083c61e2d9b1d423d,0,92,1,0,0.25,2,196.5,82,52.5,9.5,10.8
15e484355a774209ba04380f5b400305,0,87,1,0,0.0,3,184.5,81,46.0,8.6,13.7
0984c78a0a2b46c5a2d44d8322874579,0,64,1,0,0.0,0,261.9,113,58.0,7.41,13.8
606f8d174a814541913b95f5a5408bd4,0,80,1,0,0.23,3,202.4,118,59.3,13.01,9.2
cc2c3a6267a644e0bf66d9bdb6394f2c,0,165,1,1,2.57,3,167.4,113,69.7,8.64,9.5
947ff838f67b4145ac1f8bdb4d044756,0,153,1,1,2.03,1,167.7,104,70.3,12.34,7.5
0cce0179f5d1446280936f79d2483766,0,41,1,1,3.0,1,191.7,109,79.0,9.65,11.1
29991b64531f49a5945bf0ae1239c2cf,0,108,1,0,0.0,2,240.2,78,61.0,11.52,5.2
c515fe620a494c3ca4991630b7f450e0,0,104,1,1,3.0,1,189.1,112,78.0,8.91,11.1
1f970143f29f40429c626fc1b1a23ed5,0,115,1,0,0.0,1,127.7,67,38.0,9.15,10.6
86f9e7bc7ec04227bbed94769a567f27,0,87,1,0,0.0,1,205.2,106,44.0,4.98,13.4
a819a97ca79946768eb4c6490f9426f4,0,159,1,1,3.4,2,153.6,93,79.0,10.85,12.6
9de4472e057a412fb4fd85eebcac0e6d,0,119,1,0,0.23,2,154.5,129,45.3,9.68,13.4
dfbdafec0a7f488aa02b49cbdaf14711,0,69,1,0,0.0,1,153.7,109,43.0,9.7,14.1
2493424353e447fdbdb456121a01f1c0,0,87,0,1,2.92,1,171.2,138,74.2,9.29,10.8
436a9a752b7344fca54b524a64d0681c,1,93,1,0,0.29,1,328.1,106,71.9,7.59,8.7
84503052378a4e298061303826eca7b1,1,154,0,0,0.36,0,145.9,69,46.6,10.41,14.4
44885adec9d84c47b8abca8decdfc651,0,57,1,1,3.19,1,201.2,76,90.9,14.01,11.8
02ff6855d99740128de1a80c59c99f5a,0,130,1,0,0.0,5,139.1,72,45.0,12.3,11.4
33d3ac374361454a8e33cacc16ccd51f,0,151,1,0,0.0,2,118.9,128,44.0,13.92,13.2
b8c73c4dcd494b69ab2bdf991ad18869,1,162,1,0,0.33,2,217.6,87,64.3,13.95,10.4
bdbe81491daf48b4be0c4644acb573a0,0,60,1,0,0.0,1,145.0,133,43.0,10.46,14.6
b1481eafced74e35abc7b53cbbdaf1e6,0,81,1,0,0.0,3,203.5,89,60.0,14.48,8.7
81483dafe09b44d880658134b7252ffe,0,132,1,0,0.0,3,240.1,115,57.0,9.02,8.0
e94dab08ca1f4921ae067d0daecfb5cd,0,86,1,0,0.0,1,83.8,121,35.0,12.01,6.7
cfd5e98e46224e00b2074779694e0c4f,1,136,1,0,0.45,1,269.8,106,70.5,11.44,10.1
33ccff6a76034122b11ea841bcfe05b9,0,121,1,1,2.86,1,126.3,84,68.6,10.48,10.6
ce1dd4623a65451692996553401add0b,0,105,1,1,2.62,2,88.1,125,56.2,8.8,9.7
b68ef1c290cd47e786aa2b1773b9ff94,0,105,1,1,2.67,2,218.5,61,80.7,9.84,9.9
9c7c35df277d48cd82468915bb0649f4,0,51,1,1,3.02,1,236.8,61,93.2,13.17,11.2
92602e2a1a0b41f19119e8f0b64498c4,0,64,1,0,0.26,3,124.1,117,40.6,9.64,6.4
87b0b8870c274fb4bfefce617323635c,0,80,0,1,2.7,0,184.2,132,73.0,8.38,10.0
f0c6594c4f4342408385452073bcca68,0,56,1,0,0.0,4,222.7,133,62.0,13.85,13.6
9abf9e639c9b4d1dbe4f8b94586dae32,0,120,1,0,0.0,1,149.2,98,42.0,9.68,11.1
75ce573dd5a04e01be2088ef9d7a217f,0,103,1,0,0.0,3,206.5,125,51.0,9.01,12.2
0c2e5704b14e4ff19b2121d45bc7e9f2,0,164,1,1,2.59,3,159.7,102,67.9,8.44,9.6
7a3081db52f74c23921b013ac491e423,0,116,1,1,1.89,2,204.7,118,71.9,10.47,7.0
341d44223f2f4cca909a73ae554abc53,0,121,1,0,0.32,1,213.2,79,50.2,6.04,7.5
96571ce4db684ce7b31e645a44986550,0,55,0,0,0.0,1,269.6,121,61.0,8.59,8.2
90102c8b13694d5792f8b689de9b4156,0,183,1,0,0.0,2,116.7,92,39.0,10.69,9.7
c3018cd6110e40188cbebe65abd3240e,0,104,1,0,0.0,0,263.4,101,65.0,11.78,13.0
9fef789d405e4487b6ac8b9559b8a9c9,0,90,1,0,0.0,1,140.2,97,43.0,10.7,7.1
86009ed10256463d8e9dba08216a9b58,0,82,1,0,0.0,1,197.7,101,45.0,6.38,13.5
765637bdb38144be91772e624d0bea84,0,101,1,0,0.31,3,136.2,92,45.1,11.05,13.3
76019cfe6c6d4501b45fe9314208505b,0,9,1,1,3.11,2,88.5,87,62.1,8.94,11.5
d83dae373607473f9d4926d4e968bfa1,0,97,1,0,0.0,0,215.3,58,58.0,12.12,12.1
d45c679bbf2c4f18862ba8aa951304ce,1,94,1,0,0.28,3,269.2,104,65.8,9.69,8.9
469a67ba147a4437a74667836e164c8e,0,127,1,1,1.97,0,203.8,118,77.7,13.36,7.3
db8b238171874e2d9e6c8c1c650cc744,0,125,1,1,2.78,0,268.4,112,92.8,11.11,10.3
f3e999b948ca4b058663afa5e0b118df,0,140,1,0,0.0,1,159.1,104,50.0,13.49,10.3
9645fb7525034caebaea65d3b0705ff7,0,90,1,0,0.28,2,114.4,122,33.8,6.39,10.1
75365f9cab46405597028ea8726bcaed,0,67,1,0,0.0,2,138.9,65,42.0,10.45,9.2
2c9511b5fde148389ec814c5f413210f,0,113,1,0,0.0,1,186.0,55,52.0,11.87,12.2
e01923a6916a4f7cb9fa2813d331280a,0,121,1,1,4.08,0,170.4,91,91.8,12.73,15.1
541a74e9e12e405ca49e57a639e109ac,0,93,1,0,0.0,4,164.5,95,48.0,11.55,9.9
73da47b9f6a6412a9774d9a0b97f1e62,0,121,1,0,0.0,1,168.6,121,43.0,8.43,12.3
8bfe3128fd164ad680d21fec79d6c13c,1,53,1,0,0.31,0,261.2,119,69.1,12.54,9.8
0f6b96cb62934c31866845222c411641,0,75,1,0,0.0,1,190.5,91,48.0,8.92,13.1
dc512c104dfa40d1b9640e207cfe058c,0,132,1,0,0.0,2,181.1,121,58.0,15.72,4.2
fd7edf842d0a45eca4127a419314609a,0,162,1,0,0.0,3,177.1,131,40.0,5.74,6.5
9550bcd29ec44f1292d4cc9c768fd1c8,0,140,1,0,0.0,1,160.5,114,48.0,12.03,11.3
fc0e45275ebd45c3a55a065caef73b5d,0,91,1,0,0.0,2,134.7,116,48.0,14.77,6.6
42e87572846b4445970cf7e029e9dbbb,0,73,1,1,2.38,2,198.2,107,69.8,6.96,8.8
e299169d95364253b26074e2dc7bfabe,1,95,0,0,0.0,4,228.9,134,61.0,12.79,10.1
864484f9109f48d3969860daa4204978,0,145,1,0,0.0,0,241.7,137,53.0,6.79,13.1
a1c9b3ae7cfb4387aa95219b162912e4,0,100,1,0,0.0,1,131.1,108,38.0,8.81,4.3
664a7e64d3c24e16bb5c7da74eb1e34c,0,122,1,0,0.0,2,234.1,101,57.0,10.01,13.1
24aeb6d192ac41ae9f29281030dfe9e1,0,109,1,0,0.0,0,200.1,72,60.0,15.05,11.9
d5e73186888e414188813385f30af485,0,82,1,0,0.0,1,154.0,107,35.0,4.72,10.1
09ec0b72afc54681ab592376d14e84fb,0,65,1,1,2.65,0,224.2,106,81.5,9.48,9.8
d52ba27b509d41acbec62a6b00be31c5,0,52,1,0,0.0,3,148.3,83,41.0,9.08,8.3
e9ec9f5e1aef46d5bf914db35bf18982,0,136,1,1,2.38,2,174.6,76,68.8,8.83,8.8
af35e977a9aa4816ab226b0653efb60f,0,75,1,0,0.0,1,138.5,110,37.0,7.66,11.1
20a2020dc7ef4d88a70ac6bf07c53ca4,0,146,1,0,0.0,1,109.0,69,42.0,13.29,12.6
04df4f06f12648f293ffa03e691d126f,0,105,1,0,0.0,4,162.3,99,46.0,10.63,11.1
85bfb2eb6cfb4d198b1d6c04e0d8f9c5,0,48,1,0,0.0,2,210.8,84,52.0,9.48,16.4
9c775e69e2a84d0cb0582fe60a0f248b,0,45,1,0,0.0,1,142.4,107,52.0,15.94,11.1
d0ba6cf31805481cbabe7c80d66eed9b,0,106,1,1,2.86,2,223.5,104,86.6,11.76,10.6
04183928bd774158a591da8e35ddb41e,0,33,1,0,0.0,2,182.5,65,51.0,11.61,7.5
c76a8a79c79747608689119be474840a,0,68,1,0,0.0,2,219.6,97,50.0,7.06,10.8
ef7029c874a544ba9c4ff70e3731210f,0,106,1,0,0.0,0,193.6,66,54.0,11.91,12.9
8d5a8bbe072741a3ae976320532798cb,0,141,1,0,0.0,0,192.4,111,47.0,7.85,11.0
3e705ec0c03647a7939e8b0cdde6052d,0,98,1,0,0.33,0,236.2,122,60.3,9.47,13.3
532eb217643f47988f2fa2afb928c560,0,94,1,1,4.35,0,233.2,88,93.5,5.67,16.1
2e1dcb7a7e134a459c21f9364f469b2f,0,65,1,0,0.0,2,158.8,53,44.0,9.43,9.8
64bd400e8d3a4fd6b51e38acde7aafd0,0,85,1,0,0.0,1,126.1,112,45.0,13.74,9.8
8caa11672ad94e2b876f059818f84a53,1,71,1,0,0.0,3,290.4,108,71.0,12.7,10.1
fa279189e87c4ca79e4e196cbf0dd7d2,0,112,1,1,3.59,0,60.6,113,60.9,8.3,13.3
bae863bcd8a64f54924b5e2567005966,0,110,1,0,0.0,0,148.4,95,42.0,9.69,6.9
5703d545dab74bf7a3025fdd12d95412,0,111,1,0,0.0,2,246.5,108,61.0,10.82,12.7
edb17502425b4296af3a4c0fea20adb1,1,74,1,0,0.32,2,298.1,112,71.2,10.07,9.7
3662a65b1d2c46efab574e830e24630b,0,105,1,0,0.0,2,119.3,82,37.0,9.26,10.9
e6075a99a6f548c8af5dafee7424bf8c,0,40,1,0,0.28,0,242.5,82,64.8,11.65,9.6
c17915a00bc14be0b52b6d3c65f4227d,1,128,0,1,3.67,0,222.1,89,88.7,8.03,13.6
f9e7fa8dc09146df8edfb2f0e2d05971,1,123,1,0,0.0,2,236.2,135,64.0,13.7,10.1
204d9efe9d72483b861f1b06158e3caa,0,122,1,0,0.0,0,144.2,87,43.0,10.61,9.5
a6670d747e8144e59ab454da18926358,0,114,1,1,3.4,3,154.6,100,81.0,12.08,12.6
85270059cc154ea98a3935c12cc1db89,0,102,1,1,2.75,2,137.4,100,66.5,8.84,10.2
bacfbdf1c12442bdb9854e225e48c8a3,0,126,1,0,0.0,0,103.7,93,29.0,6.35,14.4
a9fb2f380e594d409e7b185053b68c22,1,150,1,0,0.0,4,136.6,112,42.0,10.47,12.2
14ae8035db2349708b8cd453341b65fc,1,60,1,0,0.0,2,289.8,101,71.0,12.78,11.7
12dff3efa27f423a97a6c5e275005ea2,0,123,1,0,0.0,3,260.9,85,59.0,8.43,13.3
f02646dcd01b4fc089e9f4653460ce91,1,138,0,0,0.0,0,196.2,129,49.0,8.83,15.2
4011a553c5e747b3b40e7f617984a48d,0,29,1,0,0.0,1,195.6,71,44.0,6.32,14.2
052c164f404e499d886d2b30ffcee701,0,111,1,0,0.0,4,222.2,96,52.0,8.13,11.9
e5aa5815d25642a3a8ab9a5b38e2f51f,1,37,0,0,0.0,0,172.9,119,45.0,9.15,9.8
f140c743bffe401ca4496f623a0bade0,1,111,1,0,0.0,0,249.8,109,64.0,12.12,11.6
e8dac8d3b34e49bbac612097d046f9ce,0,81,1,0,0.0,1,154.5,84,45.0,10.81,13.7
2796c4b34a48476fb8ddbafc1ff95a7d,0,46,1,0,0.0,1,90.4,108,39.0,13.81,12.7
815757ec31c340568a7bdeb20c50aaf2,0,69,1,1,4.43,0,268.8,78,111.3,12.33,16.4
b0d04ca3e9cc4e5c8a0bbd2ec7699935,0,125,1,0,0.0,1,106.1,95,32.0,7.88,8.1
746f96fe830646e6accfc7124e79e710,0,43,1,0,0.38,3,27.0,117,22.8,8.05,10.7
16c33d5e98e5444d9f00ef73516bf08b,0,127,1,1,1.03,1,140.1,59,53.3,11.17,3.8
88f4420e5d624f6bb2646aa5e4e616d3,0,94,1,0,0.0,1,245.0,112,57.0,9.02,9.7
e38daab6ee9144498e9fb562d11e140e,0,46,1,0,0.0,3,196.7,85,51.0,10.3,11.2
109bf416035f453f8e4ac97da7a12186,0,73,1,1,2.75,2,131.2,98,59.5,5.33,10.2
70deaa3a122441fd907cdb27e270671b,0,146,1,1,2.0,2,149.6,96,66.0,11.99,7.4
df10dec71bb24d8583628462dafecdfa,0,93,1,0,0.24,1,239.8,70,65.4,12.59,10.9
abc975b2f057430488f207bff20c6877,0,52,1,1,2.97,1,142.1,77,70.7,9.65,11.0
7b4140772f4144b2860cf852076cd575,0,202,1,0,0.0,3,115.4,137,35.0,8.94,6.0
a56a42bba3de493e964ae269c13cb50e,0,129,1,1,2.78,2,193.0,99,79.8,11.24,10.3
a4b7eebf36c14888a1f47e15474f1a53,0,94,1,0,0.0,1,206.1,49,55.0,11.23,13.0
4374a225c3244c75aa83c7b801e6c3dc,0,100,1,0,0.21,0,160.3,138,49.1,11.07,11.2
0887389b367444ff91aeceaf0de0d3de,0,43,1,0,0.0,1,199.9,108,59.0,14.42,11.3
0686a2cc3e544ee8b6ca5724a4d39ead,0,130,1,0,0.28,0,213.1,105,56.8,10.31,8.9
46d7e96b29884c03b8b434bcd5a459c1,0,124,1,0,0.0,3,178.3,102,51.0,11.75,10.9
fa2ddfbb6d3b402bb3c9886ef12d4f93,1,92,0,0,0.0,3,252.3,120,61.0,10.35,12.0
41c4c48a7a9240399ae783295ad2cb9e,0,48,1,0,0.0,4,197.7,64,46.0,6.84,13.2
db725f9621594b44ade9b8c70ebe2797,0,98,1,1,1.78,2,111.1,105,55.8,10.9,6.6
b6ac7d78583a4ef59cb5e38faad323ee,1,100,1,0,0.0,1,96.5,86,35.0,10.51,12.5
c621ae29c0074285a465e4791fac2a2b,0,79,1,0,0.31,3,156.9,109,41.1,6.11,11.3
b381abe1a53040159f87d992653f2df1,0,164,1,0,0.0,1,123.3,78,36.0,8.5,12.7
a02ed1224a304196b0125cf7bfe69f00,0,105,1,0,0.33,1,193.7,108,52.3,9.16,10.8
33fc0cbf8d214fe4b9eb1163495fa586,0,89,0,0,0.0,0,206.9,134,50.0,8.39,10.9
f3c91171f31f4237a9085310d6749a98,1,126,1,0,0.0,3,249.8,96,65.0,13.1,12.7
6cbdc380841f4558abff77c403e69d22,0,96,1,0,0.3,1,144.0,102,47.0,11.24,10.0
949ebff444f54783a16089a4a0c1aa6a,0,120,1,1,3.13,0,299.5,83,96.3,8.17,11.6
127e5df32a9a4fdb9fdcd2e03ca37e63,1,212,1,0,0.23,2,226.0,127,67.3,15.23,12.6
8e8265a9f009414a93a82921ae0d7bf1,0,72,1,0,0.0,2,137.6,106,36.0,7.18,9.6
0c6d6d2a6666462ab2ed5140b05f83aa,0,155,0,1,3.0,1,211.7,121,78.0,6.96,11.1
9e22a9654cf14f19b453ce1837687177,0,89,1,0,0.38,2,89.7,80,34.8,8.99,9.5
d1d0a258b51b4f568ed947a45bba18a2,0,126,0,0,0.0,2,197.6,126,55.0,12.33,12.5
5284e7ad3f344c9f8c705a9818384cac,1,172,1,0,0.0,2,270.0,102,68.0,12.83,12.0
13e42dfaf97942ef9a2465cb743fd634,0,75,1,0,0.0,3,224.7,116,55.0,9.6,11.3
6ae7ecc5f7ac4120a91358d7fb571c75,0,143,1,0,0.0,2,194.3,99,44.0,6.18,10.2
7229d4fe45bb497eafdf88f5a60744cf,1,166,0,0,0.0,0,47.7,89,31.0,13.22,13.2
c7b265ea494047cbb211a68d6be3c9d2,0,132,1,0,0.0,1,190.1,105,48.0,9.11,13.0
cababacd51fb4cadad39df5b3ad751c6,1,94,0,0,0.0,1,89.5,94,45.0,17.0,7.9
a30c4df39785482ab35ecd3aefe2b40b,0,99,1,0,0.0,0,182.6,83,45.0,7.73,12.1
bad3c103043b4b8a90dc553dfd23dd43,0,136,1,1,1.86,1,205.5,86,79.6,14.93,6.9
1f9b43d00363496cbdcf034fbaf4f44d,0,119,1,0,0.0,1,231.5,82,63.0,13.35,7.4
cc9be104a524478d9f6543f0dce380b5,1,115,0,0,0.0,3,251.3,69,65.0,12.63,9.9
b4befb6878944fe49e570849cb5b7ba1,0,160,1,0,0.0,2,171.2,103,50.0,12.18,13.0
c544ff10c32048d5b121ba1eacd85a9f,0,166,1,0,0.26,2,197.9,89,57.6,12.55,11.2
a0fda9cfc6a94e9f8d3e2dea9e6dd1a1,0,120,1,0,0.0,1,134.8,94,41.0,10.21,6.7
9d074aa57d354c36ba6d6f23fea676f5,0,173,1,0,0.0,1,191.4,114,47.0,8.43,10.3
6eafba667019499aacb69be110a3941d,0,156,1,0,0.0,0,174.5,65,47.0,9.87,10.6
37c39797eedf4aa0abdb4e5d2e233c3a,0,70,1,0,0.31,0,177.4,125,53.1,11.31,10.9
1a016598591848d9821760cd9999d586,0,41,1,0,0.31,1,182.1,89,52.1,10.58,6.8
d3bfd0c46eca474ebc437be2910475fc,0,132,1,0,0.0,0,222.4,85,52.0,8.27,11.2
6e8b32eddfb942a9a354282496d0c0ea,1,47,0,0,0.0,0,47.8,120,24.0,8.95,13.3
7b93ebd9cfe948279890410be5ace6c6,0,160,1,0,0.28,1,121.8,97,31.8,4.47,10.3
9b88e61c411841d29b1344adedf45612,0,180,1,0,0.0,3,143.5,121,41.0,9.47,8.8
3d647d1fe316441cb9ba49680bd73453,0,93,1,0,0.0,2,164.9,68,46.0,10.52,7.8
132514c13ada4bb992014327808ca8ff,0,109,1,0,0.36,2,193.6,58,49.6,7.44,13.1
9c89a23362f643ff84e9bf2782af4efc,0,80,1,0,0.0,0,101.1,121,40.0,13.16,7.3
72925cf691784e49aeee0715a1915a9a,0,54,1,1,3.13,2,92.3,88,64.3,9.66,11.6
926b96ce020847189636e473d4179ad8,0,121,1,0,0.0,2,168.9,128,40.0,6.2,2.9
3dd6b422c38d427495d667e093d3ab17,0,157,1,1,4.05,1,219.2,102,95.5,10.3,15.0
7a3bbb9bf7224e1084aae1df0bc7609b,0,170,1,1,3.51,0,178.1,130,86.1,12.14,13.0
9a5157167b6d448a892eee7b7034d21d,0,138,1,0,0.0,3,146.5,101,50.0,14.23,14.0
4b388c04af6642909c593236b59fbfcd,0,92,1,1,3.19,1,172.3,116,83.9,13.31,11.8
fd90334f825640b694c76e4f122c8f55,0,126,1,0,0.0,1,190.9,143,46.0,7.49,13.0
c9d97506b740482d99f6bb6ecd671307,1,41,1,0,0.0,3,232.1,74,68.0,16.36,10.9
2cbac3f1de904b6694ff077716608b33,1,167,1,0,0.0,4,169.2,124,44.0,8.67,12.4
d4dd1522de0b4a7f8be6f89da6741631,0,91,1,0,0.0,2,123.8,107,49.0,15.95,7.3
2ec3cde67d104d21989e6df33a10ba87,0,127,1,0,0.26,3,96.0,117,34.6,8.85,9.7
138044a36e6d4c269b4224f3dbddc8fb,0,88,1,1,2.94,1,93.4,106,67.4,12.6,10.9
53384cfa7380461eaa49c5e52561168f,0,113,1,0,0.0,1,90.6,130,30.0,8.53,5.4
d6c492a5f8644383a6988b6579c74a3e,0,78,1,0,0.0,2,152.9,81,48.0,12.83,5.3
099b52efe08f42e49a0a05e0d2a11ee9,0,123,1,0,0.26,2,257.9,92,64.6,10.58,9.4
f1bf635462ca46e88636a05a96bd3f2a,0,136,0,1,2.43,2,85.2,98,59.3,11.52,9.0
20c527362cfd453ab1fe008843b145b9,0,68,1,1,1.65,1,160.0,72,59.5,9.23,6.1
03977dc3ad8540c6a03b1a094cc13571,0,132,1,1,3.11,0,182.9,54,87.1,14.62,11.5
a91b9072df3c44d3828687189d04b5e1,0,133,1,0,0.0,2,216.2,67,56.0,11.11,3.1
55b6b89e91df452db9f37c9ed13a7669,0,127,1,0,0.0,0,261.7,105,60.0,9.09,3.3
6567bd3bb3334202afa7adcaefb83a0e,0,110,1,0,0.0,2,241.2,105,56.0,8.72,8.5
b6b67825db2d49299e29ff27f4cf7e10,0,121,1,0,0.0,1,177.2,142,41.0,6.18,8.4
f2911b4afe3640178641c267ebdf778d,0,116,1,0,0.0,2,89.5,128,31.0,9.04,14.0
a8de225b6efe4660a714008968c89afd,0,112,0,1,2.81,1,200.3,72,79.1,9.89,10.4
74596c82394045d6a85b96c7d0d3762f,1,97,0,0,0.0,4,145.0,103,50.0,14.72,11.0
4a53d55677ec44f68bf798f868bf928c,0,43,1,0,0.26,2,159.5,99,40.6,5.99,6.8
3b02b96bdef540379684decac40a5821,0,110,1,0,0.0,3,151.8,106,38.0,6.9,11.2
bb5eca027d41494488fa9c367371d046,0,67,1,0,0.0,1,176.2,120,51.0,11.8,10.6
4b3426b1943e47969e3b35c07c5e631b,0,166,1,0,0.23,0,152.1,95,39.3,6.05,9.8
b6555ec9f9724abab43c7297ece12235,0,129,1,0,0.0,1,161.3,122,47.0,11.03,9.6
6d856eed8cb043e09bbf307523f913c2,0,103,0,0,0.0,3,171.7,78,42.0,7.23,6.8
0c36a1a785c84b38b8f45acb75b4e04d,1,71,1,0,0.0,0,278.9,110,64.0,9.51,11.7
164c57fbe07d4da6837f586936432c2e,0,112,1,1,3.0,4,213.0,121,86.0,11.31,11.1
72ebdcf0e7814356ba6e24e0120bb7b5,0,8,1,1,1.3,1,242.9,67,69.0,8.55,4.8
74b04f8362b54c459780077db423c4e1,1,98,1,0,0.2,0,217.2,121,65.0,15.17,12.4
e866e9b4c7554eb0afaf01f21db810f5,0,90,1,0,0.0,1,175.9,111,55.0,14.26,13.0
d317382c3d08421e97ba8066a2a6ad8a,1,13,1,0,0.0,0,303.2,133,67.0,8.53,11.5
77eb51aa34be47d4b105b8eda973f3ce,0,58,1,0,0.0,2,238.9,107,57.0,9.36,11.8
5ce8ec23e5a94e418c0adaad05c44c08,0,137,1,1,3.08,2,189.6,42,78.8,8.95,11.4
da41ec4f893841789b45bddbbb885ea6,1,116,1,0,0.33,5,133.3,94,47.3,12.39,11.3
6d6acdec86044958af5d883687668726,0,94,1,1,2.67,3,92.7,107,53.7,6.39,9.9
169f93b1b2e1405cb103e46fd6f4d220,0,87,1,0,0.0,3,177.2,72,52.0,12.45,8.6
84596c36c6134edd996ae7b67541b4b4,0,120,1,0,0.0,2,184.5,103,50.0,10.45,10.2
02038b6510744896841cc8a4fbc653fd,0,97,1,1,3.27,0,176.1,109,76.7,7.97,12.1
c2327d3dddba439ba294fcfe4c88e8e6,0,134,1,0,0.35,6,204.7,108,50.5,7.16,11.0
8fdbc7d123894c87a817b565d43e8712,0,68,1,0,0.0,2,143.6,80,36.0,6.72,15.5
58d1cf1badd64c0498dccb289dcf0c93,0,93,1,0,0.0,1,179.3,93,47.0,9.44,12.1
8d907b33bb854ddf95ab2abc7b014645,0,120,1,0,0.0,1,137.3,100,42.0,10.61,10.5
01f856e50f404f229805a03a4262a97e,0,41,1,0,0.0,2,237.8,92,60.0,11.18,10.2
a3372a384fab44e6ae8ae134e7a62876,0,80,1,0,0.24,2,203.7,92,56.4,10.82,7.6
de1f0a462063416ca035f692c8bca52b,0,83,1,1,4.75,2,191.3,95,101.5,12.54,17.6
0b76328622ae4eaead896ef60e9c5502,0,109,0,0,0.25,2,209.1,141,55.5,10.25,7.8
2adb7cc267aa419ebb7bacc37cd2f743,0,66,1,1,1.92,3,88.8,104,44.2,5.48,7.1
c6f5548ba06f42099c7fdf7a60e7eb0d,0,104,1,0,0.0,0,97.2,88,30.0,7.78,12.4
87894075388a4af6897a28d0f5459c3d,0,89,1,0,0.0,1,137.9,96,40.0,9.63,11.0
f2f7fe1fcd004916896f4c97dabd76a3,0,127,1,0,0.32,2,224.3,112,57.2,9.29,10.0
1a98117c3aa542d595f9673c77cfc9aa,0,117,1,1,2.62,1,207.6,65,75.2,7.64,9.7
f4272eee92204007bc76f63db70814b1,0,128,1,0,0.0,2,268.1,95,56.0,6.03,14.4
2493b0cdb6164b19901cb76c8d207590,1,88,1,0,0.0,4,166.7,61,44.0,8.97,6.8
d3570eea02b84efc82648e3e1b721f6f,1,61,1,0,0.0,1,267.1,104,61.0,9.02,17.3
1a2de7c509b547edbc14eb41fc072733,0,22,1,0,0.0,2,181.8,108,48.0,9.93,9.3
88e7a8e5a72143d49345452253875f38,0,78,1,0,0.0,0,147.1,80,42.0,9.99,13.7
f7b7ce7ebbd04fd78aa1d173917ef8f9,0,56,1,1,1.32,1,37.7,115,32.2,7.21,4.9
22ec45dc15cd48069e0efc4b5e3bf6ed,0,192,1,0,0.34,2,185.0,88,54.4,11.25,11.4
3bfee4819c4842fba80b26b474dcd361,0,70,1,0,0.3,2,156.4,108,45.0,8.55,8.6
f71855ba2f324459a90a72d425c75f7e,0,148,1,0,0.0,1,239.3,84,58.0,9.79,10.9
ef4df79f12a24f59a20cb36e21966ba5,0,65,1,1,2.38,2,215.5,129,74.8,8.1,8.8
bcd707cfe11b467baa3d7a6932b95b27,0,119,1,0,0.0,1,134.9,70,41.0,10.58,11.3
2c2a84fb8bce4997a1a890eaec826d76,0,80,1,0,0.0,0,194.8,116,51.0,10.5,12.8
862a0792571d41aa893f2db3cdeae346,0,152,1,1,3.59,5,239.1,105,94.9,10.46,13.3
58c2540dbf0d49dea8d411af5986f8c5,0,113,1,0,0.0,3,92.6,85,31.0,8.88,14.4
c949b1efd4254038b52993fa4f7e237d,0,75,1,0,0.26,1,209.4,133,56.6,10.58,7.2
3ff5bd17118a48a49ba623e502e1745a,0,80,1,0,0.0,1,197.6,83,48.0,8.23,6.4
12be6cf977e542e387ee6e4f84113500,0,148,1,0,0.0,1,17.6,121,17.0,8.09,10.6
8bbb9ad2bc934aa5822a4c81578f447f,0,63,0,0,0.0,1,62.9,112,28.0,10.15,8.9
ede83194ac824fd2997ec73f27d853b9,0,97,1,1,1.81,1,202.3,97,59.1,3.46,6.7
0edb33631c91434085774d023470029d,0,166,1,0,0.0,0,136.1,116,39.0,9.07,11.3
05541c6af3b34b8785e83faef8f51c6a,0,94,1,0,0.0,1,207.0,109,50.0,8.37,2.6
32c401402ec94ac99fcf9376f5afd188,0,85,1,1,3.65,1,207.9,95,92.5,11.68,13.5
c6731a5782a04951b2960d4d33142dcb,1,80,0,0,0.0,1,276.5,122,64.0,9.78,7.2
35bc9768e3a243258e762d9c88b1ce07,0,210,1,1,2.73,3,313.8,87,93.3,7.39,10.1
705003c165c44090a36271ce95eed1ba,0,88,0,1,3.51,1,288.5,114,102.1,10.17,13.0
da7b8d525fd84696b4650df5f3d220ef,0,100,1,0,0.33,4,210.9,85,67.3,16.47,9.4
05e060e98d144c2cbf7cb8161d9a55d2,0,154,1,1,3.94,1,64.9,76,66.4,9.21,14.6
bfb6c6805bc1429885576d5314d6d9c4,0,32,1,1,2.43,1,243.5,137,86.3,11.84,9.0
a8cfea95ae2245efbd9bd87665e285d6,0,18,1,0,0.27,3,197.0,97,53.7,10.19,8.7
05c6ea8c223e4ab6a945e0a360e87da5,0,126,1,1,2.35,0,278.0,88,92.5,12.66,8.7
e69c3766b74f44c2815ec1f0a67d6382,0,144,1,1,2.7,1,219.9,102,84.0,11.11,10.0
9aeb94993c8a4d768b177e9620b70d9e,1,29,1,0,0.0,2,313.2,103,72.0,10.82,12.8
0b22e38a2bb546dda73fb92624fc766b,0,86,1,1,3.05,0,145.7,88,72.5,9.55,11.3
b158107093bc4ecb9161c0b17a80fb8e,0,138,1,1,2.21,0,75.8,102,50.1,8.68,8.2
00362117940945c88f414d444a6b5338,0,146,1,0,0.0,3,195.9,86,53.0,11.43,12.2
c5c49daa635c4039952da4a361ed280a,0,175,1,0,0.0,1,132.0,95,43.0,11.56,8.7
64a011a2dc734c80a0e8f292501f17c4,0,74,1,0,0.0,2,124.0,102,44.0,13.11,11.7
bb411672f6324dd4b40b505e94ee13e9,0,48,1,0,0.0,2,171.9,98,43.0,7.95,7.6
3fa9bc63bced47ad860c989679f9407c,0,74,1,1,2.67,4,249.4,70,87.7,10.48,9.9
3d706a26aa3741dba3c571a992cc0b38,0,105,0,0,0.0,0,228.4,100,52.0,7.26,7.7
94e4b7b479954f48a7c424a46668c138,0,157,1,0,0.39,3,168.6,71,50.9,10.26,5.9
9a0349ed28b6448fb5f6d565fc8d34ac,0,217,1,0,0.29,0,123.7,138,45.9,12.43,13.3
88b00517415e42eeb921fc151f326cba,0,68,1,0,0.28,1,178.7,61,54.8,12.62,8.4
5e8bb50a436c48a2bcbb03be96d3c09d,0,80,1,0,0.0,1,113.2,86,36.0,9.28,9.5
8d22c266ef764fe89f1ee5ece6232a5a,0,38,1,1,3.62,2,142.4,106,87.2,15.69,13.4
8fb8e07eced3407784fc75b0b2b07816,0,107,1,1,2.24,0,204.2,57,75.4,10.3,8.3
955d01fb07e34d0189ac3cbb1e1c65c3,0,140,1,0,0.0,3,149.7,71,44.0,10.63,12.6
08db72291bac4f6fb98e0ccc860b93ae,1,98,1,0,0.38,5,227.1,116,52.8,6.03,4.7
a687f2c778a741d8b62f15f5f7caa207,0,114,1,0,0.0,2,155.3,75,41.0,8.5,12.6
7d5c4bbaaf534456ad105df705171eb8,0,46,1,0,0.0,1,156.4,105,43.0,9.28,11.8
f8514ebeed7b4294a38449ba830f843f,0,118,1,1,2.81,0,148.7,105,68.1,8.37,10.4
1512d56b1a0242eea04b920d8774f516,0,37,1,0,0.0,3,271.7,112,60.0,7.76,6.6
97a510aadcef4696818a978419eab1d7,0,34,1,0,0.31,0,193.7,74,47.1,6.35,8.8
c6ef0e5f60f64cd399adb95bd7c1b7e0,0,98,0,1,2.92,1,245.5,54,96.2,14.64,10.8
8f199376dbe44ec2a8764a56737b0ad0,1,113,1,0,0.0,3,245.3,108,64.0,13.0,10.7
0ac630d440d648ddbdfae45e24884bb7,0,69,1,0,0.0,0,196.1,87,54.0,11.84,11.9
70d11a69bdb34eacaeed04ff45d25dcb,0,121,1,0,0.0,2,134.1,112,40.0,9.76,10.5
c56146b1b07044cbbacdeaaca1064b74,0,59,0,1,2.46,1,225.0,78,79.6,9.57,9.1
4f9801978e234408b951e2837ba9ed32,0,59,1,0,0.0,0,189.7,100,43.0,5.8,7.4
35593279609d4710b496b276e510ed97,0,190,1,0,0.26,0,142.9,96,42.6,8.9,6.6
e579d228277e4a14868cc405d90d66c1,0,109,1,0,0.0,1,175.6,80,51.0,11.9,10.2
23eb844f4d2445beba4caf288aebd1e6,0,136,1,0,0.0,2,92.4,109,35.0,10.95,12.9
cb3be19c652d46ecbe40a7525b0bf9e2,0,86,1,0,0.0,1,92.8,92,30.0,7.98,8.8
20f5d09aadeb45fa906b060cc8742df8,0,100,1,1,2.16,0,221.7,100,79.6,11.81,8.0
73875a68d635461682d10a3005ffff7b,0,106,1,0,0.0,0,159.6,94,51.0,13.84,8.8
e4abe13154564746a9dd9fe27b9d37dc,0,104,1,0,0.0,2,144.5,107,40.0,9.03,17.0
15777a0d00b14cffb24c5fbc330c2ff4,0,129,1,0,0.41,2,159.1,100,49.1,10.13,11.5
db55282e39db4a2db3f5fecc8461c493,0,205,1,0,0.32,2,49.9,123,25.2,7.54,10.1
516a5c14b54a4ca9aa589922d0a1ebc0,0,93,1,1,2.97,0,116.9,120,69.7,11.62,11.0
fe14ae90b0e5481ab8a7dcd41e554049,0,123,1,0,0.0,3,150.0,98,34.0,4.49,11.1
86476319e5374eb3b60825cf1bb510ec,0,99,1,0,0.0,1,254.4,120,57.0,7.97,6.0
07d8f83365054bceaed4a5c73b15c286,0,61,1,1,2.94,3,270.7,53,93.4,10.04,10.9
9bcfb043f72b413faf21195d25e13556,0,71,1,0,0.0,1,207.0,112,50.0,8.69,12.1
e38ffc45b03e489b80db6993dfc600e0,0,4,0,0,0.0,0,145.3,89,51.0,15.19,8.9
89fe27e75b914ceb903bbc9bc956c8b2,0,148,1,1,3.65,3,230.7,102,96.5,11.69,13.5
9e615e6b232947189a7b71710aaa3b91,0,141,1,0,0.0,1,151.5,104,47.0,12.11,10.8
60d26f99230a4cb4bec2cd946f43cc67,0,56,1,0,0.37,0,146.1,57,45.7,9.81,9.2
2888fa47cf2043f5b5c55ab0f5bb2b7d,0,160,1,0,0.0,3,256.0,111,60.0,9.37,11.5
1a22d6bafe014ed69e716cffa1c00285,0,43,1,1,3.13,3,200.2,105,86.3,12.22,11.6
4e314141fd8644099a6a43aa86682361,0,42,1,0,0.33,2,150.7,52,50.3,12.34,7.0
f307dd461bf444febfe8402331fa7f3a,0,135,0,0,0.0,1,186.0,107,38.0,3.3,12.9
ca65f5d7bd5a43d59390e69816814d67,0,106,1,0,0.0,3,212.9,110,53.0,9.35,6.3
01e838e43917421a8318cc6817389bfa,0,106,1,0,0.0,0,194.8,133,52.0,10.67,11.5
99e1f3a382884116a024d72ceb41df67,0,83,1,1,2.35,3,272.5,105,91.5,12.65,8.7
a1f15cc608d84f7aac1674182191de5d,0,110,1,0,0.0,1,135.1,109,41.0,10.26,11.7
c132637ec1a54a9aabf75343b6d7813f,0,153,1,0,0.29,1,154.6,56,51.9,13.15,15.5
cc0e233194f6481280ef3a5a98567683,0,109,1,1,2.86,5,230.5,116,90.6,13.29,10.6
e1418a38470f4a4dbd2823da9f2a55bb,0,31,1,0,0.0,1,165.4,84,46.0,10.19,8.2
8fa4f530d0444a29a0460003dc947acf,1,124,1,0,0.0,4,143.3,120,44.0,11.54,7.8
06f8da4b157341d09d2c97766ce91e41,1,110,1,0,0.0,2,271.1,108,67.0,11.85,9.8
8da571f5d8e843529849eb8128626a93,0,124,1,0,0.0,0,253.5,104,54.0,5.9,14.0
a947dc4955e44df797728b992eafb787,1,82,1,0,0.31,6,167.1,77,43.1,6.59,9.4
f20470e4cad8400290d27354eb20a23f,0,122,1,0,0.0,1,168.3,96,37.0,4.38,8.4
97815c5f210142cea4bbb23f558ab954,0,137,1,0,0.21,1,104.7,115,42.1,12.49,8.9
b84687e07fb948a39db58df6fc5bba62,0,69,1,0,0.0,1,135.4,101,44.0,11.91,10.6
96c693ba520d4e9d83d5e3c86e771c33,0,46,1,1,1.94,1,191.4,102,83.4,18.09,7.2
088c4d8d8208434daca97dbd4bdf2f6b,0,103,1,0,0.0,1,158.7,90,44.0,9.92,10.5
bb77799da62046aea4433d249bf14784,0,16,1,0,0.21,2,144.8,84,41.1,8.25,8.2
757d2e8db82a4730a01faa9df68f659c,0,119,1,0,0.0,3,98.8,97,30.0,7.35,10.0
7d2f38b1c5c54bd3887af3f7554d022d,1,124,0,0,0.0,3,157.8,71,45.0,10.16,10.0
5b8e3cb7ab3540d2919ae3bd49d73445,0,122,1,1,3.13,1,163.0,107,86.3,15.64,11.6
d697779cb4e34f1d9633421fae235bcb,0,139,1,0,0.0,4,181.6,119,60.0,16.79,8.3
8024fdbddf3546a0acb745dd3b9b7230,0,67,1,0,0.31,2,129.0,78,41.1,9.4,11.2
c9d931efb6b74f579cf5a9fb898bbb27,0,84,1,0,0.27,1,86.0,83,39.7,13.04,8.9
2fe379855da84be5aad1d54e5f5d416a,0,101,1,1,3.4,0,193.9,71,84.0,9.49,12.6
97e3f1963ed14e66aedf13231b7878b4,0,40,1,0,0.25,0,109.4,107,42.5,12.24,7.1
890e386e451b4b4c8116dd50c7f98a80,0,61,1,0,0.0,2,188.9,105,46.0,7.68,10.2
8abea1b5dd1543e6a7ac3fc60248d5cc,1,120,0,0,0.0,1,179.9,72,46.0,8.5,13.8
1739af431ffa4c1dbdd605fea71a351e,0,95,1,0,0.0,1,183.4,98,56.0,14.07,8.2
66fbe205814d4e90aa6ca9f5d61f048d,0,98,1,0,0.0,0,288.1,101,61.0,6.9,0.0
9fa3c7bfe5094e9caecdba7ba9696a7c,0,114,1,0,0.0,2,169.2,96,42.0,7.5,4.6
8c27294cd7ee455fb61871bf156ef252,1,68,0,1,3.65,1,195.5,113,84.5,8.58,13.5
49fa3f7a3b604fe8bfe3986c3e0a4424,0,149,1,1,3.05,2,264.4,102,94.5,10.98,11.3
4f902a865fcc43309effaff0bcfbf1da,0,22,1,0,0.0,0,207.7,116,54.0,10.53,9.6
320150be19794c9c84088570958c4427,0,176,1,0,0.34,0,169.5,151,42.4,5.65,8.7
ea0088539cad4ece85dea52073db32e3,0,152,1,0,0.0,2,141.5,102,47.0,13.15,3.4
01651a075f98483d97acf5f7620f14c3,0,118,1,0,0.0,0,154.8,71,48.0,12.2,12.8
c18dcbed81ba47588fb6a6960f05fb01,0,101,0,0,0.17,1,133.5,51,43.7,10.98,11.7
a93d7841e1714ab7bfc625b0aec3bac5,1,102,1,0,0.0,2,273.2,85,65.0,10.56,13.1
8fa8c5728e054d188cd99a30adc1a6dd,0,118,1,0,0.0,2,224.6,94,58.0,11.3,12.5
6d3745fccf2c4a869ca1d34717e6e99f,1,105,1,0,0.0,2,273.8,97,72.0,14.49,5.8
bd1a80fcdb9d4fa78f6f3f7fc65e8f3d,1,153,1,0,0.0,1,159.5,103,51.0,13.78,10.1
1b8a31745435443a939d8e0c209c99c6,0,71,1,0,0.0,0,104.0,92,35.0,9.85,14.6
59a89237c2a34b5097148e46535476ae,0,71,1,1,3.54,1,115.4,90,74.4,10.87,13.1
3a7395434ada4abcafa2eb0e0cde8377,0,68,1,0,0.0,2,222.1,107,55.0,9.97,9.4
3d0e65ccadd44621bcdf55d88acaeced,0,66,1,0,0.33,3,116.4,98,31.3,4.78,10.5
998bf5b967e14458b3585f0bcf0abdfd,0,101,1,0,0.25,3,217.7,118,59.5,11.59,0.0
d346c2a7a5974f9698f6b90f1762928f,0,116,1,0,0.0,0,129.4,84,36.0,7.87,13.3
adc11b152adb4c7ebdaff7fe0c0c11b9,0,54,1,1,3.7,0,161.8,73,88.0,13.65,13.7
d692494e4313465cb65500f352bef4d4,0,112,1,1,3.11,1,198.8,122,86.1,11.93,11.5
3fb3eb07e39949ae918197a7d2b6f131,0,122,1,1,3.78,1,147.8,85,75.8,7.37,14.0
94b4ef30b9a74f98b90a027d9fd7588d,0,74,1,0,0.0,3,262.3,114,62.0,9.95,6.6
ad46077d08b044bcb9c8fd4d44966853,0,90,1,0,0.0,1,246.4,83,56.0,8.02,7.6
abdfd63504a44a79acc79bac19a54567,1,112,1,0,0.0,4,174.3,123,42.0,7.01,9.0
335cb37eca7446b0a313b24d0af058cc,0,85,1,0,0.0,4,183.4,111,46.0,8.44,9.9
3d34d7d991bb4be79f30c8656986fcfe,0,100,1,0,0.0,1,191.9,95,50.0,10.05,18.2
2fe37fab0635426e82b0bbd07255b8fa,0,114,1,0,0.0,2,187.8,109,46.0,7.73,10.1
bd36a9bef64549758490efd918194eee,0,83,1,0,0.24,0,259.7,106,60.4,7.64,10.2
3ec6093117304e74873c56727de87cf4,0,157,0,0,0.0,0,180.4,123,48.0,9.7,8.4
10d6888967cf4dd4a5eeed97873d1ead,0,51,1,0,0.31,2,51.8,107,32.1,11.51,10.4
046dde91bbc74eb2b4c344e9a8147ccf,1,42,1,0,0.0,1,303.9,106,72.0,11.61,5.8
0c540bfde5a84abfb10bd4cce180b00a,1,101,1,1,2.38,1,123.7,125,59.8,8.63,8.8
a5d0feef4a764472aea27d7fc7b4ef03,0,112,1,0,0.0,3,206.2,122,50.0,8.23,12.6
d9d11ccc88664a34bb0f20e3fa0732dc,0,56,1,0,0.0,2,164.3,92,48.0,11.69,11.8
5e1811a1119741fd9924bd54eb005d84,1,53,1,0,0.0,9,228.6,117,51.0,6.64,10.1
f18c1481c3aa4ee79e49d0331c770bae,0,64,1,1,2.05,1,200.4,80,66.5,6.56,7.6
47121bc68a144fedbcc42528a9baaacc,0,123,1,0,0.0,0,154.3,107,42.0,9.15,10.9
4f26a652e52b46c682508ecadb3503bf,0,68,1,1,2.59,2,122.9,93,66.9,11.68,9.6
cf804cccdc5a450e934792aea289e6b3,0,40,0,0,0.23,0,220.8,100,63.3,13.29,6.4
7fb1d148375f4144b83d2c122f5f2e09,0,132,1,0,0.0,0,214.6,78,58.0,12.59,13.9
c74f18799ddb4b7e876bfd9847a82ce5,1,120,0,0,0.0,2,202.0,123,51.0,9.22,7.4
7ebe8449f236478091355cdbe91ed139,1,108,1,1,2.46,6,209.5,108,69.6,5.48,9.1
c02fbea50e4b49688499abb093a20a3c,1,161,1,0,0.0,1,297.9,141,71.0,11.91,8.9
e14d0156445740caa2314d658899cd54,1,130,1,0,0.24,0,212.8,102,55.4,9.49,10.6
3dea286dbf114e66bf1f08378f9d11f7,0,122,1,0,0.0,0,145.6,102,49.0,14.24,12.2
de44d34275b64c2080c01b8d6eb874bf,0,130,1,1,2.92,2,152.9,87,74.2,10.66,10.8
0f72d46b72464565a4a0fd06edb24085,0,90,1,0,0.0,1,125.4,158,45.0,13.46,11.0
158ccc1b374248149615b3810fba8503,0,139,1,1,2.24,0,138.3,96,53.4,4.03,8.3
bcf7657b18894acb92b3aba83fef8b07,0,57,1,0,0.31,3,189.3,157,51.1,8.75,11.2
66e0d32f730a4b6fa713d0b9a8a24ebf,0,128,1,0,0.0,4,199.3,86,51.0,9.74,14.3
7944aa3ae283425297c7bb60692ae228,0,127,0,0,0.32,2,247.5,99,55.2,5.43,10.6
9db7e4913a324192ba06e02d73d0042d,1,107,1,0,0.0,1,294.9,71,67.0,9.64,13.2
026413f1539f40e5b47fd3f288750f9f,0,177,1,0,0.0,1,175.4,99,44.0,7.77,11.5
a5ac642e5c6041aeb69d06db1d9aa80b,0,121,1,0,0.0,1,179.4,70,43.0,7.15,11.2
a50b5c8972dc4c4f9bbd08f1a30dc812,0,99,0,1,2.27,0,126.8,94,69.7,14.68,8.4
3949a64d36c84c1c9100eccff0ee209a,1,126,0,0,0.0,1,239.7,87,65.0,14.09,11.4
9de78ef3208441449c370e3bcebe5674,1,77,1,1,4.13,5,143.0,101,84.3,10.61,15.3
9e4a1051bc6e4083a3635011bcad37a8,0,21,1,0,0.0,2,91.9,109,33.0,9.92,13.0
b4205bcd71d145b28ab94457d5f9ee27,0,56,1,0,0.33,1,210.4,80,54.3,8.83,15.5
5f50beb3bd244b6790be113ace1ce91c,1,92,1,1,1.73,1,201.3,130,69.3,10.19,6.4
4066b964b1d84e0aae35f1ae26ceec8b,0,81,1,0,0.0,2,145.6,59,50.0,14.4,9.2
b856176759c64c1eb9fd6ee877d69efc,1,139,0,1,3.62,1,203.5,82,88.2,10.02,13.4
c30d72852cbe43248d74e382d9784465,0,68,1,0,0.34,1,232.4,76,56.4,7.67,10.5
0e1a3eda8dc84b57b845741907532c42,0,183,1,1,2.35,2,86.5,119,62.5,14.26,8.7
588ceff2770b41e8bbf17bb3b6d094dc,0,90,1,0,0.0,0,109.9,102,38.0,11.04,10.9
ed8144ef3a5d40baac95d78304ef8b8a,0,165,1,0,0.13,1,156.0,88,51.3,13.81,9.3
7dae01ef3ef84729be694e7114d547de,1,89,1,0,0.0,1,326.3,112,70.0,8.26,7.5
2d152f6c34814cc7b237873f7cec0c7c,0,59,1,0,0.0,0,195.0,58,51.0,9.93,14.8
1e01190fe6f84cbca81d0469d45a5a75,0,16,0,0,0.0,0,110.0,91,32.0,7.37,6.4
993ddcf9f6b04dbc9ea99b04375be8af,1,114,1,0,0.0,5,147.1,119,39.0,8.05,9.0
a07c1b695f614b2a8dc0b99ea45dcf93,0,113,1,0,0.0,2,156.0,141,49.0,12.84,11.9
7251b40a555e4c4abe98396376b5d2a8,0,120,1,0,0.36,2,98.2,99,36.6,9.34,9.3
496099ad779e4f5392a90f65ba03e5ff,0,115,1,0,0.26,0,210.6,120,51.6,7.66,11.0
10d8c2ce6b514c18ad0714577da7b589,1,37,1,0,0.0,2,239.9,120,64.0,13.08,8.9
a7e6e03adb4742948583be504dbd21ac,1,100,0,0,0.0,2,159.9,94,43.0,9.0,11.6
012f5f502c0f4d7fa85047962fc05d4b,1,132,1,0,0.0,4,197.8,66,46.0,6.7,10.9
857da380409a4a1fa75aeeb407cc3164,0,38,1,1,4.1,2,115.4,98,75.0,8.31,15.2
3e6730bc971d4139b9d3807d3c7f4c0f,0,1,1,0,0.0,0,123.8,113,42.0,11.81,3.7
88cf6ca3e3084ec79bd8fa66e015a8d5,0,97,1,1,1.73,1,117.6,97,54.3,9.82,6.4
c6e9b0f07d9a4eb3926077b84492a6e3,0,55,1,1,2.32,2,105.3,82,58.2,9.87,8.6
3ab676013c1a4d3082d1afbf398401e5,0,75,1,0,0.0,1,111.7,121,40.0,11.87,13.1
53d2b59b152247dda72efee6cf3acba3,0,83,1,0,0.0,2,159.3,104,45.0,10.12,9.5
f28d85a430a142ca92cf8d22ef2e55d0,1,40,1,0,0.0,6,81.7,123,32.0,10.51,11.3
c5c4c61359bb44b4bc445634ddcaab1f,0,101,1,1,2.7,2,238.0,88,86.0,10.48,10.0
464c20d06d36445a968bce6e688169ed,0,120,1,1,4.21,0,128.1,99,85.1,12.39,15.6
70be7744b3f04f08a8eba06c4fcbeaa3,0,183,1,1,2.75,1,171.2,104,73.5,9.68,10.2
026d47a68f864d648bcb92881690c8fa,1,75,1,0,0.0,4,109.0,88,41.0,12.97,13.3
ce0dbe516e59431faa4737129726b755,0,80,1,0,0.0,2,220.0,114,56.0,10.39,12.1
ac6a7ab4de5e4cc38681d620888f3b1a,0,88,1,0,0.0,0,55.6,65,31.0,12.14,11.3
23ed93e2fe154a5f9a265f358772f1c6,0,112,1,1,2.78,1,286.6,79,103.8,15.77,10.3
ae5a43cc4395412088f1402f0619c1a3,0,63,1,0,0.0,1,207.6,96,55.0,11.45,13.3
92620b1d0692460f923287f548db5ae0,1,105,1,1,2.24,4,109.6,108,62.4,12.47,8.3
04acc0d6c2784c6d8e84cb8ebbe046bd,0,92,1,0,0.33,2,197.2,113,58.3,12.12,11.0
65be1e368ebb497abcabc6648770b241,0,177,1,0,0.0,1,175.7,120,45.0,8.43,14.6
f64e1dcd684c4460a3b2011aa0e01448,0,118,1,0,0.43,0,205.2,115,55.3,9.24,7.0
d14e9855f9e84f8489988a359a018643,0,111,1,1,3.27,1,193.1,104,75.7,5.58,12.1
9c312fa8e8a54d20947b70b0ba72f402,0,82,1,1,1.27,3,232.6,121,65.7,7.66,4.7
7eaf66949b234af1857ab7804e6f0c98,0,74,1,0,0.22,0,102.7,89,33.2,7.47,11.0
956fb5ca4fad4ca1baf853ec6c4183db,0,121,1,1,2.62,5,263.1,70,95.2,13.97,9.7
b601919bd98647e89f71ba70c412cc5f,0,131,1,0,0.31,1,197.0,79,54.1,10.05,11.6
13c03c7f895747be81b13e097c9acd37,0,125,1,0,0.3,2,169.3,90,46.0,7.8,11.6
c14e1052f5a446dab3df8016810bc337,0,19,1,0,0.31,1,201.5,123,49.1,6.46,12.9
8b9b756539c94bc58b0aeef3c9bcfa97,0,138,1,0,0.0,3,251.0,119,51.0,4.56,13.8
64f404dff5ed4adca06c44a728a6541f,0,119,1,0,0.0,3,230.4,117,59.0,11.25,7.6
0e8b757b79dc4531997e4d09137ec0c7,0,137,1,0,0.0,1,109.8,120,39.0,11.53,11.9
51d052800c974452ae0198118c59f7d6,1,182,1,0,0.0,2,279.5,118,65.0,10.16,10.7
e20b2cae2007413e86cce8caed01f34d,0,135,1,0,0.0,1,173.4,107,49.0,11.1,13.7
1a67c5de75f949f8badcef558b1ef9c9,0,134,1,1,2.7,1,214.4,93,82.0,10.59,10.0
83d89777286447309c5b3b722b21a519,0,45,1,0,0.0,1,96.1,103,38.0,12.34,9.7
2f845995c7ac41d0abe343078442024f,0,129,1,0,0.0,1,101.4,145,39.0,12.46,7.1
b153efa389ad44e7aaee2133aa47cd78,0,142,1,0,0.2,4,232.5,74,57.0,9.09,10.4
1e2dbeaadadf40b2b719c57c32abfb9a,0,130,1,1,3.29,1,174.5,120,81.9,10.88,12.2
8527676aea0748678a1fdb7bed356af3,0,163,1,1,2.38,1,224.0,126,81.8,11.68,8.8
a7c362b1955640f1a54b20cf26d75e8f,0,105,1,0,0.4,4,211.1,99,55.0,8.84,14.7
845efd29579a4dcda64d5fe8e9077246,0,119,1,0,0.0,2,109.2,96,32.0,7.66,9.8
01469d94540c4f0eb0c8838b1d29596a,0,78,1,0,0.0,0,220.0,95,53.0,9.0,11.5
cfcc5522470442f0bb6df075ff9af3d3,0,92,1,0,0.27,2,181.4,98,47.7,8.23,10.9
5675288e701344ec8ea5b571c94e031b,0,146,1,1,2.73,2,180.7,82,73.3,8.69,10.1
3bc71bfc26ce4cab9a0d14953446a237,0,125,1,1,2.54,1,96.5,109,54.4,7.29,9.4
1f2a3ff2e2ce4fb3a8eafb2501055751,0,88,1,0,0.0,3,183.5,93,46.0,8.53,8.3
3fbeb686bed047c490d44e12d33d2e61,0,83,1,1,2.84,0,107.9,90,59.4,7.02,10.5
39c7d56e32994f0db50f6338f6d4b6c7,0,3,0,0,0.26,1,161.0,96,51.6,12.25,7.7
76df1a429b334587982823ea73769935,1,152,0,1,1.16,1,146.8,128,61.6,14.28,4.3
0c6a3921030247eb8158c67856bda4d2,0,48,1,0,0.0,3,149.2,146,40.0,8.1,8.3
9c0c624d3a4a49b4a7ecb7f7f0ff3502,0,189,1,0,0.25,3,227.8,124,56.5,8.48,5.6
79edade8670e4e9cb992d1ad31a36e48,0,95,1,1,2.0,0,160.3,87,65.0,10.12,7.4
041b0a83f065467aaf657a21eba08aa5,1,129,1,0,0.23,1,137.8,120,45.3,11.29,10.2
a7bcc5af6aec4344b34eb89538d6b59e,0,66,1,1,2.3,0,141.7,87,70.0,13.42,8.5
7f6256f02a044bc7ac15d35e1bf13f2c,0,80,1,1,2.51,0,196.4,115,72.1,7.52,9.3
a98e698d10fa4b37a6cbb68419611dd4,0,1,1,0,0.0,1,175.2,74,43.0,7.59,5.3
ef70449ec33b4270ba671649c175d808,0,84,1,0,0.0,1,146.8,133,40.0,8.59,9.9
18ee3416d05340079f4dda14d85301f8,0,96,1,0,0.0,1,173.9,111,54.0,14.37,9.1
d82c55837cb54cb38495f9c45d1fbd2a,0,123,1,1,3.56,1,305.2,80,101.6,7.83,13.2
efab4c5226ad44838e04b8f2a3ee1281,1,116,0,1,3.16,3,162.3,91,83.6,13.97,11.7
9c2af1ec6d4f4fee965304bd6e67229b,0,105,0,0,0.31,3,150.0,106,54.1,14.69,10.3
6ee97cc5bb50442a8efdfc4368a152aa,0,80,1,0,0.24,1,197.5,114,54.4,10.35,11.3
0b6439ddbdf246b8a3985647979b4699,0,157,1,0,0.0,2,240.2,67,54.0,7.65,10.2
7892a2b09c5e482e9eb5664889659742,0,67,1,1,3.48,2,186.2,117,91.8,14.34,12.9
e14625fae1044e048c894bb18e354e99,0,141,1,1,3.32,0,116.9,127,77.2,13.83,12.3
6ffcebeddc6f454c8336c94191557f16,0,79,1,1,3.24,1,236.7,95,95.4,13.18,12.0
582c6161bebe4cc398093e93554621b3,0,76,1,0,0.0,0,173.2,93,41.0,6.56,5.4
424ddedffbe74ef18f7139bbccee45f0,0,111,1,0,0.25,0,152.2,114,40.5,6.86,9.8
37f45f47476d4d6c9d22b94979219c7a,0,94,1,0,0.0,0,181.3,135,47.0,9.12,6.7
46a51febe22941439850d080d7248fdf,1,143,1,0,0.0,4,167.8,72,47.0,10.55,10.5
1fef1266ac3a4ebbb7bf2589dd31dc5b,0,109,1,0,0.0,1,175.4,125,52.0,12.54,9.8
0e39709af5a4473da1e6082791c3c421,0,138,1,0,0.28,2,87.6,112,40.8,13.35,9.8
6d439e3af41f4d3381e0c48d2ebd1e9f,0,73,1,0,0.0,0,203.3,45,47.0,7.1,8.5
d74dfdec02be4d8ca1f1b7e930b58273,1,21,1,0,0.0,5,92.6,95,30.0,8.1,11.3
f3bf33e78b7d49c59bccfed30ef84c18,0,148,1,1,2.19,1,262.9,135,79.9,7.48,8.1
4de8085428f2471680eedc30fbe78f72,0,103,1,0,0.0,1,160.8,91,41.0,7.79,8.5
f70afa55eec6496fae955d93271ebdf2,0,143,1,1,2.11,1,141.8,116,60.1,8.37,7.8
e671930bfbd24e8faf0bbf76af534f1a,0,79,1,1,1.13,2,50.6,62,37.3,10.07,4.2
fdbd2068431a4e4c9095e84df13d1a3b,0,89,1,0,0.0,1,134.9,59,37.0,7.8,10.2
cac6b75da33c4cdfbbe4252dfd258df1,0,120,1,0,0.0,1,252.1,110,63.0,11.31,13.8
463885ebc3cf40fcb683f3319e318b19,0,121,1,1,2.59,1,215.5,95,83.9,12.09,9.6
4d18c11f5c15412daf66617d74d877df,0,101,1,0,0.0,0,124.8,66,44.0,12.86,13.4
77435fe1b9be4e6392c66717e8fed05a,0,115,1,0,0.0,2,178.7,114,54.0,13.55,16.4
18f8dec0c17e429793440af5e0dec108,0,168,1,0,0.37,2,183.2,131,50.7,8.96,9.9
41f13674400e470ba7cabe22a3589682,0,90,1,0,0.0,1,167.5,96,41.0,6.96,13.0
ba66f08c43d949eeadd428e225e7d9ce,0,70,1,0,0.3,3,147.1,105,46.0,10.0,12.5
cffb17a6b1a34750a22e846aa742b8d6,0,138,1,0,0.18,1,230.1,107,59.8,10.6,13.2
65decd19bd5a4bc78afd0a985acfd778,0,43,1,0,0.0,0,135.8,125,37.0,8.16,12.6
7b6d10a6582e4d7683e5535b15846091,0,117,1,1,2.35,2,205.7,98,70.5,6.81,8.7
45050a7d7f8c44eb9cf396c887fc0f2c,0,108,1,0,0.0,2,73.8,105,25.0,7.17,10.9
c82a4ea1fe684bf2aa4cae2353c21405,0,118,1,0,0.0,2,189.3,119,53.0,11.68,10.0
f551d507870b405e8a52c769d24a09bb,0,169,1,0,0.0,3,147.2,115,39.0,8.1,7.2
b24b2ab42e4242e6859d2275e8e057ba,0,62,1,1,2.75,0,137.3,95,66.5,9.21,10.2
3d13fd0dc09f4bbbb31be3b0aaa5e47c,0,86,1,0,0.17,2,70.7,125,31.7,10.55,0.0
e75f4a111d1e4194aabb47390bf5a9ed,0,44,1,0,0.35,0,204.6,117,56.5,10.26,10.7
59c998f842be4556a4c1c52a63c53a0d,1,111,1,0,0.0,5,123.1,88,40.0,10.7,12.0
24fad6b1014c41feae0f448e99d95182,0,127,1,1,3.29,2,129.7,115,68.9,8.04,12.2
35c0bc0fefd84fe28aacc98808e5b04e,0,151,0,0,0.26,0,198.7,70,54.6,10.48,12.4
ba0f45defac04f199a60593ec6e8bfa7,0,53,1,0,0.0,2,145.1,116,45.0,11.69,7.9
12f977cf4e05462f8d95d1c557423bc7,0,15,1,0,0.0,2,135.2,101,36.0,7.63,8.4
a6aa51f22c304e25ad9ff4e14bcf7486,0,123,1,1,2.11,1,124.7,105,64.1,12.52,7.8
e31afbbb3bcc4d92a2d297165c0ac634,0,137,1,0,0.0,1,215.9,76,50.0,7.27,12.1
6d34ee7e441941b68dd41eefc77df2f3,0,106,1,0,0.0,2,119.2,142,40.0,11.42,8.4
2826808ca83343eda560bcd2c22b57ab,0,88,1,0,0.26,3,144.3,116,40.6,7.82,7.8
6632be3c05f14bbc9f47951022a4f47f,0,106,1,0,0.0,1,235.2,121,59.0,11.03,11.8
b49ad0a157f34140909aa5fdea83753c,0,95,1,0,0.13,0,174.0,57,55.3,14.06,9.7
0e250096dbdd4c3caa1815c01cc9e349,1,57,0,0,0.0,0,115.0,65,30.0,6.12,6.4
eec5d0c8d0c04c739c3b3f28b7585584,0,184,1,0,0.21,2,151.7,93,43.1,8.93,13.1
f1a72b054e2341e7ba1751d46ebddf6c,0,109,1,0,0.37,3,153.1,102,49.7,11.71,9.9
69a6f528fbfe40aba291f485b3633ca0,0,127,1,0,0.27,2,218.6,93,52.7,7.5,9.2
6f6687c6647c46278aa610798f25b8ff,0,82,1,0,0.38,2,265.2,122,64.8,8.94,10.7
fa11edcbdec049f3ab7a73bc03c8c0af,0,180,1,0,0.4,1,143.3,134,44.0,9.03,10.1
482d3ab225f145d5960180ec604c8618,0,174,1,0,0.21,2,190.3,98,56.1,12.64,7.2
007ee0b97eee46c090d9c875a9fc9a90,1,92,1,0,0.0,2,184.7,60,54.0,13.1,12.3
edacc515edee40bc8f955c43e22166f4,0,81,1,0,0.0,1,115.3,99,39.0,11.24,18.0
debb3b3108fe47318257c6687912d522,1,125,1,0,0.32,2,113.0,108,37.2,8.46,9.2
731dded0289b41f7a79725f68809022f,1,119,1,0,0.0,0,294.2,100,70.0,11.63,9.0
453c40e8eced4453991db4ba2c0d779e,0,122,1,0,0.0,3,215.6,86,51.0,8.39,6.4
5ae4fc8571b94414bf84e22bcf403c95,0,34,1,0,0.0,1,128.8,80,40.0,10.44,14.0
7394172de76f459899eeae256765d32a,1,138,0,1,2.89,3,211.2,117,91.9,15.63,10.7
69a5f2dc36da480da5764b5329078a94,0,90,1,1,3.48,1,71.2,82,62.8,9.08,12.9
6d282568eb254d52b2619bdcb05d8e02,0,73,1,0,0.22,2,94.9,121,40.2,12.66,14.2
56ffaca7d9aa4b749afb9489b0b8c9b6,1,19,1,0,0.0,1,259.4,116,68.0,13.49,9.5
efc50c0af5fb41d7a4b0a79bd24274d1,0,120,1,1,1.86,1,215.8,123,79.6,14.26,6.9
95a21a49cb7c4a53af32c6dda37239bc,0,160,1,0,0.0,3,97.5,113,40.0,13.41,13.2
89b63689ecc949fb95e8661961fe22a1,0,141,1,0,0.0,0,146.5,121,40.0,8.5,8.2
122395bb90f04fbc8dbd78e23c80205c,0,90,1,0,0.32,2,157.9,72,50.2,11.7,12.2
1370d387378f409fa571c74fa098334f,0,72,1,0,0.31,2,139.9,117,46.1,11.18,12.7
0efba150afdf47ab8040b9866de82a90,0,117,1,1,3.21,1,153.2,112,81.1,13.17,11.9
1c11335cb45240ef87ee9c58bd378ef4,0,79,0,0,0.31,2,103.5,134,48.1,15.97,8.4
c5ff922a7f984cbe857e88a4e43c382c,0,87,1,0,0.43,1,185.8,119,52.3,9.62,6.6
462ae49fc56647f2a039861151cbc77a,0,102,1,0,0.0,1,129.5,56,53.0,17.71,10.9
af850cc214644d9ca23a0c05cf09d72b,0,49,1,0,0.15,1,236.6,91,60.5,11.05,8.9
8332538ea95744408b0c8b89c95ab252,0,67,1,0,0.34,6,260.4,107,65.4,10.41,10.0
b2e7a3231e6648e891c22f3a70fc5ce4,0,107,1,0,0.0,2,167.3,100,43.0,8.2,6.7
d03ea655798a4337b456040c48e412b3,0,190,1,0,0.17,2,182.2,101,51.7,10.62,9.3
51ee79dce5a14492a7830d15aeedce4d,0,118,1,0,0.0,2,113.0,80,32.0,7.51,10.8
7b3fdffede7b4329937197a41715df79,0,120,1,0,0.21,0,185.7,133,54.1,11.76,16.9
fbc6ac36e9154893bf590f2b0b125155,0,94,1,0,0.0,0,136.2,114,38.0,8.26,9.6
c5d159495aba4da3b4c0ed8928635cc1,0,115,1,1,3.11,1,222.6,81,86.1,9.52,11.5
090ca1a09a0d4c41b590467fed570360,0,61,1,0,0.0,1,197.3,67,57.0,13.23,9.0
fbfe2e1b72c6432190038892da4f9ca7,0,143,1,1,2.08,1,141.4,130,60.8,9.32,7.7
50012c43f6ed4661896511af11ca5915,0,110,1,0,0.33,1,208.0,69,47.3,4.76,8.0
11b2c9ed609d40b5a0b7387c02720b72,0,104,1,0,0.24,1,118.5,92,38.4,8.89,12.1
bef70709fe9a483f912716d7e8404359,0,16,1,0,0.0,1,153.2,65,46.0,11.49,10.7
4dbfa725ab7440fa9e82a60fc71db1c0,0,183,1,0,0.0,0,108.3,87,35.0,9.18,13.5
0e9108abcd404bec97cac6d9bf0a45cc,0,147,1,0,0.25,2,168.6,92,47.5,9.39,14.4
00300628bfa34f3d8ac89095aa0feff6,1,58,1,0,0.0,2,247.2,116,68.0,15.19,9.3
be4f828e7b84478caad673178c6a3ece,0,102,0,0,0.0,3,224.2,81,59.0,12.17,12.0
7214f424e3464087b8e72fd3d5c1bdbb,0,123,1,0,0.0,3,166.9,98,48.0,11.09,12.8
9e90a3268801449e94d1c6a563cb8405,0,64,1,1,2.3,1,118.4,100,56.0,7.21,8.5
bbf61844dffc4dcaa060a05da03a69f4,0,103,1,0,0.0,2,190.9,62,52.0,11.33,7.8
97f5e45385d04631b513a0935f37182d,1,152,1,0,0.0,1,317.8,60,68.0,7.65,10.4
7f33af96d77d49239933fdc7ccd735c0,1,124,1,0,0.0,1,312.0,112,69.0,9.0,12.8
b7ddff0922b64f19b1f2860b343674a2,0,97,1,0,0.0,1,146.0,121,43.0,10.15,13.3
776bca5ca2c14f3fb65e1bc1f0609e5b,1,131,1,0,0.0,1,131.6,95,38.0,8.97,15.5
b3da4d28daf54bf38989750e90b7c163,0,57,1,1,3.0,2,193.4,105,83.0,11.58,11.1
e7f471fe472f480a9586775c5c64137b,0,157,1,0,0.0,2,185.1,92,50.0,10.65,8.5
ac834a491e1c4967a9468d9befedbe16,0,194,1,0,0.0,0,193.3,106,48.0,8.45,11.8
dcae2e28810745fe8d2fcc352e69cbe4,0,66,1,0,0.0,1,146.4,107,42.0,9.83,7.8
58469a61ee9a4339a2ea06286209062c,0,155,1,0,0.0,0,71.2,90,38.0,15.22,8.6
634a0b079e574923956a9d8c73d153a6,1,123,1,0,0.0,4,123.2,104,38.0,9.5,12.9
b6a5e60b25604c9c889c920167bb9190,0,116,1,0,0.35,2,205.0,90,50.5,7.05,7.5
b29069b0468d4c6ea0f356ee73a91f20,0,63,1,0,0.0,1,128.7,78,43.0,12.04,12.8
9c68c73f45704eea868e2358d1fb5dcf,0,64,1,0,0.0,3,216.9,78,55.0,10.55,11.4
3a12e650a48b46a2905c143f207c0d3b,0,96,1,0,0.0,3,150.0,122,45.0,10.93,9.8
4e893d265cd0428e85a788414ef814ae,0,53,1,0,0.0,1,164.1,106,46.0,10.3,11.4
cf5dbd9e8a9b4ec4bad2553f78baea82,0,105,1,0,0.17,3,212.0,113,57.7,11.33,8.9
9328fa8b943b43e5b86a0b8fce4f9d6f,0,53,1,1,3.24,2,167.3,99,77.4,9.74,12.0
c77cbbadff604d379f6033acb2a04525,0,101,1,0,0.0,1,154.4,130,45.0,10.86,13.9
3816890b03a64c1c9cc602f237a4b6fa,0,129,1,1,2.51,3,177.3,95,74.1,10.59,9.3
49d9f7b7c13f4b2a847b0e2a88dd05ef,1,122,1,0,0.0,1,231.2,141,63.0,13.39,8.8
08c26cdbe678413d990b26c211bf0355,0,163,1,0,0.0,5,202.9,100,50.0,8.93,12.8
a354dbb4afc641a3ace3a4d7a18f3f59,0,93,1,0,0.0,0,149.6,120,43.0,10.04,14.3
7f15187801af4fd0ab29214fe30ba8e4,1,115,0,0,0.0,1,345.3,81,76.0,10.17,11.8
ecf6ccc6d3314770915ab5cf9c4021e9,1,25,1,0,0.0,1,264.9,80,69.0,14.06,8.4
444c13f0b8ee43c4904aa36b7f822411,0,73,1,0,0.0,1,122.0,92,33.0,6.92,5.8
50ca7a8f94af4063ad28489ecb6113ad,0,120,1,0,0.0,2,177.2,88,54.0,13.52,14.0
2ca2ab2634c94d27a201987b8e8ff5be,0,196,1,0,0.36,1,133.1,80,44.6,10.33,10.3
62da672f99f34919b086e56179a70fd1,1,97,1,0,0.0,0,225.1,90,63.0,13.98,8.8
2be180b917094f4981c1d4b9ae79de66,0,148,1,0,0.0,1,208.4,120,51.0,8.72,11.2
1f7d8298c117449e8fdd6e9efdb50ca8,0,85,1,1,3.11,1,173.1,107,82.1,12.36,11.5
6e93207c149647a5b55562e6cfd6aa2c,1,86,0,0,0.0,2,162.4,131,42.0,8.35,11.4
4b25122cc2ce4e75a0f9d7c020151c2e,0,78,1,1,1.73,2,281.2,93,80.3,8.91,6.4
5dca08a500cd4c58b9a9825193a6f7eb,0,106,1,0,0.0,3,208.3,89,50.0,8.47,15.9
cc9d6504cf3645d4bf91c5962dbb33ab,0,147,1,1,3.81,2,243.4,126,103.1,13.69,14.1
e2a7020b1782402995e780362c86ec9f,1,145,1,0,0.0,1,224.2,89,65.0,15.75,16.1
9c1a9d2d78724e8abca8250239bfdaf2,0,91,1,0,0.0,3,189.3,100,53.0,11.97,9.9
83206fe82f7f41cc94b589c79325d3e0,0,81,1,1,1.81,4,168.3,124,70.1,13.55,6.7
74dd842ec35e4f52a0788a06c8d07ff1,0,116,1,1,2.89,1,232.9,90,81.9,7.61,10.7
c216b05fff52420ba23d4e802a014932,0,69,1,1,1.59,1,155.0,98,54.9,7.12,5.9
6f81f36f0f714688911c1d0503604dc0,0,135,1,0,0.0,0,154.4,130,44.0,10.19,11.8
922850344b5247f2a8f34bba821d8723,0,73,1,0,0.0,2,234.7,102,57.0,9.79,8.4
55f2d468c0af465e864bbb87e4a5b63d,0,48,1,0,0.0,1,240.0,88,53.0,7.05,7.1
ed2aa74df3704b7fa7401d285c22f031,1,125,0,0,0.3,0,298.4,78,77.0,13.53,12.2
53f6e595bbf440fbb5ee5ea38d4531a5,0,100,1,0,0.0,1,166.0,102,49.0,11.81,10.9
068ad5f5e92c4eccbf3c3def574c89a7,0,165,1,1,4.32,0,111.6,140,81.2,10.67,16.0
b59c1a343d134c7db522cdbc82e3c633,0,64,1,0,0.0,2,174.5,98,45.0,9.01,10.7
8d66f1c408e345f9a69845899a1e1871,0,116,0,1,1.86,1,175.5,137,66.6,10.53,6.9
9f318ef5975143b99a25f8961ecb0e62,1,147,0,1,3.0,3,157.5,109,73.0,9.48,11.1
2a113f0534db49159b379cb6a1242ff8,0,115,1,0,0.0,1,206.2,113,51.0,8.82,11.0
19dcfb8cd4fb4a5a9b51b4a0a19c4ad0,0,84,1,1,2.03,4,207.5,138,73.3,10.05,7.5
b26e17aa60cf4226a0668ea0ab083c9f,0,86,1,1,3.13,4,144.8,105,74.3,10.31,11.6
b3c977fac791451fa12ed6cdacfecf29,0,134,1,0,0.0,2,258.8,85,56.0,6.48,10.9
421ad1fae3e84abf8c35fb5008cccb8f,1,105,1,0,0.0,0,226.9,106,55.0,9.11,11.6
17987c8a92de4ef58a36e417b71d6699,0,88,1,0,0.0,2,152.9,119,41.0,8.56,12.0
6e82634e21904a3e8bcf72d778540431,0,90,1,1,3.4,2,156.7,51,81.0,11.83,12.6
88a32c413b4347d3be1525a8e4ccc393,0,86,1,0,0.0,1,150.8,85,51.0,14.8,12.5
1150536f36ae4d91925324cfa4fb4bde,0,37,1,0,0.3,4,221.0,126,58.0,10.23,6.8
c0a4187869a341379169c07cdb79f747,1,141,1,1,1.81,1,322.4,92,97.1,14.16,6.7
b1b0a7a11f144eec9deb76bb6916597b,0,148,1,0,0.0,2,153.6,148,49.0,13.11,9.8
46903fc5fab641dea64a7e5965de5292,0,163,1,1,3.35,2,215.1,91,82.5,6.95,12.4
76b22c9385f141ada44665ef37b9c0d3,0,89,1,1,3.19,1,174.4,108,78.9,9.84,11.8
c91152f8229449f0aa7ad65ce29cdbff,0,63,1,0,0.19,0,180.5,126,52.9,11.5,10.6
213fc359be714856a35232b9c8fa537c,0,102,1,0,0.0,2,123.1,106,37.0,9.1,12.6
eeec4a8d762c447a8fadbde49e0f1da2,0,76,1,0,0.21,1,165.7,94,53.1,12.87,10.0
916df570891249c4944820d65d36ad98,0,104,1,0,0.0,2,200.2,92,45.0,5.94,6.0
e9f0a24c43d340e1b867f5e17cd80174,0,109,1,0,0.0,3,154.8,82,51.0,14.39,5.9
614572e9c0e64f3ab4ac547f32d6897f,0,105,1,0,0.28,2,125.4,116,46.8,13.08,11.4
741a074aa3ed4a92be793588a9dd24ae,0,63,1,1,3.29,1,184.2,111,90.9,15.63,12.2
18786a1fb4354eaca4e80cfe26d77280,0,105,1,1,2.92,3,274.7,99,93.2,9.68,10.8
f7dd0571e96f41dcbedc8fbcbc0d5eb7,0,68,0,1,3.05,1,142.0,140,75.5,12.08,11.3
c29f00c5e1a845f4bffc77d8f571b876,0,63,0,1,2.7,1,151.5,99,66.0,7.39,10.0
00150f98c4bc410da7c2aaf00630c62e,0,74,1,0,0.0,3,124.8,114,33.0,6.65,10.6
cd230dcc15374e429e60732f1ba39c7e,0,76,1,0,0.35,0,179.2,85,53.5,11.15,12.4
21a8b1f26db94fd28290601f63a2fa26,1,91,0,0,0.0,2,246.4,110,58.0,9.1,12.1
75e71515693b44d6bf4374e11b841f7e,0,101,1,0,0.0,5,232.7,114,56.0,9.32,11.5
2ea859ab852845d88a7b9e0497b95044,1,116,1,0,0.0,0,288.0,120,71.0,12.79,13.4
5ae9bfabc04941eeaa4a3f67e2cfcdf5,0,131,1,1,3.43,1,170.8,145,84.3,11.84,12.7
2a05344c1d674a6f97e9c4a0ae776c5b,0,84,1,0,0.0,1,216.1,114,54.0,9.88,9.8
9bb384b06d1a42feb960d9ed9262b05f,0,104,1,0,0.0,2,138.7,100,42.0,10.77,4.9
5ee6cf4ed10b48118909f13316c9a25a,0,108,1,0,0.21,3,210.7,112,59.1,11.94,9.2
f38f7da72eb74302a8f5653c34c93f67,0,111,1,0,0.33,0,181.8,117,48.3,7.91,9.7
36a439332e28462b85392db7fc2f2092,0,155,1,1,3.35,1,61.6,103,66.5,12.76,12.4
f3a0cbddae09420cb439b70b2bc7fb48,0,66,1,0,0.0,1,207.7,85,53.0,9.84,6.8
bffeb488e26645acad148ddfc3d50dfb,0,64,1,0,0.4,1,219.2,73,56.0,8.35,10.0
6a61143a3a024cc287e53ab8d544e413,0,69,1,0,0.3,2,227.0,122,64.0,12.94,8.9
f1b3c0b47a7e41cb80694ad17f1098d3,0,116,1,0,0.0,3,245.9,73,63.0,12.01,8.9
49ac117c757042808a02e01bbc0f9902,0,101,1,0,0.0,0,257.3,84,60.0,9.24,13.5
644842d39ca14705acc993018f424201,0,15,1,0,0.0,2,121.1,130,39.0,10.8,16.1
d5b2f597de0b48628c69f7e5e8f9507b,1,88,1,0,0.39,4,301.5,136,77.9,12.89,13.4
285c518082e04cdeb3180830c41e1d10,0,197,1,0,0.0,0,233.9,96,59.0,10.95,9.5
42366fa112ca4e8a8e4ed4d035a15d44,1,50,0,0,0.34,2,99.6,108,47.4,15.44,13.7
1c8be4de953141f8bef6cfe3a4a852d0,0,172,1,0,0.0,2,169.8,123,45.0,9.16,12.7
7384ac14bdb940b2988ab71e74bf8a04,1,188,0,1,3.89,1,198.8,115,86.9,8.33,14.4
43e8cfd778ff400da608792d68755c34,0,85,0,0,0.0,3,116.2,86,40.0,11.49,10.1
e769306913dc41faaf21421014d98e0e,1,103,0,0,0.0,1,255.9,128,56.0,7.05,12.1
91bb741bb13641d4a565467ac8ed7e5a,0,136,1,1,2.7,3,187.7,84,78.0,11.05,10.0
63a71c57d30448d382d754bd0374df66,0,155,1,1,2.32,0,195.9,91,75.2,10.7,8.6
befbe90efc88405b87697ba0f15e7bcd,0,145,1,0,0.0,2,129.4,97,38.0,9.27,1.1
7b7b49e7022e4bffb1906ec3396c02d2,0,116,1,1,2.43,2,221.0,108,75.3,7.55,9.0
c02724b42ce04bba857dfd5cff0ca3c5,0,152,1,0,0.0,2,140.5,92,40.0,9.34,9.5
274fed17dbc44d31889ec501de1c5875,1,65,0,0,0.31,0,277.9,123,64.1,7.79,9.2
2a590334d95948afb249d5a658abbaae,1,180,1,0,0.0,3,224.9,105,60.0,12.5,6.7
f29b819c8af646c2980891c213e45a48,0,67,1,0,0.0,0,109.1,117,38.0,10.87,12.8
34f44d119d1148f1bb33e29c55dcb716,0,60,1,0,0.0,0,207.8,109,46.0,6.18,5.7
0e944bffd0cf496cbaabd13195c4a39c,0,138,1,0,0.0,0,205.9,96,57.0,12.86,12.1
30c8cdf4861c48c896871a86fc5e3348,1,44,1,0,0.34,4,308.6,139,69.4,7.54,7.3
5dec898cb52e4710a367bb67f679d0a7,0,25,1,0,0.33,2,242.6,69,63.3,10.45,14.4
f540c4726bfc42078ff9032ecae658b8,0,145,1,0,0.0,1,229.6,82,51.0,6.91,3.3
411a3be2e2034b81b999fbf0909498da,0,122,1,1,2.08,2,166.0,62,69.8,11.7,7.7
98d57cf8cda94dedbe1f18a3156f019c,1,121,1,0,0.21,0,144.8,126,44.1,10.03,13.3
75bc1f7241214c3dab06a7a6fbdef489,0,55,0,0,0.0,0,106.1,77,29.0,6.18,12.9
d8463837af444edcb14493ea12e2135e,0,77,1,0,0.0,1,221.8,84,52.0,8.3,13.2
76f9d24a62724c7bb81bb745ad1a4462,0,12,1,0,0.0,2,204.6,98,53.0,10.63,9.8
51675b510ff44dc2b93a6c777f813e5b,0,64,1,0,0.31,3,213.5,93,54.1,8.33,14.1
35f938376635476490b72c8c5c5e8183,0,92,1,1,2.7,2,152.0,95,77.0,13.75,10.0
519d5e76c82c46b58ac3ecf230d2293a,1,125,0,1,4.59,1,260.8,81,104.9,8.19,17.0
ca8e966aedbd40d4be7314b91d1f52cf,0,160,1,0,0.0,1,166.4,117,56.0,15.85,10.0
3377f200192547c182d0aac22020cdc0,0,79,1,0,0.0,0,177.9,83,45.0,8.37,15.2
a1705f978b99411598c0858622226b46,0,36,1,0,0.0,3,235.1,97,57.0,9.84,7.0
1eb59d0782eb44c3be27fca949da7ff3,0,102,1,0,0.0,2,186.8,92,47.0,8.69,9.7
33ba13a2fb074b4192395061f53b749b,0,138,0,0,0.0,1,268.4,81,61.0,8.72,11.6
ff4d55c8b84944948fc899658e329392,0,164,1,0,0.0,3,192.1,95,54.0,12.49,7.3
8f83e1a36e40494082b815f8b1c34c8e,1,125,1,0,0.0,0,240.7,82,64.0,13.47,10.1
98f56dfb45f54c13a1ee7e805180cf20,0,72,1,0,0.28,2,179.9,113,46.8,7.49,9.8
ef96d89e51d14e23a6472665780b7e0e,1,74,1,0,0.0,3,314.1,86,73.0,11.12,12.3
294af1196719448ab825809c98a17e8a,0,134,1,1,3.21,0,162.0,82,88.1,16.24,11.9
13372bdaab7046e6a17343f0b5ed27ea,0,145,1,0,0.0,1,175.8,89,54.0,13.72,12.4
42529309d2614af499f7b696819135e7,0,136,1,0,0.0,0,109.4,91,37.0,10.38,11.6
2c24282a499d48129e42c06321bfec35,1,209,1,0,0.0,3,255.1,124,63.0,11.53,8.5
f724d02562ab413c91c8ee33b69d3520,0,66,0,0,0.28,3,208.7,84,53.8,8.67,8.3
f0dd647f061840dca95993bffd940df1,0,152,1,1,2.13,1,214.6,108,66.3,4.83,7.9
528c4418a7e243cb870806ba37d4c19f,0,162,1,0,0.0,1,49.2,121,21.0,7.2,12.1
8f3a6f6724d746e89d34e40873817a0a,0,72,1,0,0.2,2,141.3,133,38.0,6.75,11.2
8be9c03b43464ec38166894218e80c71,0,101,1,0,0.37,4,253.2,89,67.7,11.9,9.7
8cebfbaaa0614a57b0f90cc40b6d7dec,0,125,1,0,0.0,0,206.0,128,52.0,9.91,13.2
0634fcd74bdd4dffa954c976bfbbb730,0,46,1,0,0.0,2,40.4,105,22.0,8.62,9.0
0e26ca8a01474365b73875ab9fb694b5,1,132,1,0,0.0,1,291.2,104,70.0,11.71,8.9
6e84669db2d84568b985a1cfb9578882,0,193,1,1,3.16,0,71.2,58,54.6,6.24,11.7
a3c3b7564fdc4beaa622c450250d263b,1,63,1,0,0.0,0,261.8,69,66.0,12.25,14.7
16f5d41a5e194b9b9d36df2c631fac8d,0,124,1,0,0.0,1,191.3,134,55.0,13.08,10.0
b5af43260ee846c281fc53a9b2d5f4c9,0,144,1,0,0.0,0,133.3,101,45.0,12.78,11.6
2db85b3b163e40b38e56d2e82bf75016,0,116,1,1,1.62,2,183.6,138,65.2,10.19,6.0
5be2755626d24f28ae10be133e450601,0,189,1,1,4.16,1,155.2,116,84.6,9.78,15.4
f476fd3c3a3f42fb8dabaf5f210a5343,0,97,1,1,1.65,1,283.1,93,80.5,9.27,6.1
f28beefb06fa4339917cfe355ff16888,0,137,1,1,3.27,2,186.5,94,79.7,8.9,12.1
b8534e61d14748e0b9ee60c2f9700220,0,142,1,1,1.16,0,163.3,104,51.6,6.8,4.3
db06c27f6d9249649d30b64c5990a88c,0,84,1,0,0.0,1,203.4,125,51.0,9.15,13.8
a4edc2561e144bbfa524fac80b1011dc,0,119,1,1,2.7,1,178.1,110,76.0,10.64,10.0
a5ca0cb5625c41ad8eeae18638c4ac96,0,158,1,0,0.0,1,195.9,103,41.0,4.46,10.3
a66c811e3177403f9dfbf5603148c596,0,50,1,0,0.29,1,295.3,127,64.9,6.37,9.6
79abca54f63e4c4db90ec55b39f8c5c4,0,98,1,0,0.39,2,136.1,82,40.9,7.82,10.1
34d086d5663f480b965bf415ca22822d,0,101,1,1,3.51,2,114.1,95,69.1,8.08,13.0
13eedeeda4f640e3a7747a51be82b5cd,1,182,1,0,0.0,2,279.1,124,63.0,9.03,9.5
0b499053af8d4bfa8fc52ecb75636236,0,51,1,0,0.0,0,169.3,111,41.0,6.98,12.0
e447033b2f80421fa082504a5b84439f,0,117,1,0,0.26,2,214.4,94,51.6,6.9,9.9
3f9e3a0424534028a169e85c65da59db,0,92,0,0,0.0,0,255.8,125,56.0,7.14,11.7
0cd81581fcb249e28125c5dba1d11591,0,86,1,0,0.3,2,148.2,71,53.0,14.26,6.2
a31e8d04b2ea4b90925dc4b64100f32c,0,122,1,0,0.0,2,119.3,93,40.0,11.2,8.7
d4af59e0f36847cbb712966e80ccbce6,0,156,1,1,4.0,1,192.3,137,90.0,10.0,14.8
b2070b1832af499db593f927cd782893,1,127,1,0,0.0,0,245.2,91,61.0,10.86,13.9
e6b322733d8e489283911959fcee7fec,1,130,0,0,0.0,5,216.2,106,68.0,18.19,16.9
05fd2b2e958948b1949eeddf5405372f,0,158,1,0,0.0,2,172.4,114,52.0,12.83,0.0
118ef66944b94e9381f0f5eaf35fd6ab,0,145,0,1,3.0,1,175.3,107,73.0,7.67,11.1
d9cd4fd8494d4d90a134939c53d7506f,1,90,0,1,3.59,0,169.0,104,80.9,9.44,13.3
ec0894d9407f40fc85183570c10b6655,0,127,1,1,2.48,3,2.6,113,47.8,12.7,9.2
eb7b3eab12a545abaa831245432f3c10,0,109,1,0,0.0,1,184.1,143,50.0,10.59,9.9
8631c1824eb249ef881cd93f9241981b,0,88,1,0,0.27,1,181.9,90,46.7,7.58,7.5
1684df2680db420c8604648a952522f9,0,101,1,1,2.92,0,160.1,116,75.2,10.5,10.8
ad70bd2abc2543e6933c79d64ff3573d,0,171,1,0,0.25,0,189.8,122,50.5,8.69,10.3
f66be1b3987d44cf8d5aaca5bf2a894e,0,21,1,0,0.0,1,223.2,142,57.0,10.83,12.4
62268c9ca2674b5e912521c3a0b4b11b,0,145,1,1,2.89,2,216.0,94,84.9,11.26,10.7
94e30f85b0b44630aec9772e4b71816c,0,90,1,0,0.28,2,198.5,124,59.8,13.33,8.0
b70937583549495fbae643f9ee004129,0,33,1,0,0.21,1,159.5,115,46.1,9.77,7.1
630ef65e21084c9aa86e1d21d6c4b367,1,61,1,1,2.75,2,105.0,78,61.5,9.03,10.2
7ec8e973a9b34050a81a1c491ab199fb,0,107,1,0,0.32,3,204.5,108,52.2,8.12,13.4
5146ff6cb9554a3591cb7fd8e3fdf54c,1,147,1,0,0.0,0,274.0,92,67.0,11.59,6.2
92ba73c7f88e420981fede5c784120df,0,117,1,0,0.0,2,158.7,84,43.0,9.09,7.7
1a4c231987a04b378bd0d8ec945024ca,0,95,1,0,0.0,1,229.9,116,57.0,10.12,14.2
e418b29b38b148ce8e0f55998be907a5,0,186,1,0,0.0,1,137.8,97,40.0,9.39,8.7
1b78eba554964499bf5fa87230ef2bfb,0,128,1,0,0.0,0,179.4,94,54.0,13.52,7.9
e66a9304670e43b892da7d8e486b56f3,0,55,1,1,2.19,3,139.3,101,60.9,8.92,8.1
fd4eb18dc3364051b92626289b4909b0,0,134,1,0,0.0,2,7.8,86,16.0,8.57,12.9
c291325a2675406b8014da9283155ae7,0,96,1,1,3.05,1,183.1,88,74.5,7.37,11.3
1dbccb2966b5479a933d55fa6fc830a4,0,107,1,0,0.35,0,206.9,79,61.5,13.12,10.7
c1578af280574b2782226ddf64a6d242,0,123,1,0,0.0,2,140.0,106,37.0,7.69,12.5
15c7ebf3913d41eca822c656c0111817,0,35,1,0,0.0,2,179.2,59,55.0,14.17,5.8
7fdefadcb5a448578957286a1d78b634,0,74,1,0,0.0,0,177.4,136,51.0,12.02,12.0
18964f21b22f4a06a8ffd5b3847220cd,0,130,1,0,0.23,1,115.6,129,36.3,8.39,12.6
e4d042fe53f84d778b5d2a28977f1825,1,137,0,0,0.0,0,237.3,103,56.0,8.84,14.2
58c3295913e54789a6d6ff696f8e62ba,0,88,1,0,0.31,1,181.5,116,50.1,9.35,10.5
8db15866de7c4c1d8dcb294baa59b3b4,0,80,1,0,0.0,3,51.5,90,23.0,8.2,9.5
8ebb55f9d847422bbe2e2647380b50e2,0,116,1,1,2.21,3,155.7,104,65.1,9.27,8.2
6fedc3f15bb741d1a6613f376a8ba173,0,123,1,1,4.02,2,245.0,88,105.2,13.25,14.9
36fab87d090742d78d7d3841332498e2,0,120,1,0,0.0,1,131.7,99,37.0,8.16,10.7
3135865766a748f6b3bb186d74484288,0,146,0,0,0.0,1,111.1,126,46.0,15.67,10.5
40566e44ebe6400b8e3fe45690e9922e,0,106,1,1,2.21,3,88.5,100,65.1,16.24,8.2
901c3eb789e9446bbe525cdfd52952ce,0,121,1,1,3.24,1,116.0,85,65.4,7.51,12.0
f1169a9caa9149c7b96a8035d86ad096,0,137,1,0,0.23,1,155.5,81,40.3,6.66,9.1
dd673e24c9db4224b4ef7899313902ab,0,84,1,1,1.54,2,106.5,65,53.4,11.29,5.7
3634cb14a5b64af1a1e2b0d791b6c355,0,67,1,1,3.56,1,175.2,68,82.6,9.96,13.2
3e064740bce54725a459f1c7aef1a8d4,1,161,1,0,0.0,4,154.7,84,42.0,8.89,5.9
890c9a6d807b48a2aa3a5ee8bcd45f7e,1,134,1,1,1.65,2,247.2,105,78.5,11.28,6.1
3eda2be17cea44eaab1d4c88d3b095fb,1,62,0,1,3.56,0,218.4,93,93.6,11.84,13.2
a7e53d01dcba4ffca44e1311d570b64c,0,120,1,1,2.43,1,227.5,81,83.3,11.75,9.0
a574b56c021444da80118ef074acb46a,0,130,1,1,2.0,0,185.0,117,73.0,12.48,7.4
1ec3944e101847768a9e188ba181898e,0,20,1,0,0.0,2,186.8,89,54.0,12.67,12.3
4263b8ebfead44d5ac429a07261ca777,0,68,1,0,0.0,1,158.8,119,45.0,10.59,10.3
3f390b409b714e4db5a24378c92c3cdb,0,112,1,0,0.0,0,208.7,150,54.0,10.64,8.5
f325ddaaaa0c4fccbab7f66a768e5679,0,77,1,0,0.0,3,185.9,95,50.0,10.6,11.3
fa5dad6e5ab74287884c10936b70383e,0,109,1,0,0.0,2,222.5,74,53.0,8.49,9.0
fdfcf5a3b121422299a0c2ef59d865a6,0,108,1,0,0.0,3,201.1,101,49.0,8.54,11.6
d0ea3aa14d9a4625bfd76c72a0478542,0,79,1,1,2.46,1,167.9,114,74.6,12.19,9.1
56a3dcacdc4c453cb167cfc41a39ddc9,1,119,1,0,0.21,3,239.1,88,64.1,12.18,10.9
ab90b3dc8be14d6e8ae89514ac8bfef6,1,38,1,0,0.42,5,175.7,109,52.2,10.59,9.2
eac4d46f449f402c8653017ec0e55cb5,1,109,1,1,2.43,6,111.2,90,66.3,13.18,9.0
7db9c619320f475281a19f1165847ae1,0,78,1,0,0.0,1,87.7,74,34.0,10.74,10.8
54831581394d40b594e0a7ad5a1bc032,0,134,1,0,0.0,0,244.1,99,63.0,12.35,7.2
332ec447552a45a3835d63863f24343d,0,47,1,1,2.08,2,165.0,89,59.8,6.37,7.7
25ffaced24d44659952b02a681e4ac1c,0,59,1,1,2.46,0,127.4,110,55.6,5.17,9.1
f73056c36e1e4248af7d50ed6d5a56ac,0,151,1,0,0.0,0,194.8,106,58.0,14.64,5.5
33542e505b40462497ae884a3c0d8a98,0,129,1,0,0.0,1,54.7,131,32.0,12.81,11.1
3b9aea1c3142428daaa295dd18326fa0,0,107,1,1,3.89,2,283.4,104,106.9,11.21,14.4
22ef8e96c7d74f2c8cc06abf2089b443,1,137,0,0,0.21,0,258.0,112,67.1,12.33,10.9
613b7371872a46e68134c4f39167cd87,0,76,1,0,0.38,1,90.5,142,37.8,10.59,9.3
efffb462325d4ea8aa446c54074d413b,0,24,1,0,0.0,0,235.6,132,50.0,5.8,16.2
e10d5b4c0ad84ffda7ef4c298ae705dc,0,169,1,0,0.0,2,142.5,82,44.0,11.57,10.0
fd20e3768ee347a395bdba45041f21a1,0,30,1,0,0.0,1,54.0,68,25.0,8.97,10.2
ff5da76ea16a4d74aa591add4e996460,0,70,1,0,0.0,3,214.8,87,48.0,6.55,9.4
43d7282c200943f4897163d12ad25893,1,52,0,0,0.0,0,251.4,118,60.0,9.83,11.0
3b986c50a92343d78ef5ebdfe07c46b0,0,3,1,0,0.0,4,139.0,99,45.0,12.54,6.1
84584f956dcd4dff91bc79754b6d1a71,0,38,1,0,0.0,2,117.3,114,38.0,10.44,14.4
0d0fc80938294356b7b9bcef11f39f32,0,104,1,0,0.0,3,264.0,108,57.0,6.61,10.6
144a3c8bb18948ca8e66a27cc7486911,0,27,1,0,0.0,1,82.6,105,32.0,10.2,9.1
1ea8ae81833a4a199a1c40f8e8225723,0,166,0,1,3.08,1,175.8,126,82.8,12.68,11.4
953cf1445d7245b7ad98751c8c883113,0,13,1,0,0.0,2,220.4,100,56.0,10.56,13.6
ddcb8f6d8b714e6086d41ed0df1b1521,0,52,1,0,0.0,2,217.0,104,50.0,7.62,11.8
bd01484756434e0d93573895a3b56e65,0,114,1,1,3.13,1,129.0,77,78.3,14.5,11.6
773e9dd155af4114ba64e09ab7449b40,0,156,1,0,0.42,1,150.5,106,43.2,7.65,3.5
3697710c61c54f2683d4cca0d69fbed5,0,90,1,1,3.0,0,193.3,66,86.0,13.17,11.1
ab30860369774a639e02f0d2dea3af7a,0,62,1,0,0.0,2,189.5,122,42.0,5.19,10.8
db96f5f659c648b19ae0ed1300887d96,0,82,1,1,2.97,2,137.8,95,73.7,11.78,11.0
8b7dbabc0ff240d9a12086b6f8d9e61f,0,52,1,0,0.0,3,129.3,80,35.0,7.14,12.3
9f54ec59777540d082c748cee9c33258,0,146,1,0,0.0,1,115.6,77,38.0,10.68,10.7
2df9b2784f16431e8eab3d354ec5d456,0,120,1,1,1.94,2,221.9,114,79.4,12.74,7.2
32140a1dd39f4aeeb138a8acfbce11c9,1,130,1,0,0.0,1,263.7,113,61.0,9.33,18.3
c7848322a2994725833f2f4ef2332ed6,0,90,1,0,0.24,1,61.3,91,29.4,9.72,11.4
04bfeb195b834282aa2431048ac16b14,0,147,0,0,0.0,1,183.8,113,46.0,8.24,10.1
f66aec26814548f49b29480f2f76d00b,1,159,1,0,0.0,0,167.4,68,41.0,7.19,10.3
0e1eb81a27434819b070461a51ea8ec7,0,74,1,1,3.56,4,154.1,122,78.6,9.77,13.2
87b1e74ca62e4412a1b70d29bf88b85d,0,130,1,0,0.32,0,252.0,101,61.2,8.51,5.7
d2793f2e44e84905bd525faca7ff1d42,0,155,0,0,0.0,0,163.1,94,53.0,14.59,11.2
2f0ea160c74448149864a62d59c6b269,0,87,1,0,0.0,2,198.3,80,50.0,9.35,16.6
f3d34736b53540728357acbcaee520fb,1,81,1,0,0.0,0,324.7,48,76.0,11.82,13.1
4376b141501d43f3944d1e2ae6c3ea01,0,99,1,0,0.0,2,128.3,78,41.0,10.77,14.3
372b17c38c6d4f4aa51f907cfa918855,0,131,1,0,0.0,2,187.9,110,49.0,10.03,10.2
e5360f8bde8340ceaaea5b429a3a5af6,1,89,1,0,0.0,5,129.2,71,41.0,10.71,10.3
7dbb5c91b02b442b94508d66322b289b,1,123,0,0,0.0,4,125.5,106,33.0,6.45,6.3
ca1b4ed609f04d51a165e299a432ba54,0,130,1,1,3.4,1,257.2,108,97.0,11.22,12.6
e7f39eee02a2466fa0aab927c7930317,0,99,1,0,0.0,1,124.6,90,34.0,7.32,10.5
5631d238d0434996bcf87e7de989dd28,0,36,1,0,0.0,1,175.1,144,49.0,10.85,9.9
f6cef99c674341f28d2a88bfb43bedf7,0,87,1,0,0.0,3,124.3,91,36.0,8.67,7.5
292a6c9064934f18b7de07d147fdc75d,0,139,1,0,0.0,2,271.6,130,60.0,7.8,11.6
120123914d9e4997929031598c49c63e,0,189,1,0,0.0,1,219.9,80,50.0,7.17,11.7
6a7fbc303a414cf399ff50b022170009,0,96,1,1,2.81,3,183.3,115,77.1,10.07,10.4
bb9e9dfc91424421a6aaa081ecfbb1e1,0,112,1,0,0.0,2,101.1,119,36.0,10.72,10.3
d255f0fb66ad4080a1377baaeba9b5e4,0,75,1,0,0.0,1,203.3,70,55.0,11.45,14.3
6625385990394a2595a22ac8ac61e9ac,0,178,1,1,2.84,2,175.4,88,74.4,9.5,10.5
e8266d26f22b47dc810e67f8cf3b7ef7,1,112,1,0,0.28,2,266.0,97,66.8,10.73,14.2
2cda72e884974cb8939dde5acbbc7aa5,0,108,1,1,2.92,0,171.6,110,70.2,6.81,10.8
9f61c988cd084ac6844f8026e4ed7859,0,100,1,0,0.0,0,78.7,98,33.0,11.28,14.0
b62b61ce1a2d4cd089fd9874c6e8cdd1,0,121,1,1,2.54,0,211.9,110,80.4,10.76,9.4
91057196d4e9484281de1523b0273042,0,116,1,0,0.16,1,63.7,101,29.6,9.79,10.0
22a55de188404a4c896213d33285da8d,0,161,1,0,0.0,1,173.4,100,48.0,10.69,11.5
5772415a3c124d84896e18cda85678d9,0,19,0,0,0.0,0,237.7,98,59.0,10.36,4.5
38f55d46ddb64a679751c5fcfd001c44,0,104,1,0,0.0,1,225.9,123,53.0,8.14,10.1
8695d885fbc04f5eaabae26fb9875ec7,0,119,0,1,3.29,0,173.0,101,80.9,10.47,12.2
0308f73389e54fb2848547eaf81c18e6,0,125,1,0,0.0,0,224.9,102,51.0,7.19,8.0
ff65a5375d124f019919021c6c6f1896,0,156,1,0,0.0,1,237.7,122,56.0,9.08,7.7
fc0c9897b64f4850826a26288f1a3366,0,109,1,0,0.0,2,137.0,128,42.0,10.85,10.0
a5fd6c1965e84404946bbdfa10fa49bf,0,95,1,0,0.0,2,142.5,109,40.0,8.81,8.2
2937bfdc729944809413f6a6ca65343e,0,90,1,0,0.0,1,142.4,126,35.0,6.31,4.6
dc2242179fe041e7b62eadfef31eb234,0,105,1,1,2.35,2,147.0,112,65.5,9.87,8.7
924bbdbc6b2c4c2bbe4640a26ad54621,0,101,1,0,0.0,1,220.3,124,54.0,9.43,10.6
1331e4c028c94374aa0d0fa0777a254a,0,95,1,0,0.0,1,149.2,96,48.0,13.04,8.1
e3f786b60b294fe8bed143f0ab6a12bd,0,123,1,0,0.24,0,204.4,88,49.4,6.88,10.0
7f22f4a5f7bb45619d8d0b031e4dea97,0,160,1,0,0.17,1,216.8,77,56.7,10.37,5.6
b2a8e6666cd64c5a85889ca8b0693ca9,0,141,1,1,2.0,1,308.0,123,94.0,12.39,7.4
6b571b138da840c2a1b32c86b0541b5c,0,87,1,0,0.0,0,58.0,125,16.0,3.38,11.5
a2d34eac8b28478795dea15d9684c9ae,0,81,1,0,0.0,2,173.2,80,50.0,11.81,11.8
c07e6ee904684a45a53f5d6cf7dfb73a,0,75,1,1,3.54,4,210.3,90,92.4,12.09,13.1
73eb4d92bc6d4e68bc0bbf0d1eaab9ca,0,126,1,1,3.27,0,58.9,125,68.7,15.28,12.1
448714aa4dab4b7797fb56c10e6dba87,0,28,1,0,0.0,3,236.8,102,55.0,8.36,9.7
5ff292d69a4c410eb81df0f3a9b8637f,0,153,1,0,0.33,0,228.9,102,56.3,8.04,12.5
ad8e889182c544a8b3eae4fd704dac91,1,97,1,1,2.32,2,90.0,87,62.2,13.82,8.6
9a78d03b59864fcca02369a5653ffa37,0,115,1,0,0.0,2,146.7,128,34.0,5.31,11.1
26a08b2735554f3fa70a20c633f92b14,0,95,1,0,0.0,1,237.3,83,54.0,7.7,11.2
3fab45c476a642c6b3a34f640f0cd2c7,1,17,0,0,0.36,0,162.8,118,51.6,11.48,13.6
8de57680800c46ce8ed98f18532c37c4,0,105,1,1,2.4,1,186.9,114,78.0,12.82,8.9
621955803c9849779b2c1c11ff5885d7,0,121,1,0,0.0,2,86.1,100,37.0,12.99,9.1
b7e6ebeca3504e56a1c2796543d17649,0,125,1,0,0.0,2,212.3,89,55.0,10.77,11.3
21fa8dc1762147c2a87fba0af644c178,0,124,1,0,0.0,2,151.0,98,36.0,6.03,9.2
f26d42c054db48adbbb008d2768c21da,0,35,1,0,0.0,2,158.6,67,39.0,6.52,6.9
efca0b1357814ab3b8ae40df2958db00,1,134,1,0,0.0,0,296.0,93,70.0,11.32,12.3
5b54db8f2f844f01a04f13064f2d9668,0,123,1,1,1.78,3,212.3,77,75.8,12.58,6.6
4e6e0171271844bf9b70cd9901c8372c,0,124,1,0,0.0,3,234.4,61,56.0,8.97,10.4
80ac35ecf2cb4301b4c687c5b756a42e,0,133,1,0,0.0,2,176.8,92,46.0,9.38,6.5
1e49f37c8bd940b6aa9ed483fa02f992,0,185,1,1,2.59,0,157.3,123,74.9,12.89,9.6
f65232cc07ad48b6a4ec71337b9e0701,0,1,1,1,2.7,1,146.6,68,67.0,8.64,10.0
e384406ec9d54879a2b1b7f596e2fec4,0,107,1,0,0.0,1,260.5,108,53.0,5.12,9.8
a64d364bb9f943de8a45a582d57a2581,0,91,1,1,1.67,1,146.1,98,65.7,13.87,6.2
2b1c80d25df44443a732623d80eda9ce,1,178,0,0,0.0,2,124.5,134,34.0,7.06,11.4
c1b91d463c614c85a5e67f9ddf58a6c3,0,123,1,0,0.2,1,209.4,49,58.0,11.87,9.8
acfab7d75519401da28e1eaad9710841,1,170,1,0,0.0,1,285.7,44,63.0,8.38,8.7
7eed5649e5fb457db766a02ae7e72c5c,0,135,1,0,0.0,1,190.9,44,47.0,8.07,8.4
8fd57ed1b5bb41aea34bf9462cd60693,0,85,1,0,0.0,1,144.4,88,48.0,13.23,9.9
5c736cdfc82643dda75a1adf5a8205dd,0,134,1,1,3.0,2,208.8,130,77.0,6.65,11.1
ace903196c334b06ba592e70d92065e5,0,148,1,1,2.94,1,77.6,141,60.4,10.35,10.9
e2318518b18649c4ac571fc4b62e3f1d,1,93,1,0,0.24,1,271.1,101,69.4,11.87,8.4
a99c459ad3f04f35bdbb4271ac99f3cc,0,138,1,0,0.0,0,240.8,104,54.0,7.23,11.6
e753c3df8e104957929b12ee752b2b84,0,159,1,0,0.0,0,114.8,98,36.0,9.63,12.2
42fc62bed57041e1ada12f29dd14f2b3,0,103,1,1,3.19,1,138.8,80,67.9,7.1,11.8
b18d1e689647446ba1a9aec321f415fb,0,150,1,1,1.94,0,209.8,112,68.4,7.75,7.2
106b069c44e94a79903e5df830b26016,0,37,1,0,0.32,3,134.9,98,48.2,12.42,14.7
089042ab20224801ba426ab290a3575a,0,33,0,0,0.0,0,164.0,99,41.0,7.66,6.4
46a5e4555a1a4a02967fe3247e7c3007,0,55,1,0,0.0,1,245.5,130,59.0,9.64,9.1
84bd0ff132e24fb2b6c1a6d560812f13,0,134,1,1,4.48,0,80.3,94,75.8,10.0,16.6
8a550438761d4cd1bf269bbffaff3052,0,107,1,0,0.0,2,90.7,90,34.0,10.38,5.6
df7c40ede02b4c18a8e23ab3b84a914c,0,80,1,1,1.03,1,190.3,115,65.3,12.83,3.8
ddfea27ead85493f9456dec0fa8ce933,1,78,1,0,0.0,1,108.6,108,37.0,10.5,7.9
1ebec41da0e04feb9c40b5832a668f0a,1,85,1,1,2.51,4,89.8,88,61.1,11.66,9.3
66120c420983488fa2af6818734ccad4,0,61,1,1,2.7,2,252.4,106,86.0,9.39,10.0
a30b12cf656b4946a7fb45f90c4bbb5e,0,97,1,1,1.81,5,183.4,94,73.1,13.46,6.7
9e2f4058089948b09b684291e00d1283,0,136,0,0,0.0,2,183.4,103,44.0,7.1,10.4
5318845eb18f444588552a8318b102ab,0,135,1,0,0.32,3,155.2,100,41.2,6.8,3.8
1587e65396dd4d7e829da2a0c605987b,0,87,1,1,0.0,1,165.8,122,45.0,9.35,0.0
f643299de3574c6b96b10db25d474537,0,165,1,0,0.0,0,209.4,67,59.0,13.69,12.8
5bb957d8046447eaba84321957c0a30d,1,148,1,0,0.0,2,279.3,104,65.0,10.08,7.9
ea31d6601eac4a2bbed354edeb087f1e,0,99,1,0,0.0,2,174.1,102,39.0,4.96,7.7
8f3e78b7b3fe490883408e8f2c513e4d,0,123,1,0,0.0,2,175.7,78,46.0,9.23,9.1
18f239b06ba64b74aac311128a6f65a0,0,127,0,0,0.3,1,256.5,87,66.0,11.11,13.0
2dd0c71d059c4bf7a3c451b8e182c839,0,151,1,0,0.0,0,170.2,89,45.0,9.38,4.3
3912a86e90c64c7ebb6ace78fdf97dca,0,185,1,0,0.19,1,139.6,92,46.9,12.51,10.8
0ecf246723eb437ba40382dde629601e,0,65,1,1,3.38,4,208.8,119,81.8,7.11,12.5
b630caa504474209af628446aaeda1c7,0,58,1,0,0.0,4,210.1,126,57.0,12.45,14.4
922ab56aaf504856b71c3b4c834db3f5,0,104,1,0,0.3,2,113.6,87,36.0,7.93,10.5
e23a58438b874dad8a9ad7174d37dfc2,0,44,1,0,0.0,0,202.6,89,49.0,8.15,8.3
845372bc3536407b9afcd35031585735,0,58,1,0,0.0,4,174.4,112,53.0,13.29,0.0
69af100a73694f7bad139dc56fab896d,0,108,1,0,0.0,0,210.6,117,50.0,8.21,9.4
e3f9c49bf4ea493bb467fd0724f97f4c,0,132,1,0,0.0,1,121.5,88,43.0,12.65,10.7
98626eb9bbe54cc599da68e00481351c,0,80,1,0,0.35,2,127.8,67,41.5,9.08,15.9
2c08a993f2cc41fe9e9d2ca73daf406a,0,162,1,0,0.0,2,135.2,98,44.0,12.1,10.2
945eaf176c7541c2944c8296768609e4,0,110,1,0,0.0,2,99.4,62,41.0,13.75,16.7
5cafdc52f0504b10b6ce54fd265822cf,1,96,1,0,0.0,1,276.9,105,69.0,12.35,10.3
b6ae7ad643754bcbbf76cff3090b4574,1,168,1,0,0.0,2,163.4,134,49.0,12.01,11.6
d9efe48d3d66477abffd09e0eb78e0c3,1,72,1,0,0.0,4,287.4,116,69.0,11.77,5.0
adf09e386519450b8c86fc3def1dd648,0,125,1,1,2.75,1,120.5,104,67.5,11.39,10.2
5038aa14a1af470abb76073613c44269,0,170,1,0,0.0,2,184.1,106,49.0,10.25,9.8
47d5da8d120a4ece8f00c48b4219e65f,0,71,1,0,0.32,3,185.0,84,55.2,11.63,14.9
9f0dae5502914491afd96d85302f3bd7,0,124,1,0,0.0,1,160.9,109,40.0,7.21,12.9
c00bb8600622442bac349125ecfa8033,0,68,1,0,0.0,2,207.6,68,57.0,12.58,10.9
fbc3cbb6fea342b5b32adac4146d01b4,0,97,1,0,0.0,1,209.2,134,36.0,0.0,11.8
cf7df7af97c647d6b0cd568d6753a028,0,98,0,0,0.0,1,158.4,71,53.0,15.33,2.1
65b5c2f78dd94625b3503d7f0ac7dc67,1,24,1,0,0.0,2,149.0,73,37.0,6.55,8.6
a96d231b73bf44c3aacf6ee2fbab40cb,0,136,1,0,0.16,0,204.5,63,54.6,10.44,9.8
f003c684d8a747c7b43bfb9c86c72d16,1,44,1,0,0.0,0,288.8,86,65.0,8.8,9.5
3f1a6f569231415ab03bbdff191c242d,0,96,1,1,3.62,0,108.6,90,72.2,10.32,13.4
068b69a821254119b04c0aa903c4b39e,0,31,1,0,0.19,1,97.5,129,40.9,13.02,7.0
8d0b7fb911d84d68936a4cdb8dc58e13,0,72,1,0,0.0,0,166.5,102,51.0,13.05,13.3
31cd7f0d737b47a79642eed26cdc15b2,0,24,1,0,0.0,1,156.2,104,35.0,4.5,7.3
a9881d3906ca4226b640750b5aad04b9,0,112,1,1,3.11,4,225.2,89,92.1,12.84,11.5
70e67aa1ddc8491fa2c9df4850b55862,1,117,0,0,0.0,1,287.4,118,71.0,12.98,10.0
38d2636676db4fedb0814b646ae9d878,0,137,1,1,2.11,0,175.3,96,72.1,12.07,7.8
8754d9593c0c433da6e47305a6d46275,0,136,1,0,0.0,0,102.1,75,37.0,10.98,9.8
bd707312bc1f4c93ae607e533c15d09c,0,95,1,0,0.0,0,157.9,103,49.0,12.98,14.0
a44b4869062d47f1aeefb3ea81fc806d,0,82,1,1,1.11,1,146.5,73,57.1,12.32,4.1
e8e13dc68b634828b902188817a3a4a4,1,145,1,0,0.0,1,245.8,116,67.0,14.34,9.0
37bd58d63f274bf8953b5195aac4682f,0,56,0,0,0.0,1,177.7,114,49.0,10.78,10.5
9506e25991194fc3a408be1a6b2f99de,0,155,0,0,0.0,2,250.8,146,56.0,7.63,10.0
07b238fc40e44ecb9ea7aaf99c1076dc,1,133,1,0,0.0,0,117.8,100,37.0,9.96,11.8
14e296f0e73c4857982b6a0c3f9baeba,0,53,1,0,0.0,2,119.7,113,37.0,9.49,12.9
5c847ba674834a4d9aa860fffc07b067,1,123,1,0,0.0,5,242.2,87,61.0,11.31,8.2
1cd7882e22c94f118532463b5bddc473,0,136,1,0,0.0,7,163.4,83,49.0,12.47,9.8
e37babf5d53e49f999e22c00a4a604f9,0,57,1,0,0.0,3,161.0,113,46.0,10.4,8.4
efc732fe3758421ab99a3f4fff1b55df,0,62,1,0,0.0,1,128.7,111,37.0,8.48,10.3
de5f3eb38c2f40c58d3049ec0e13929d,0,112,1,0,0.0,1,81.6,94,37.0,13.41,8.6
0034123e57b14a97ad012d16426cb520,0,55,1,1,1.97,1,207.7,91,72.7,9.99,7.3
1a532be6713c4c85812483b0e6090664,1,95,1,0,0.0,6,128.6,115,41.0,10.81,6.3
8024ffc6fd154cc389cf10bafe96f4ff,0,125,1,0,0.0,1,233.3,65,58.0,10.49,9.1
01d3e3cb78c045039e22421ef3428681,1,1,1,0,0.0,5,182.1,106,43.0,6.75,10.0
04b9fac414b04ababa8035d10825d73c,1,98,1,1,2.16,6,168.0,81,64.6,8.16,8.0
01b7739fac554d17a6d7b90fe72be197,0,105,1,0,0.0,1,251.6,88,58.0,8.76,5.4
d80e8a3630ed4df89d7d3e9063a4722f,0,113,1,1,3.13,0,183.8,102,78.3,9.17,11.6
57e99ae2306d4afb8a0d518848bafd1e,1,99,1,0,0.0,3,256.4,44,62.0,10.73,7.9
c33d8eb281834032afc4062d04b60de6,0,103,1,0,0.0,1,180.2,134,39.0,4.89,8.4
e329c56c7112419b9f43c4d9a5fc3e9e,0,177,1,0,0.0,1,227.8,81,53.0,8.09,8.0
7e9fb40f24384ec8af312830c06b8ede,0,149,1,1,2.75,0,147.8,132,76.5,13.84,10.2
879c74a1fd794c4b9ba8a8c01cfad2d9,1,160,1,0,0.0,1,234.9,136,63.0,13.54,13.9
c54443e72e814067996f0f145ec53dc2,0,116,1,0,0.0,2,110.9,54,37.0,10.67,7.9
e0ce3bc1a03249c28f245c01030ef854,0,90,1,1,1.73,1,124.5,94,58.3,11.59,6.4
c65189232f4741f386e73486d8b71c13,1,148,0,0,0.21,0,233.5,81,58.1,9.39,9.6
7a8cd8f29c83490a93985a3b2b8dee42,1,147,1,1,2.73,2,197.3,134,73.3,7.06,10.1
20a4fdf3ecad48b39a549e82d4488b01,0,95,1,0,0.0,0,58.2,96,28.0,10.11,10.4
7bb815d78b804383857f16bf6b3b40e9,0,201,1,0,0.24,1,212.7,72,58.4,11.26,7.0
a9cd94a7096242f2821a000e9ac72971,0,80,1,0,0.0,0,151.5,89,37.0,6.59,11.8
2dc02eb408784dbf8dd4bfde30d12f08,0,122,0,0,0.0,1,146.3,117,44.0,10.94,11.5
4f8088bd46aa4999978ceff08486e957,0,132,1,0,0.0,0,195.1,100,46.0,7.44,6.7
ba45854451a944d4a2b79e561d42c52f,0,83,1,0,0.0,1,208.9,71,54.0,10.74,13.0
b841634431d44b85b32013070668d470,1,99,1,0,0.12,7,135.7,107,42.2,10.42,8.8
9dc2c5ac5c594175ab24d7a86eee9b73,1,84,1,0,0.0,3,225.9,86,62.0,13.78,14.3
23e1efabca5f491397ce60cde76c5db0,0,46,1,0,0.3,1,122.2,67,38.0,8.36,9.7
2691cfe122024ed29be2de8a733953a5,0,87,1,0,0.0,2,153.3,106,46.0,11.23,8.9
22252c7959b94220a362914bf97591fc,0,150,1,0,0.0,1,214.0,117,53.0,9.62,7.9
d286627f02524a82964f8df23d5b6f25,0,73,1,0,0.43,1,194.8,112,52.3,8.36,10.8
07f3d97027ff4f6bb499edbd0fa9c173,0,7,1,0,0.0,3,206.7,87,60.0,14.06,11.0
fa5c84e8876d4671a55777a6434305c6,0,89,1,1,2.84,2,188.0,105,73.4,7.57,10.5
e784cd3d7a2a40d0adea05c339c724bd,1,131,0,0,0.34,3,122.3,83,34.4,5.94,13.7
edf946a4a1e54006b3e51faebbd484e3,0,105,1,0,0.0,3,259.3,96,59.0,8.76,12.0
5ad9a193ce9147c9a72f75c45be95fd9,1,108,0,0,0.38,2,115.1,114,41.8,10.57,13.8
1bdee1b40d8a4916ab3c2ba6d99e6383,0,47,1,1,2.24,1,172.9,109,64.4,6.88,8.3
eb31f8cfd8fe4be0bc9da2d17c79ad61,0,101,0,0,0.0,1,156.4,116,38.0,6.52,7.3
8032a260a0e846b2a5833e6c9412fb00,0,182,1,1,3.13,1,128.1,104,65.3,7.17,11.6
bc7f2fe9a07b4cad8e4dacfa3129631b,0,161,1,0,0.0,1,196.6,73,48.0,8.51,12.5
98439e4eaaf446d896786cb1ef98ff7a,1,128,1,0,0.0,1,227.9,130,65.0,15.13,5.5
fe3f2d0c98a0487fb44e1be73477bf97,0,69,1,1,3.56,2,194.9,63,85.6,9.58,13.2
455e988ca6fa4d01b8870c4699054c9c,0,113,1,1,3.59,1,44.9,63,55.9,6.71,13.3
a29d65b9407348e2b5a3ad0ae66a1d7e,0,87,1,1,2.11,0,262.8,114,85.1,10.79,7.8
af7fae7e60644d44925350115906b70c,0,71,1,0,0.21,0,211.2,70,60.1,12.64,12.3
688aed783366401cbab6576f83e4e8f7,0,76,1,0,0.0,1,204.0,69,54.0,11.26,9.6
ff8b72f41d22457580521bebd8d7ee68,0,87,1,0,0.42,3,223.2,109,53.2,6.38,14.5
6c2ac4653c5f41ac8bce7d63044da3de,0,117,1,0,0.39,1,119.0,82,40.9,9.38,11.5
539449b6a512424d80a068f9f0668a1b,1,177,1,0,0.0,3,266.1,91,65.0,11.26,8.9
dc40ee03f992403383b2c4a25a81fa72,0,95,1,0,0.0,1,134.4,104,36.0,7.62,9.4
e09e60ecb60a4c90aa405016f531b92b,0,76,1,0,0.0,1,171.1,78,51.0,12.86,16.2
6e5ca978c5e44473ba16fba236d35a93,0,66,1,0,0.0,2,170.5,103,51.0,12.72,10.5
a9171a54c6d845b987494cd6003516c6,0,110,1,0,0.23,1,178.5,124,45.3,7.35,9.9
664012c1cb10411190cd97d0d252122a,0,204,1,0,0.0,3,205.2,145,49.0,7.74,14.1
5171b3d29bf64f818659630a24502c47,0,32,1,1,3.51,0,232.8,97,91.1,9.18,13.0
101aa7d4ea4d48b781e1c3289b9f80bf,0,133,1,1,1.81,5,239.9,107,81.1,12.69,6.7
2ef865a234e745d59795986af25c61be,0,185,1,0,0.0,2,55.6,97,34.0,14.44,12.1
4af46758e70540a984ea4683abe98b06,0,103,1,1,2.86,1,153.5,78,75.6,12.1,10.6
907d4b763ab44b72a9d1e23dbdef3244,0,91,1,0,0.0,1,109.8,100,35.0,9.48,11.1
1180c4b9ce4c472d87b1da67dddfab18,0,131,1,0,0.0,2,196.1,89,50.0,9.28,5.2
b4dca359438d490bbe466fcc1d3df461,0,153,1,0,0.0,0,166.8,127,41.0,7.18,11.8
98d8cf7424954463acc46fb02f05a9d2,0,132,1,1,1.92,2,113.2,96,62.2,13.5,7.1
30bd924c72094692bdb36b670af24acc,0,148,1,0,0.15,1,203.0,92,49.5,7.55,14.6
db4c0a9880b94d1d9f28f098bdbac34d,0,141,1,0,0.0,5,242.8,90,62.0,11.71,6.0
e8ab81482c9148178e951eaec67d5942,0,105,1,0,0.0,2,156.5,102,39.0,7.01,12.2
554c98eff05e402cb53d01f5124c6bbe,1,169,1,0,0.25,3,266.7,105,61.5,7.91,13.8
49362d0ca4c84bb0a4763cc765ccc4e1,0,127,1,1,2.65,1,182.0,80,76.5,10.81,9.8
aa0da804cb6e4ed9a8f6f197b8ef38e6,0,57,1,0,0.0,0,85.9,92,32.0,9.7,10.1
21023c0043d94e0c95286db8cfcc35fe,0,123,1,1,0.78,0,146.6,87,42.8,5.74,2.9
94bf62000ce042eba61bad272a6fabf4,1,103,1,1,3.75,4,110.5,101,74.5,10.42,13.9
be1f253df86b46ebb2cdb16ab973a80f,0,101,1,0,0.0,1,118.6,89,38.0,9.98,11.5
772aa46493d345c6823302c582eb19da,0,123,1,1,4.21,2,197.6,105,83.1,4.0,15.6
23920e0c3c5f47f99fa661a6317339d4,0,78,1,1,2.92,6,210.3,116,82.2,9.61,10.8
2186fff4947c40bba707282434ac78c9,0,101,1,1,2.54,4,220.3,96,87.4,14.29,9.4
45c3cb29bc3d4e2093e3cdbcff2becfd,0,129,1,0,0.0,1,150.0,98,46.0,11.62,12.5
be7d3f4f7d2543af9a507755800b5b60,0,67,1,1,2.48,0,161.7,114,70.8,10.38,9.2
6a3699365de1433f924c8f14d45684d4,0,37,1,0,0.0,3,191.4,116,47.0,8.37,14.0
590fc9349ddb4ebbb65398e672576e63,0,64,0,0,0.26,3,146.7,83,40.6,7.42,12.5
e2e10fe78edb40368bc921803f758de4,0,173,1,0,0.0,1,109.4,103,28.0,5.07,7.8
fb9d88fc392e44d6b50fb34a904d13aa,0,135,1,0,0.33,1,144.1,115,49.3,12.49,13.6
7866f9b069cd4f47b68a018c5b413bdf,0,75,1,1,3.02,1,248.9,93,87.2,8.54,11.2
4b90af32731c488eb7177e6acb23186c,1,88,1,0,0.0,4,85.7,112,34.0,11.08,11.6
e82c36a20849452997219e9c67494cc1,0,112,1,0,0.0,3,214.8,112,55.0,10.49,9.4
abbdee10aeff4138a00a681326646d65,0,113,1,0,0.0,0,158.9,137,48.0,12.14,6.5
ac99ec5f6716480e9ee5d419094773b1,0,121,1,1,1.73,2,110.0,94,48.3,7.08,6.4
afb054062b9a4395af7cbaf9c44edc5f,0,70,1,0,0.0,1,152.8,145,42.0,9.18,10.5
ad09a9e3ee8a44ef8f800969f90a7bf4,0,90,1,0,0.22,0,145.6,103,44.2,9.86,10.5
57816101c48145cca53af7f8a0b52c6c,0,39,1,0,0.0,0,93.3,83,33.0,9.98,6.5
b3ab82957a964af69e6174d8d2b80cda,0,142,1,0,0.42,0,216.8,134,57.2,9.39,8.3
67e82fbc89fb4a36a3f8feb32ec26747,0,176,1,0,0.32,1,201.9,101,51.2,7.74,9.0
e5a019ab3257458b8a898b2a7c5f679f,0,105,1,0,0.3,1,146.4,81,48.0,11.26,8.5
a992b3fed6ac4ef0993085e5bb6d0aff,1,57,1,0,0.0,2,272.7,74,66.0,11.25,10.5
85d5f34d4b8146969638dbb36f48ba5f,0,110,1,0,0.24,1,18.9,92,28.4,12.92,14.8
9c681697e1e64a05ae706cbe47ac3fbd,0,88,1,0,0.0,2,172.8,81,46.0,9.67,12.8
65a46b8a494c41f184c5d70626c655b3,0,95,1,0,0.0,0,190.2,119,46.0,7.86,14.0
66a1528ecc264004910471b9868698c3,0,147,1,0,0.0,3,130.6,83,40.0,10.41,15.6
afda03b7b1f9464db55d3d2cfa8d520d,1,101,1,0,0.0,4,158.4,92,43.0,9.4,13.5
5fbb33ea3ccb43f4a7817e3e710a91d7,0,115,1,0,0.0,1,166.5,111,49.0,11.81,15.6
6bed288a82ef4470b3a74a3328f1f880,0,103,1,0,0.0,2,129.3,103,40.0,10.14,12.9
0787b79e729547e19a4d9688d186d91c,0,82,1,0,0.0,0,199.3,112,51.0,9.67,7.0
c99f2afc70e3412086682c20ee2c9b99,0,141,1,0,0.0,0,185.1,126,52.0,11.65,9.1
060af0ea5cf141a2ad1f6e8d5d6e67f9,0,149,1,0,0.0,2,175.4,80,47.0,9.87,9.7
f92fa713b39b43a4a10f84cf3175b76a,0,131,1,0,0.0,2,263.4,123,58.0,7.6,10.7
af6a766f49a74fa08c5522e4fa7a5a0c,0,119,1,0,0.0,1,94.2,108,39.0,13.21,7.3
1a9d7a0807c84a3c9324625e8c7701e9,0,112,1,0,0.26,3,189.4,83,53.6,10.95,7.1
f00a892e31fe4951a9922648745d730a,0,116,1,1,3.19,2,118.0,103,66.9,8.36,11.8
ad6abfd31dbd4dd7901203820c66d274,0,94,1,0,0.0,3,212.1,98,53.0,9.47,8.4
3d441077b0a749f3894c171088eb3578,0,90,1,0,0.22,2,222.0,93,56.2,9.35,12.4
f87ed17816d74d34a70bc9481906ebfb,0,114,1,1,3.51,0,222.8,98,89.1,9.03,13.0
6a9ec79d55da4c23bc0073c0f38d69d0,0,63,1,1,3.29,1,190.0,137,75.9,5.83,12.2
ac0eb9a22ea74ae3a55cc59c026f7c1c,1,130,1,0,0.33,4,271.8,129,70.3,11.86,8.7
a48e38519e2d42e68b6a53c54a8bb772,0,122,1,1,2.27,3,195.4,83,79.7,13.41,8.4
3a59e9557c984769a53ca52bef052a3d,0,166,1,0,0.0,3,199.6,93,53.0,10.72,7.2
95d683d98158459f9e6e459e20e8b6c6,0,62,1,0,0.0,0,100.0,98,32.0,8.68,10.1
86b24181e76c4dfd86cb614cdfba40a7,0,78,1,1,2.57,2,160.6,85,72.7,11.16,9.5
528c28602ee2448091c9675656fd5c4d,0,148,1,1,2.67,1,158.7,91,67.7,8.03,9.9
282de0e62368415dbf9e65ec09763250,1,154,1,0,0.0,3,154.5,122,45.0,10.71,12.0
cca4726291874c3386f86eef0ac3bbd8,0,110,1,1,1.7,1,192.3,114,61.0,6.47,6.3
d2d4731824644f7c9bb2a697a20d228f,1,75,1,0,0.0,0,305.1,106,68.0,9.4,8.5
d0d9e219b74f4bfda183b0fbd653525d,0,84,1,1,2.0,2,193.0,106,66.0,7.68,7.4
553c1577e04946ba8cb8b76c14fbb913,0,113,1,0,0.27,1,72.5,88,32.7,10.2,6.6
3e36e2a163144238ba6724eecec64484,0,181,1,1,1.7,2,105.2,61,64.0,17.07,6.3
4425607adfd94c0487daf40a69441218,0,51,1,0,0.0,2,180.5,88,43.0,6.74,10.0
0979c94e688a4e309823be5f2e0c43d2,0,102,1,1,3.86,0,214.7,86,102.6,15.72,14.3
11395ce41afc4a8297812bebf27d8e58,0,107,1,0,0.0,1,86.8,95,24.0,5.41,13.2
a553bd2bc13b400eb449de0763c4147c,1,88,1,0,0.0,5,131.5,99,38.0,8.74,7.9
8cc20562abfc49e2b33a62d3fe9bdd7c,0,82,1,0,0.21,0,135.4,102,46.1,11.86,17.5
8a0e75d6de144b58a3372e9c60ffacf5,0,204,1,0,0.0,6,174.3,85,52.0,12.71,5.9
8af290fc26034c2196ec23bb200f7c9c,0,130,1,0,0.0,3,203.9,63,51.0,9.59,12.1
b547ae65fffe4f4ebcf1bcbfd4dd1107,0,174,1,0,0.0,0,235.5,108,53.0,7.12,12.5
a57bb0bbfa5146509e01feb828f32036,0,129,1,0,0.0,2,157.0,113,49.0,12.85,12.1
a068f61bd68f433aa631fb9035c270c4,0,190,0,0,0.0,3,111.9,55,38.0,11.15,10.0
c17fc976d9fb498e9f7571566e1b5443,0,54,0,0,0.0,3,236.3,91,54.0,7.64,11.2
52e9028a04674853afd8840abace93b5,0,78,1,0,0.0,0,163.6,88,52.0,14.17,8.6
71e9735dbd304e46a6d48733fbf85c7a,0,100,1,1,2.4,1,213.6,127,76.0,8.8,8.9
2f9e88f581f94cc98892280f9d902b7f,0,70,1,1,2.54,3,143.4,72,64.4,8.5,9.4
e930e568fe9d4db2a655b6c7d279ff8e,0,111,1,0,0.35,1,78.3,119,34.5,9.91,12.1
9fcea35d39c1401ab4d6410f761b575a,0,117,1,0,0.0,1,97.1,98,36.0,11.4,10.6
518fa60eddf7409098f9e295b2c3cae9,0,68,1,0,0.0,0,94.1,93,29.0,7.38,10.1
1e3e55a7414b42fabe926802ab3090d9,1,27,1,0,0.36,2,226.3,95,65.6,13.72,8.2
dba72428ce2f463e88dee0bde4ac8985,0,91,1,0,0.0,1,133.8,61,37.0,7.94,10.5
5ac48ac5a5ad42f28592b9df120ec024,0,181,1,1,2.86,1,190.3,93,82.6,12.45,10.6
3c52064b08414b60af3d2ddec9fbaa7a,0,118,1,1,2.65,3,294.9,106,91.5,8.29,9.8
3ec2ed56dfe84a92bcde36225291d2c2,0,112,1,0,0.0,2,185.4,114,48.0,9.57,10.0
a04dca67660a4efeaa35e22a5129c1c9,0,93,1,0,0.0,0,179.5,121,47.0,9.6,12.0
3ae32fb6cb88467aae13c6df683a0965,0,102,1,0,0.0,0,158.0,94,45.0,10.4,10.1
4c03537d649d46f5b6511a85157ae77b,0,93,1,0,0.0,0,173.0,131,46.0,9.52,10.4
b58728de58104b0690c3676051cf0781,0,107,1,1,2.21,1,134.2,101,63.1,10.6,8.2
4da331e4a7dc4622af1f204b38c0bd63,0,100,1,1,3.4,3,125.2,123,75.0,11.55,12.6
5b116a518400495ba9b441e8508a8a06,0,115,1,0,0.0,2,195.9,111,53.0,11.35,13.2
09e5eb7150714705a3d978b588a87fe0,0,63,1,1,2.78,0,214.2,61,79.8,9.06,10.3
c001b4b71b71498f85f86f3563aceecd,0,57,1,0,0.0,0,221.1,101,58.0,11.84,9.5
0fb49d0a5e4546a19ce027247149a1ab,0,119,1,1,3.13,1,132.0,100,69.3,8.67,11.6
28ec851ee5ca414fa79009e34bde3f0d,0,73,1,0,0.41,1,157.6,92,48.1,9.92,9.1
5d9b08106e4d47a19e99abe16e3195ff,0,98,1,1,2.97,2,110.3,71,64.7,9.12,11.0
e10800a942f94b579c7e2d3d961ac27a,0,139,0,0,0.0,0,161.5,121,44.0,9.65,11.2
4146464f86704b75b8e61d9b87b8db74,0,31,1,1,2.86,1,171.8,116,78.6,12.04,10.6
9ec3255d7c434ab0abf85e499bf9229d,0,129,1,1,3.08,1,211.0,99,80.8,7.76,11.4
85ee384a15c34b4788bf26362f5fd539,1,115,1,0,0.0,7,139.3,89,41.0,9.62,9.3
0f75cd1736c54e6aa15bcc2143fb4eab,1,108,1,0,0.27,2,291.6,99,71.7,11.06,14.0
28cfec0822a34c3cb765962fbdc35fd7,0,139,1,0,0.35,0,139.0,110,38.5,6.65,12.1
83ec0a94d5ce491080debf266956b2f7,0,102,1,0,0.0,4,234.8,125,57.0,9.96,10.0
cd147809abf047988997c3d1fcacd86c,0,149,1,0,0.0,1,187.6,83,50.0,10.07,8.8
f1aec5d436f64b44b7438067e9ccb5e5,0,113,1,0,0.0,2,159.8,143,46.0,10.51,13.1
94e70638cd1048978f960d074778a715,0,131,1,1,1.4,1,177.1,100,61.0,9.7,5.2
e51dd52afe0043ecb2fe7029674e84eb,0,83,1,0,0.0,0,117.9,101,34.0,8.02,11.4
fde31fe2f009479981cfceac20251a74,0,96,1,1,2.92,2,247.6,95,93.2,12.82,10.8
507511423b12499cbf64f193104807ee,0,98,1,0,0.0,1,169.9,77,41.0,6.92,8.5
d866cd917d86446e810397f8b4090834,0,3,1,0,0.0,3,185.0,120,49.0,10.19,14.1
68f80ef9b30a4839bb9f0774d906ac6f,0,77,1,1,3.05,0,204.9,84,82.5,10.05,11.3
8d3dff93a7e5444893b6cb34c12f7474,0,75,1,1,2.54,3,225.5,119,79.4,9.1,9.4
66506e0bd714442dbd5ee13a26b670c8,1,40,1,0,0.0,4,169.7,115,41.0,7.07,10.5
dd8fde1aed164dfdabf74bd77aa0b40e,0,108,1,0,0.0,0,239.3,102,60.0,11.17,10.6
8f705f3789a34c23b88cfb9572a41b45,1,100,1,0,0.0,4,113.3,96,37.0,9.9,11.7
0d5cfccc63c24bb198e420773279e232,0,16,1,0,0.33,3,161.9,100,51.3,11.51,10.2
48e7237acbdf4b6ca03e20c13b10eece,0,115,1,1,1.51,2,133.3,110,54.1,9.29,5.6
2abfe78816764bc78101298cce6c74c2,0,108,1,1,2.35,3,170.7,88,62.5,5.5,8.7
5f524faeacd64867a806e69b90af0d65,0,107,1,0,0.21,5,189.7,76,48.1,7.81,8.3
2f459c90c2324fa8b8b1525f5aced202,1,161,1,0,0.0,2,322.3,100,75.0,11.52,7.8
b4a48ba72f1246258364e40b9e208fee,0,147,1,0,0.26,2,124.4,74,51.6,16.05,10.4
fea81b1c3e914aaea05955f1cdca430e,0,107,1,0,0.0,3,146.9,94,35.0,5.72,11.4
5887e69f3552479280e50181f9e43e01,0,120,1,0,0.26,1,192.6,123,53.6,10.32,10.8
58010ac684a941a792dfa65f142b3e0d,0,107,1,1,2.78,1,96.3,83,59.8,8.98,10.3
afe9cb4d8b4e46d7b84edd9e8ee34f4a,0,58,1,0,0.0,3,131.9,96,37.0,8.38,14.7
49b35fb419ab498b85334d4f8f0eb945,0,91,1,0,0.0,2,147.2,121,40.0,8.76,13.3
184a6e1017e444208ba589dd437f885b,0,13,1,0,0.0,2,143.1,139,45.0,11.98,7.1
81751a09b4754f11af9b344b9e28b94e,0,104,1,0,0.27,5,280.4,127,65.7,8.97,15.2
e79ca94a8b1a43a3935f51906c895f0f,0,93,1,1,2.89,1,237.2,85,87.9,10.66,10.7
1f148d90e72a404ebd87ece26cc8379e,0,95,1,0,0.22,2,184.2,95,49.2,9.08,12.8
103679e6efd24c928661fd9ecfb8e605,0,104,1,0,0.34,3,109.1,141,38.4,9.36,10.0
9512374ad5694de4ab331d8f445dba72,1,35,1,0,0.0,5,138.1,115,37.0,7.91,10.3
b75ab1c249084924b5e0814d734b267b,0,62,1,0,0.0,3,186.8,94,50.0,10.38,8.8
e47192932e754930be00bf6cce39b81d,0,143,1,0,0.0,1,155.4,112,52.0,14.55,13.9
aab1da2aff574ca79f1080e7de3a8069,0,62,1,0,0.0,4,245.3,91,53.0,6.15,8.5
32429f43e89d409782d4e219c2f316c2,1,60,0,0,0.0,0,205.9,97,59.0,13.87,11.0
d3efa8a063674014899175fa70edc88d,0,41,1,0,0.0,1,207.2,138,54.0,10.71,11.9
ed15e823f5bc461984632a91036e8748,0,34,1,1,2.89,2,151.5,100,75.9,12.44,10.7
041232d10b29476dad41c7135b10de3f,1,56,1,0,0.25,0,221.9,112,64.5,13.91,7.1
6d1dd2a3391545cbab88a4cabe60a2aa,0,183,1,0,0.28,1,190.0,100,56.8,12.33,9.5
c41a4ff62652436a91cd7a364589a608,0,94,1,0,0.0,2,220.8,111,51.0,7.81,10.5
5db7712cae53488f80f318dc610c5ff7,0,73,1,1,1.7,2,173.7,117,64.0,10.2,6.3
5d4dd6ed627e45199894c6ca1350894b,0,123,1,0,0.0,2,114.8,94,33.0,7.5,9.6
c884457196d44788a226d505bea10476,0,64,1,0,0.29,3,113.8,97,38.9,9.62,10.4
86485bf9548c4d57b0c6038f03125b75,1,127,0,0,0.0,4,143.2,60,40.0,8.98,6.2
ed0b614610d14bf1b57e258065ef5ba7,0,33,1,0,0.0,3,184.4,111,49.0,10.19,9.3
12d303cb7f434dc2a1a88cbfdeeecac3,0,27,1,0,0.0,1,227.4,67,60.0,12.4,7.8
0eb11494252048a0b44f2a0e752d8702,0,123,1,0,0.0,0,224.0,99,56.0,10.54,2.1
b8f4f5bce5d74c76999e865e0a95e1eb,0,148,1,0,0.0,2,216.2,95,53.0,9.29,10.0
b09462fa465746738ae9005fd38647a2,0,81,1,0,0.0,0,129.9,121,42.0,11.51,13.3
0fa7c2db64b04f7ab833f50de528b1ab,0,122,1,1,1.86,2,230.1,108,82.6,14.38,6.9
a25b2058807849a7aac008c9e3bc78b2,0,52,1,0,0.0,1,204.4,97,58.0,13.66,11.0
1f87c45dc4ce45c8a940791c11eef0df,0,91,1,1,2.46,1,216.6,101,76.6,8.66,9.1
2dd3fccee8d74a9884416b2643b3a245,1,54,1,0,0.21,2,247.5,85,64.1,11.27,10.2
412974b31bc348c1863720e7cb84a872,0,152,1,0,0.0,1,228.1,93,51.0,6.82,9.0
4349671875224550827d2dd2dd3c597d,1,201,1,0,0.0,1,225.9,110,64.0,14.96,11.2
15f8cea919004d71a0e97734b92ac875,1,78,1,0,0.4,4,103.5,115,32.0,5.9,12.0
4451eac552464c97a8f7e10277182d5e,0,67,1,0,0.14,0,115.5,70,43.4,12.61,7.5
11525377762f428fb45f6fabe5e341ee,0,100,1,0,0.0,1,218.8,125,50.0,7.42,9.7
2751e912e864464493e23ba7bd8d21e4,0,41,1,0,0.0,3,223.8,67,59.0,12.24,12.3
475cbe3fb7e14481a522124a2c79c9d7,0,133,1,0,0.0,3,143.8,71,41.0,9.2,12.9
83c7fc103ec543bd9b3fca433a786651,0,36,1,1,2.32,2,29.9,123,40.2,6.46,8.6
0f5d3ad22a594ff98812691d379f6518,0,51,1,1,2.24,0,276.7,121,87.4,10.19,8.3
a235b111bbbc493bac631e01d120cd05,0,122,1,0,0.0,0,141.4,128,37.0,7.32,8.1
67174cafc8e54ffe8af403bbb1532c09,0,84,1,1,3.46,1,153.9,102,73.6,7.04,12.8
30cc39b1ece84d81aa84627f52704b9f,0,91,1,0,0.0,0,190.5,128,50.0,10.28,13.8
ef3d363b4b16403099536425b51071ed,0,110,1,0,0.34,1,192.6,102,51.4,8.95,9.4
0aac155ca5a04051aaa3463139c617ff,0,91,0,0,0.0,1,151.8,115,35.0,5.18,12.2
ddeed71b17994771ba812e0eecbbd6f3,0,121,1,0,0.0,5,215.6,74,54.0,9.65,10.1
ddda48a8279d46f790cdc4b362f4031f,0,109,1,0,0.31,3,180.0,100,54.1,11.45,7.8
360e3fbea6ce456aa979eedff9c77a12,0,95,1,0,0.0,2,157.3,116,44.0,9.88,8.4
219d4183b1ba4694bebbe02518a84e59,0,72,1,0,0.28,0,196.5,88,49.8,7.93,6.8
f93840a17d624b9187f5d7627d81d367,0,73,1,0,0.31,0,240.3,130,58.1,8.13,11.9
c9d3408163884acc9cd7e2663e4c976d,0,108,1,0,0.33,3,193.3,126,50.3,7.74,9.4
55418e4709bf4734bb96cf6a61fb44db,0,58,1,1,1.46,1,211.9,40,74.6,13.72,5.4
334963568d6f4331a97c5b5d65a4e843,0,148,0,0,0.0,1,218.7,111,51.0,7.78,8.2
5a9f44873d8a448ca457eb3426e8c588,1,76,0,0,0.0,0,246.8,110,60.0,10.32,13.2
fbe838e44aea42fdb1a6792a624051a6,1,103,1,0,0.0,6,174.7,151,43.0,7.4,15.8
20f86cf74b93413b9706868aa74787f8,1,87,1,0,0.0,0,240.0,83,53.0,6.71,9.3
a6e4bdaf0a474d2b9f8d6207a0ee45da,0,35,1,1,1.35,2,181.2,76,59.5,8.88,5.0
d29ff89d54204d03a3db0df79d22172a,0,88,1,0,0.0,1,113.7,67,34.0,8.26,10.8
0b7db548e59647a481fb2dd3785ec69e,0,67,1,1,3.62,0,174.7,86,80.2,8.03,13.4
7ac8d36d7923482d8b254d75e4670843,0,77,1,1,2.62,2,211.1,89,81.2,11.18,9.7
887c0a41e30d4fcfa569fc21ef65f8e9,0,124,1,0,0.0,1,169.3,108,44.0,8.93,12.2
0b4e186b890140e8ba1c955d0320909d,0,30,1,0,0.0,0,247.4,107,58.0,8.8,11.3
01e3ef098bca4785b968f2b62a2f3ce8,0,53,1,1,3.46,2,131.2,63,76.6,11.37,12.8
02957bfae0d846048a3472d07749fab6,0,152,1,0,0.23,1,161.4,84,44.3,8.18,11.8
d2199e5e6f61429fa82902e17e30f254,0,100,0,0,0.0,1,107.2,98,26.0,4.34,9.7
dbc593a2ac7a4ec98357a8b731fb1fa2,0,59,1,1,2.38,1,211.9,120,77.8,10.15,8.8
0893a9cb7fbc4d8aa2ff7b7949ddf472,0,143,1,0,0.0,3,160.4,120,52.0,14.3,6.9
c84cce3ce5134b42a299332ecc9d8cb1,0,142,1,1,1.73,1,230.7,101,79.3,12.84,6.4
88336b8ec214466398d7e3f4ad959585,0,105,1,0,0.23,1,232.6,96,64.3,12.67,10.5
4b0a4bd04faa4ff6895ed4fcbf040ff4,1,111,1,0,0.0,1,294.7,90,76.0,14.73,10.8
36c9a8361e59465c87f70068e0e0a41c,0,143,1,0,0.0,1,133.4,107,42.0,11.2,10.2
54a758df57a1416c8d784fd3bb01071d,0,93,1,1,3.16,0,306.2,123,100.6,9.49,11.7
2970fd25963448fd8c9e335146b4b6f2,0,79,1,0,0.0,2,236.8,135,57.0,9.32,10.4
2bb1b4f7348b45ab99b5d8954254c3bc,1,68,0,1,3.83,3,125.7,92,83.3,13.8,14.2
e4a7efade21b49febb03ffc8bc271606,0,93,0,0,0.32,1,168.4,114,56.2,13.8,11.4
c03d24727011416ca3c5156c2c14442d,0,103,1,0,0.38,2,70.9,134,27.8,6.73,12.0
1ef382cdf8fd4a7caf310274e3fe33b8,0,144,1,1,1.0,0,105.0,86,39.0,6.09,3.7
a9b5d6d68184461db3e55d263b0d5b43,0,93,1,0,0.19,1,152.1,141,46.9,10.78,12.0
dd7185c94f774fdead35c9b9c33d073f,0,149,0,0,0.27,3,180.9,79,50.7,9.75,8.8
6acf1845e17c4af4bb8bec4f547a8a63,0,23,1,1,2.54,1,156.6,84,66.4,8.08,9.4
ce6fb02a7dcb4b7fb430fa2675de82c7,0,221,1,1,0.65,0,180.5,85,56.5,11.21,2.4
3f57e06ba27f4775a6758cfba2f47bd1,0,164,1,1,3.56,1,238.8,100,96.6,11.5,13.2
0cc5702346874d509ed4559e76094205,0,104,1,1,3.62,2,182.1,66,86.2,10.68,13.4
35bac714c6e54c0181b26d5ea710c943,0,150,1,1,2.38,2,139.6,72,76.8,16.64,8.8
3721ff480edd4322a2e780f77b96bbea,0,184,1,1,2.75,0,200.3,76,83.5,12.68,10.2
7dec3d0e32b647e38d6183dfd64e4470,0,88,1,0,0.31,1,153.5,94,51.1,12.59,8.5
8bb63bb36ddd4c4e8549ca068a2090ee,0,61,0,1,3.16,3,128.2,119,68.6,8.59,11.7
e1b8029602d643598e535c18c8939958,0,110,1,0,0.0,2,159.5,145,45.0,10.12,16.7
4864ad11c0a841a994e7e370018be86d,1,115,1,0,0.0,3,226.4,101,63.0,13.84,12.3
816211c3007b4d41b3c1c56582cec1ec,0,33,1,0,0.0,2,251.9,81,60.0,9.73,8.4
80244ae9f9204aec92759e8c98697690,1,100,1,0,0.2,2,264.5,117,64.0,9.7,7.5
f351063766cb420fbb8e4656f44060ec,0,209,1,0,0.0,0,153.7,105,43.0,9.43,10.7
cb447401658e43678ad2f16408c45217,0,27,1,0,0.0,5,232.1,81,58.0,10.54,15.0
2d887bd1af6945fb916d9ce3bf17dbd0,0,117,1,0,0.22,1,201.9,86,55.2,10.62,7.8
109d30cef5364a0095ea6b1b91b3ed4b,0,87,1,0,0.0,1,186.9,79,48.0,9.13,4.2
225f1bf7d3cb4803b84d37738c755c13,0,129,1,1,1.78,1,196.6,89,66.8,9.03,6.6
175dedd354f24390847f5b35412c84be,0,142,1,0,0.0,1,232.1,102,54.0,8.41,9.9
a690f69a02174fefb2bef5c54f4fb4e9,0,112,1,0,0.0,0,166.0,79,35.0,3.73,6.3
c2b30f004f6d41d69ab9f6ddd7dc21d0,0,75,1,1,0.68,1,200.6,96,55.8,8.21,2.5
968f15385efa4bdf8a3b4460d8cf5d46,0,97,1,1,1.32,3,141.0,101,55.2,10.6,4.9
9a31facc4e014729b5799ada11b929c2,0,121,1,1,2.03,0,245.0,95,81.3,10.85,7.5
abb0275a9a704134924d52df114b3235,0,142,0,0,0.0,1,140.8,140,44.0,11.43,10.9
ec1880fa318c4900b99c4682e0fc45e2,1,121,1,0,0.0,3,255.1,93,67.0,13.35,8.8
43e07adb2b074236b4b631b220e7c3f4,0,87,1,1,2.75,2,125.0,99,69.5,11.77,10.2
68f67264e37d4412b1a36d5bbc73551e,0,34,1,0,0.0,1,180.6,65,55.0,14.02,5.0
e0ebda1295ab48179cc1b579ca53a479,1,177,0,0,0.0,1,248.7,118,57.0,8.62,11.3
7e5cceb2a51746e4a8fe740ed7caf692,0,58,1,1,2.27,0,178.1,111,73.7,11.84,8.4
46cd938901d0475a8d2c187c9d932a43,1,113,0,0,0.0,5,122.2,112,32.0,6.59,10.3
97b1cfa0885a4cccb497d7b8fd516a34,0,101,1,0,0.0,1,231.3,87,59.0,11.24,7.2
f8d2837556fe4f90a69abeb87693c0bc,0,89,1,0,0.0,3,111.2,101,30.0,6.11,12.6
714813a960974a18b2c0fefda0f55102,1,77,0,1,3.21,0,103.2,117,70.1,11.82,11.9
cfd898621cb14917b875274502b14019,1,146,1,0,0.0,4,138.4,104,38.0,7.95,3.9
9fc3a1c3097c42649e1d63c6f743afec,0,93,1,0,0.0,0,146.3,85,44.0,10.83,11.5
5d903c64d3ef46d8a0bcf87ced949a2d,0,160,1,0,0.0,0,206.3,66,56.0,12.06,11.7
3eb811dfd3dc4f268f9439989fbe4ec9,0,55,1,0,0.0,0,132.0,103,47.0,13.98,13.5
224f55afbe964cddbc547e84bec88af6,0,88,1,0,0.0,2,274.6,105,61.0,8.06,9.2
342305237186443dacd0c3a74e61a585,0,63,1,0,0.0,0,185.3,87,51.0,11.27,11.7
6ab959a5380d4d928936679a20ee988f,0,127,1,1,2.43,1,154.8,69,66.3,8.86,9.0
c15366a9119240919eb001b4e009ffbe,0,57,1,1,3.97,1,179.2,105,94.7,14.16,14.7
5a0096d2ecf14a7986ae5c69903f6f8f,1,138,0,0,0.0,2,286.2,61,65.0,9.36,11.0
9259f5be129147db90f4c764d1e97a56,0,115,1,0,0.23,3,268.0,115,61.3,7.68,17.0
c96681caf2b94791a87690686be1a8a3,0,171,1,0,0.31,2,137.5,110,44.1,9.91,13.3
4fe0f229323a42ed8a0625a26fa2d7e2,0,148,1,0,0.29,2,243.0,115,60.9,9.59,13.4
8edc60719ecf45219448eed0d299717d,0,127,1,0,0.35,1,134.9,79,45.5,11.08,15.0
f286ce9ca48f42afb9a5e910e8aefef6,0,61,1,0,0.2,1,234.2,76,61.0,10.84,13.9
cf1497e714394addad873ddf4fefe869,0,131,1,0,0.0,1,175.1,73,45.0,8.6,7.3
0b0f589ad159461b8f67f1c0e3d9c963,0,88,1,0,0.0,1,142.2,107,47.0,13.12,10.1
0c594554d0d34e0fa63ca0c48616e5b9,0,130,1,0,0.26,2,132.4,81,42.6,10.02,6.0
d5cdc69d08a0469a9f4a65984c032d19,0,89,1,1,1.59,0,97.8,98,50.9,10.36,5.9
b32df8fc6e5540ef86569fdec95f6365,1,82,1,0,0.0,3,266.9,83,65.0,11.49,11.0
2cda9fb47a8441379b62b146f2a649fd,0,138,1,1,2.62,3,155.2,139,76.2,13.42,9.7
28d4d3e284fa410a9ae95895ecde9bd9,0,115,1,0,0.0,1,200.2,92,55.0,12.25,8.8
33719a9eb71842d08278fca08d6cb643,1,84,1,0,0.0,2,289.1,100,70.0,11.69,12.7
afaa4a900d58435694133a760ba65875,0,117,0,0,0.0,1,198.4,121,55.0,12.48,10.5
62b9a70325b74f4f94cd5c7a8ee7ddb0,0,60,1,0,0.0,2,180.3,67,49.0,10.4,12.8
4d7a231466c244579f58f9fb63c6be5d,0,62,1,0,0.0,2,86.3,84,35.0,11.94,12.5
37ba05c391ae47b19c0c76ce3c852b0d,1,133,1,0,0.0,2,295.0,141,70.0,11.18,12.9
db7b5260fffe4a04bc73a955dcb10643,0,131,1,0,0.28,3,240.9,108,58.8,8.37,14.7
65163420d673409eab59aa439672c3de,0,65,1,0,0.0,1,207.7,109,54.0,10.88,8.0
300201984a2f4011bbf7924d4f2fb333,0,120,1,1,0.0,1,128.5,115,36.0,8.19,0.0
9128f1df9c6641d6ac7f5f8d4b266015,0,142,1,1,2.38,1,224.4,114,74.8,7.3,8.8
617fcb77abab4f5ba8516832281c4eb7,0,134,1,0,0.0,2,164.9,115,39.0,6.33,10.0
23061c1c18764f2eb1bcfde719f836f8,0,87,1,0,0.0,2,238.0,97,55.0,8.23,10.6
c875efa5d6b9451896960d5c91168453,0,139,1,1,2.24,2,231.0,85,81.4,11.12,8.3
f9a9eb989ace43a2939761466e6ccfa3,1,76,1,0,0.0,4,107.3,140,39.0,11.91,10.0
7bf7c9793c5344a893d80210e9556aba,0,100,1,0,0.0,1,185.0,122,47.0,9.13,5.1
83760a951695497dbf60808a56a2d8fc,0,99,1,1,2.08,3,244.1,71,79.8,10.17,7.7
b87a989ee43948d78fc0ff636d333d28,0,99,1,0,0.0,3,238.4,96,62.0,12.33,12.4
c1c06a305059405893371a6bd19fdcef,0,48,1,1,3.56,1,141.1,109,79.6,11.24,13.2
277dd89cf78b488bb5dbc32c23c0f5ce,0,57,1,0,0.0,0,158.1,117,37.0,5.76,11.8
8212dcb21a9748c1aec5e9b095551489,0,106,1,1,3.54,0,220.1,105,92.4,11.11,13.1
aceed98d59d54e98931db7694915c6ba,1,170,1,1,2.94,4,199.5,119,75.4,6.75,10.9
7fedb0fab75349a08ed578d360505d69,0,78,1,0,0.17,1,109.5,105,44.7,14.31,4.9
ad8dffcabfc749448b776b5b2aaee52c,0,39,1,0,0.0,1,187.2,110,42.0,5.74,13.2
f99c16846d474425b775ea4f1bcdd10c,0,127,1,0,0.0,0,107.9,128,35.0,9.35,0.0
d5bea7fee8084bcca1449ed2aa32a0b9,1,119,0,1,3.75,1,172.1,119,86.5,11.18,13.9
3553652ae7e04a23a466f0d431ae655a,0,114,1,0,0.12,1,203.8,85,44.2,4.39,11.7
f5a207ca303147b5bbf725aaca3cd71a,0,95,1,0,0.0,0,160.0,133,46.0,10.77,9.1
b7b83bb439284d97940c9a71e0704ee9,0,116,1,0,0.0,1,51.1,106,27.0,10.43,12.3
716a6f609e614409a6b12459547bfbf1,0,110,1,0,0.0,1,227.7,88,54.0,8.5,11.7
6c38b37fbe4a4b68ab1ba0e38375d99d,0,74,1,0,0.0,1,203.8,77,53.0,10.26,9.0
808dc67367ae46498699fe39fd4b44b3,0,148,1,1,3.05,1,241.7,84,86.5,8.29,11.3
9e9fae6ca7d3404994806fbe7df9660e,0,83,1,0,0.0,1,78.1,70,34.0,11.97,12.3
51cb7c948ed34fada1b464666ed08eaa,0,73,1,0,0.0,2,187.8,95,45.0,7.46,11.0
7acdb3eeb1034f0d8301264f23dd4415,0,111,1,1,1.92,1,127.1,94,61.2,11.42,7.1
4c835495981f4a10adafbda9ced9012a,1,84,1,0,0.0,0,280.0,113,65.0,10.11,10.4
0c497f6529f5406eae554cbe02e96a0b,0,75,0,0,0.29,1,153.2,78,46.9,10.54,7.8
befc5e2286c640d7a581096b76ad722c,0,114,1,1,3.11,2,137.1,88,68.1,7.79,11.5
0f95fc8bad3b4394b3bedf270e2345a7,1,71,0,0,0.0,4,186.1,114,49.0,9.93,13.8
bb590e329c934da787192b08363bb6b9,0,58,1,1,3.11,2,224.1,127,90.1,11.94,11.5
0b60618f146c43bc8a11f33fd6b6a269,0,106,1,1,2.19,1,83.6,131,53.9,10.2,8.1
1dce6e6b1e804525a7064da2d12dd7bd,0,172,1,0,0.0,4,203.9,109,55.0,11.7,17.8
f56d933a658941678b94fa1249c93ced,0,45,1,0,0.0,1,211.3,87,50.0,8.29,13.3
a76708e2884641ec879dcb90d38f2911,0,100,0,0,0.0,4,219.4,112,57.0,11.29,12.0
5fb76fb6c28c49b181bcc368a0fffbe1,0,94,1,0,0.21,2,190.4,91,43.1,4.6,13.6
6c5b7d09cc5347a4bdcd4e7bde22cb0a,0,128,1,0,0.0,2,147.7,94,50.0,14.17,6.9
a879e3e0738c43b0b0033d2622d9db43,0,181,1,0,0.26,2,229.9,130,54.6,7.22,14.2
9eeeee6dd27f4d08bf8ca2363b4a1dd2,0,127,1,0,0.0,1,102.8,128,30.0,7.19,10.0
9e77df5cbbaf447686d703b6a31b801b,0,89,1,0,0.29,1,178.7,81,53.9,11.69,9.1
b6955074efb04da0bf5e5ba1dc5a44b5,0,149,1,1,1.76,0,148.5,106,52.6,5.73,6.5
b2448255dc944cb1ac22edbfe10fc089,0,103,1,1,3.32,0,164.1,111,80.2,10.96,12.3
9d1ef3785aed4cd5993a027c04afa01a,0,163,0,0,0.0,1,197.2,90,50.0,9.43,7.8
10eb2f5d0d614a968ee6f4ed3500a1d4,0,52,1,0,0.34,2,124.9,131,50.4,15.03,11.6
3373bc4d0f4e4be299f37a6f4025cb56,0,89,1,0,0.25,3,115.4,99,40.5,10.5,15.9
43a261bbaa274b458186e9bd34f9fe0d,1,122,0,0,0.3,4,140.0,101,44.0,9.82,9.7
6f3d83dc54b146f4a2f1d6087704fdf5,0,60,1,0,0.0,3,193.9,118,41.0,4.25,13.2
ed6c0e78bafb4828abfd09733a4e3763,1,62,1,0,0.0,4,321.1,105,78.0,13.28,11.5
70dfd8c84c90444fb78923378f571337,1,117,1,0,0.39,5,118.4,126,45.9,12.47,13.6
a9e52099cddb43b7a72a69cfe17856da,0,159,1,0,0.0,1,169.8,114,46.0,9.89,11.6
dab6b5caa3e346a9bbbe7231f26e91b3,0,78,1,0,0.23,2,193.4,99,45.3,5.85,9.3
8296984355674858938725b28db6bc47,0,96,1,0,0.36,1,106.6,128,46.6,14.24,14.9
a6aac90420bc4310af6a5453a739f9c7,0,79,1,0,0.0,2,134.7,98,40.0,9.49,11.8
1e1f71172e2f42438c3015985e33909d,0,192,1,1,2.67,2,156.2,77,71.7,10.78,9.9
9b19d97e0436406f9e3469983cbac5ae,0,68,1,0,0.34,3,231.1,57,56.4,7.67,9.6
dcf593aef8dc4df5a16deb39947b5d7e,0,28,1,0,0.0,2,180.8,109,56.0,14.44,14.1
3364f5617e0f43b59422db0f86a2c73f,0,184,0,0,0.0,2,213.8,105,50.0,7.98,5.0
92e993f7c4c74313a947fe61356b78d7,0,74,1,1,3.7,0,234.4,113,100.0,13.3,13.7
